0 verbose cli C:\Program Files\nodejs\node.exe C:\Program Files\nodejs\node_modules\npm\bin\npm-cli.js
1 info using npm@11.6.2
2 info using node@v24.12.0
3 silly config load:file:C:\Program Files\nodejs\node_modules\npm\npmrc
4 silly config load:file:C:\Users\ASUS\Documents\Codex\2026-07-06\https-www-lakesidehotel-co-uk\.npmrc
5 silly config load:file:C:\Users\ASUS\.npmrc
6 silly config load:file:C:\Users\ASUS\AppData\Roaming\npm\etc\npmrc
7 verbose title npm install
8 verbose argv "install" "--cache" ".\\work\\npm-cache"
9 verbose logfile logs-max:10 dir:C:\Users\ASUS\Documents\Codex\2026-07-06\https-www-lakesidehotel-co-uk\work\npm-cache\_logs\2026-07-05T19_58_27_565Z-
10 verbose logfile C:\Users\ASUS\Documents\Codex\2026-07-06\https-www-lakesidehotel-co-uk\work\npm-cache\_logs\2026-07-05T19_58_27_565Z-debug-0.log
11 silly logfile done cleaning log files
12 silly packumentCache heap:4496293888 maxSize:1124073472 maxEntrySize:562036736
13 silly idealTree buildDeps
14 silly fetch manifest lucide-react@^0.468.0
15 silly packumentCache full:https://registry.npmjs.org/lucide-react cache-miss
16 http fetch GET 200 https://registry.npmjs.org/npm 152ms
17 http fetch GET 200 https://registry.npmjs.org/lucide-react 448ms (cache miss)
18 silly packumentCache full:https://registry.npmjs.org/lucide-react set size:undefined disposed:false
19 silly fetch manifest react@^19.0.0
20 silly packumentCache full:https://registry.npmjs.org/react cache-miss
21 http fetch GET 200 https://registry.npmjs.org/react 155ms (cache miss)
22 silly packumentCache full:https://registry.npmjs.org/react set size:undefined disposed:false
23 silly fetch manifest next@^15.0.0
24 silly packumentCache full:https://registry.npmjs.org/next cache-miss
25 http fetch GET 200 https://registry.npmjs.org/next 474ms (cache miss)
26 silly packumentCache full:https://registry.npmjs.org/next set size:undefined disposed:false
27 silly fetch manifest @opentelemetry/api@^1.1.0
28 silly packumentCache full:https://registry.npmjs.org/@opentelemetry%2fapi cache-miss
29 http fetch GET 200 https://registry.npmjs.org/@opentelemetry%2fapi 55ms (cache miss)
30 silly packumentCache full:https://registry.npmjs.org/@opentelemetry%2fapi set size:undefined disposed:false
31 silly fetch manifest @playwright/test@^1.51.1
32 silly packumentCache full:https://registry.npmjs.org/@playwright%2ftest cache-miss
33 http fetch GET 200 https://registry.npmjs.org/@playwright%2ftest 194ms (cache miss)
34 silly packumentCache full:https://registry.npmjs.org/@playwright%2ftest set size:undefined disposed:false
35 silly fetch manifest babel-plugin-react-compiler@*
36 silly packumentCache full:https://registry.npmjs.org/babel-plugin-react-compiler cache-miss
37 http fetch GET 200 https://registry.npmjs.org/babel-plugin-react-compiler 54ms (cache miss)
38 silly packumentCache full:https://registry.npmjs.org/babel-plugin-react-compiler set size:undefined disposed:false
39 silly fetch manifest react-dom@^19.0.0
40 silly packumentCache full:https://registry.npmjs.org/react-dom cache-miss
41 http fetch GET 200 https://registry.npmjs.org/react-dom 180ms (cache miss)
42 silly packumentCache full:https://registry.npmjs.org/react-dom set size:undefined disposed:false
43 silly fetch manifest sass@^1.3.0
44 silly packumentCache full:https://registry.npmjs.org/sass cache-miss
45 http fetch GET 200 https://registry.npmjs.org/sass 57ms (cache miss)
46 silly packumentCache full:https://registry.npmjs.org/sass set size:undefined disposed:false
47 silly fetch manifest @types/node@^22.10.0
48 silly packumentCache full:https://registry.npmjs.org/@types%2fnode cache-miss
49 http fetch GET 200 https://registry.npmjs.org/@types%2fnode 240ms (cache miss)
50 silly packumentCache full:https://registry.npmjs.org/@types%2fnode set size:undefined disposed:false
51 silly fetch manifest @types/react@^19.0.0
52 silly packumentCache full:https://registry.npmjs.org/@types%2freact cache-miss
53 http fetch GET 200 https://registry.npmjs.org/@types%2freact 110ms (cache miss)
54 silly packumentCache full:https://registry.npmjs.org/@types%2freact set size:undefined disposed:false
55 silly fetch manifest @types/react-dom@^19.0.0
56 silly packumentCache full:https://registry.npmjs.org/@types%2freact-dom cache-miss
57 http fetch GET 200 https://registry.npmjs.org/@types%2freact-dom 52ms (cache miss)
58 silly packumentCache full:https://registry.npmjs.org/@types%2freact-dom set size:undefined disposed:false
59 silly fetch manifest autoprefixer@^10.4.20
60 silly packumentCache full:https://registry.npmjs.org/autoprefixer cache-miss
61 http fetch GET 200 https://registry.npmjs.org/autoprefixer 69ms (cache miss)
62 silly packumentCache full:https://registry.npmjs.org/autoprefixer set size:undefined disposed:false
63 silly fetch manifest postcss@^8.4.49
64 silly packumentCache full:https://registry.npmjs.org/postcss cache-miss
65 http fetch GET 200 https://registry.npmjs.org/postcss 55ms (cache miss)
66 silly packumentCache full:https://registry.npmjs.org/postcss set size:undefined disposed:false
67 silly fetch manifest eslint@^9.15.0
68 silly packumentCache full:https://registry.npmjs.org/eslint cache-miss
69 http fetch GET 200 https://registry.npmjs.org/eslint 72ms (cache miss)
70 silly packumentCache full:https://registry.npmjs.org/eslint set size:undefined disposed:false
71 silly fetch manifest jiti@*
72 silly packumentCache full:https://registry.npmjs.org/jiti cache-miss
73 http fetch GET 200 https://registry.npmjs.org/jiti 37ms (cache miss)
74 silly packumentCache full:https://registry.npmjs.org/jiti set size:undefined disposed:false
75 silly fetch manifest eslint-config-next@^15.0.0
76 silly packumentCache full:https://registry.npmjs.org/eslint-config-next cache-miss
77 http fetch GET 200 https://registry.npmjs.org/eslint-config-next 150ms (cache miss)
78 silly packumentCache full:https://registry.npmjs.org/eslint-config-next set size:undefined disposed:false
79 silly fetch manifest typescript@^5.7.2
80 silly packumentCache full:https://registry.npmjs.org/typescript cache-miss
81 http fetch GET 200 https://registry.npmjs.org/typescript 238ms (cache miss)
82 silly packumentCache full:https://registry.npmjs.org/typescript set size:undefined disposed:false
83 silly fetch manifest tailwindcss@^3.4.16
84 silly packumentCache full:https://registry.npmjs.org/tailwindcss cache-miss
85 http fetch GET 200 https://registry.npmjs.org/tailwindcss 186ms (cache miss)
86 silly packumentCache full:https://registry.npmjs.org/tailwindcss set size:undefined disposed:false
87 silly placeDep ROOT @types/node@22.20.0 OK for: jiana-suites-website@0.1.0 want: ^22.10.0
88 silly placeDep ROOT @types/react@19.2.17 OK for: jiana-suites-website@0.1.0 want: ^19.0.0
89 silly placeDep ROOT @types/react-dom@19.2.3 OK for: jiana-suites-website@0.1.0 want: ^19.0.0
90 silly placeDep ROOT autoprefixer@10.5.2 OK for: jiana-suites-website@0.1.0 want: ^10.4.20
91 silly placeDep ROOT postcss@8.5.16 OK for: autoprefixer@10.5.2 want: ^8.1.0
92 silly placeDep ROOT eslint@9.39.4 OK for: jiana-suites-website@0.1.0 want: ^9.15.0
93 silly placeDep ROOT eslint-config-next@15.5.20 OK for: jiana-suites-website@0.1.0 want: ^15.0.0
94 silly placeDep ROOT lucide-react@0.468.0 OK for: jiana-suites-website@0.1.0 want: ^0.468.0
95 silly placeDep ROOT react@19.2.7 OK for: lucide-react@0.468.0 want: ^16.5.1 || ^17.0.0 || ^18.0.0 || ^19.0.0-rc
96 silly placeDep ROOT next@15.5.20 OK for: jiana-suites-website@0.1.0 want: ^15.0.0
97 silly placeDep ROOT react-dom@19.2.7 OK for: next@15.5.20 want: ^18.2.0 || 19.0.0-rc-de68d2f4-20241204 || ^19.0.0
98 silly placeDep ROOT tailwindcss@3.4.19 OK for: jiana-suites-website@0.1.0 want: ^3.4.16
99 silly placeDep ROOT typescript@5.9.3 OK for: jiana-suites-website@0.1.0 want: ^5.7.2
100 silly fetch manifest undici-types@~6.21.0
101 silly packumentCache full:https://registry.npmjs.org/undici-types cache-miss
102 silly fetch manifest csstype@^3.2.2
103 silly packumentCache full:https://registry.npmjs.org/csstype cache-miss
104 silly fetch manifest picocolors@^1.1.1
105 silly packumentCache full:https://registry.npmjs.org/picocolors cache-miss
106 silly fetch manifest fraction.js@^5.3.4
107 silly packumentCache full:https://registry.npmjs.org/fraction.js cache-miss
108 silly fetch manifest browserslist@^4.28.4
109 silly packumentCache full:https://registry.npmjs.org/browserslist cache-miss
110 silly fetch manifest caniuse-lite@^1.0.30001799
111 silly packumentCache full:https://registry.npmjs.org/caniuse-lite cache-miss
112 silly fetch manifest postcss-value-parser@^4.2.0
113 silly packumentCache full:https://registry.npmjs.org/postcss-value-parser cache-miss
114 silly fetch manifest nanoid@^3.3.12
115 silly packumentCache full:https://registry.npmjs.org/nanoid cache-miss
116 silly fetch manifest picocolors@^1.1.1
117 silly packumentCache full:https://registry.npmjs.org/picocolors cache-miss
118 silly fetch manifest source-map-js@^1.2.1
119 silly packumentCache full:https://registry.npmjs.org/source-map-js cache-miss
120 silly fetch manifest ajv@^6.14.0
121 silly packumentCache full:https://registry.npmjs.org/ajv cache-miss
122 http fetch GET 200 https://registry.npmjs.org/undici-types 114ms (cache miss)
123 silly packumentCache full:https://registry.npmjs.org/undici-types set size:undefined disposed:false
124 silly fetch manifest chalk@^4.0.0
125 silly packumentCache full:https://registry.npmjs.org/chalk cache-miss
126 http fetch GET 200 https://registry.npmjs.org/picocolors 128ms (cache miss)
127 silly packumentCache full:https://registry.npmjs.org/picocolors set size:undefined disposed:false
128 silly fetch manifest debug@^4.3.2
129 silly packumentCache full:https://registry.npmjs.org/debug cache-miss
130 http fetch GET 200 https://registry.npmjs.org/picocolors 145ms (cache miss)
131 silly packumentCache full:https://registry.npmjs.org/picocolors set size:undefined disposed:false
132 silly fetch manifest espree@^10.4.0
133 silly packumentCache full:https://registry.npmjs.org/espree cache-miss
134 http fetch GET 200 https://registry.npmjs.org/source-map-js 154ms (cache miss)
135 silly packumentCache full:https://registry.npmjs.org/source-map-js set size:undefined disposed:false
136 silly fetch manifest ignore@^5.2.0
137 silly packumentCache full:https://registry.npmjs.org/ignore cache-miss
138 http fetch GET 200 https://registry.npmjs.org/chalk 101ms (cache miss)
139 silly packumentCache full:https://registry.npmjs.org/chalk set size:undefined disposed:false
140 silly fetch manifest esquery@^1.5.0
141 silly packumentCache full:https://registry.npmjs.org/esquery cache-miss
142 http fetch GET 200 https://registry.npmjs.org/postcss-value-parser 227ms (cache miss)
143 silly packumentCache full:https://registry.npmjs.org/postcss-value-parser set size:undefined disposed:false
144 silly fetch manifest esutils@^2.0.2
145 silly packumentCache full:https://registry.npmjs.org/esutils cache-miss
146 http fetch GET 200 https://registry.npmjs.org/browserslist 232ms (cache miss)
147 silly packumentCache full:https://registry.npmjs.org/browserslist set size:undefined disposed:false
148 silly fetch manifest find-up@^5.0.0
149 silly packumentCache full:https://registry.npmjs.org/find-up cache-miss
150 http fetch GET 200 https://registry.npmjs.org/debug 137ms (cache miss)
151 silly packumentCache full:https://registry.npmjs.org/debug set size:undefined disposed:false
152 silly fetch manifest is-glob@^4.0.0
153 silly packumentCache full:https://registry.npmjs.org/is-glob cache-miss
154 http fetch GET 200 https://registry.npmjs.org/espree 130ms (cache miss)
155 silly packumentCache full:https://registry.npmjs.org/espree set size:undefined disposed:false
156 silly fetch manifest minimatch@^3.1.5
157 silly packumentCache full:https://registry.npmjs.org/minimatch cache-miss
158 http fetch GET 200 https://registry.npmjs.org/esquery 83ms (cache miss)
159 silly packumentCache full:https://registry.npmjs.org/esquery set size:undefined disposed:false
160 silly fetch manifest @eslint/js@9.39.4
161 silly packumentCache full:https://registry.npmjs.org/@eslint%2fjs cache-miss
162 http fetch GET 200 https://registry.npmjs.org/nanoid 309ms (cache miss)
163 silly packumentCache full:https://registry.npmjs.org/nanoid set size:undefined disposed:false
164 silly fetch manifest optionator@^0.9.3
165 silly packumentCache full:https://registry.npmjs.org/optionator cache-miss
166 http fetch GET 200 https://registry.npmjs.org/find-up 86ms (cache miss)
167 silly packumentCache full:https://registry.npmjs.org/find-up set size:undefined disposed:false
168 silly fetch manifest cross-spawn@^7.0.6
169 silly packumentCache full:https://registry.npmjs.org/cross-spawn cache-miss
170 http fetch GET 200 https://registry.npmjs.org/esutils 98ms (cache miss)
171 silly packumentCache full:https://registry.npmjs.org/esutils set size:undefined disposed:false
172 silly fetch manifest glob-parent@^6.0.2
173 silly packumentCache full:https://registry.npmjs.org/glob-parent cache-miss
174 http fetch GET 200 https://registry.npmjs.org/ignore 176ms (cache miss)
175 silly packumentCache full:https://registry.npmjs.org/ignore set size:undefined disposed:false
176 silly fetch manifest imurmurhash@^0.1.4
177 silly packumentCache full:https://registry.npmjs.org/imurmurhash cache-miss
178 http fetch GET 200 https://registry.npmjs.org/is-glob 87ms (cache miss)
179 silly packumentCache full:https://registry.npmjs.org/is-glob set size:undefined disposed:false
180 silly fetch manifest @eslint/core@^0.17.0
181 silly packumentCache full:https://registry.npmjs.org/@eslint%2fcore cache-miss
182 http fetch GET 200 https://registry.npmjs.org/csstype 373ms (cache miss)
183 silly packumentCache full:https://registry.npmjs.org/csstype set size:undefined disposed:false
184 silly fetch manifest eslint-scope@^8.4.0
185 silly packumentCache full:https://registry.npmjs.org/eslint-scope cache-miss
186 http fetch GET 200 https://registry.npmjs.org/optionator 65ms (cache miss)
187 silly packumentCache full:https://registry.npmjs.org/optionator set size:undefined disposed:false
188 silly fetch manifest lodash.merge@^4.6.2
189 silly packumentCache full:https://registry.npmjs.org/lodash.merge cache-miss
190 http fetch GET 200 https://registry.npmjs.org/ajv 391ms (cache miss)
191 silly packumentCache full:https://registry.npmjs.org/ajv set size:undefined disposed:false
192 silly fetch manifest @humanfs/node@^0.16.6
193 silly packumentCache full:https://registry.npmjs.org/@humanfs%2fnode cache-miss
194 http fetch GET 200 https://registry.npmjs.org/glob-parent 83ms (cache miss)
195 silly packumentCache full:https://registry.npmjs.org/glob-parent set size:undefined disposed:false
196 silly fetch manifest @types/estree@^1.0.6
197 silly packumentCache full:https://registry.npmjs.org/@types%2festree cache-miss
198 http fetch GET 200 https://registry.npmjs.org/cross-spawn 92ms (cache miss)
199 silly packumentCache full:https://registry.npmjs.org/cross-spawn set size:undefined disposed:false
200 silly fetch manifest fast-deep-equal@^3.1.3
201 silly packumentCache full:https://registry.npmjs.org/fast-deep-equal cache-miss
202 http fetch GET 200 https://registry.npmjs.org/imurmurhash 86ms (cache miss)
203 silly packumentCache full:https://registry.npmjs.org/imurmurhash set size:undefined disposed:false
204 silly fetch manifest natural-compare@^1.4.0
205 silly packumentCache full:https://registry.npmjs.org/natural-compare cache-miss
206 http fetch GET 200 https://registry.npmjs.org/minimatch 148ms (cache miss)
207 silly packumentCache full:https://registry.npmjs.org/minimatch set size:undefined disposed:false
208 silly fetch manifest @eslint/eslintrc@^3.3.5
209 silly packumentCache full:https://registry.npmjs.org/@eslint%2feslintrc cache-miss
210 http fetch GET 200 https://registry.npmjs.org/eslint-scope 79ms (cache miss)
211 silly packumentCache full:https://registry.npmjs.org/eslint-scope set size:undefined disposed:false
212 silly fetch manifest file-entry-cache@^8.0.0
213 silly packumentCache full:https://registry.npmjs.org/file-entry-cache cache-miss
214 http fetch GET 200 https://registry.npmjs.org/lodash.merge 75ms (cache miss)
215 silly packumentCache full:https://registry.npmjs.org/lodash.merge set size:undefined disposed:false
216 silly fetch manifest @eslint/plugin-kit@^0.4.1
217 silly packumentCache full:https://registry.npmjs.org/@eslint%2fplugin-kit cache-miss
218 http fetch GET 200 https://registry.npmjs.org/fraction.js 469ms (cache miss)
219 silly packumentCache full:https://registry.npmjs.org/fraction.js set size:undefined disposed:false
220 silly fetch manifest eslint-visitor-keys@^4.2.1
221 silly packumentCache full:https://registry.npmjs.org/eslint-visitor-keys cache-miss
222 http fetch GET 200 https://registry.npmjs.org/natural-compare 49ms (cache miss)
223 silly packumentCache full:https://registry.npmjs.org/natural-compare set size:undefined disposed:false
224 silly fetch manifest @eslint/config-array@^0.21.2
225 silly packumentCache full:https://registry.npmjs.org/@eslint%2fconfig-array cache-miss
226 http fetch GET 200 https://registry.npmjs.org/@types%2festree 64ms (cache miss)
227 silly packumentCache full:https://registry.npmjs.org/@types%2festree set size:undefined disposed:false
228 silly fetch manifest @humanwhocodes/retry@^0.4.2
229 silly packumentCache full:https://registry.npmjs.org/@humanwhocodes%2fretry cache-miss
230 http fetch GET 200 https://registry.npmjs.org/fast-deep-equal 59ms (cache miss)
231 silly packumentCache full:https://registry.npmjs.org/fast-deep-equal set size:undefined disposed:false
232 silly fetch manifest escape-string-regexp@^4.0.0
233 silly packumentCache full:https://registry.npmjs.org/escape-string-regexp cache-miss
234 http fetch GET 200 https://registry.npmjs.org/caniuse-lite 607ms (cache miss)
235 silly packumentCache full:https://registry.npmjs.org/caniuse-lite set size:undefined disposed:false
236 silly fetch manifest @eslint/config-helpers@^0.4.2
237 silly packumentCache full:https://registry.npmjs.org/@eslint%2fconfig-helpers cache-miss
238 http fetch GET 200 https://registry.npmjs.org/file-entry-cache 173ms (cache miss)
239 silly packumentCache full:https://registry.npmjs.org/file-entry-cache set size:undefined disposed:false
240 silly fetch manifest @eslint-community/regexpp@^4.12.1
241 silly packumentCache full:https://registry.npmjs.org/@eslint-community%2fregexpp cache-miss
242 http fetch GET 200 https://registry.npmjs.org/eslint-visitor-keys 165ms (cache miss)
243 silly packumentCache full:https://registry.npmjs.org/eslint-visitor-keys set size:undefined disposed:false
244 silly fetch manifest @eslint-community/eslint-utils@^4.8.0
245 silly packumentCache full:https://registry.npmjs.org/@eslint-community%2feslint-utils cache-miss
246 http fetch GET 200 https://registry.npmjs.org/@eslint%2feslintrc 202ms (cache miss)
247 silly packumentCache full:https://registry.npmjs.org/@eslint%2feslintrc set size:undefined disposed:false
248 silly fetch manifest @humanwhocodes/module-importer@^1.0.1
249 silly packumentCache full:https://registry.npmjs.org/@humanwhocodes%2fmodule-importer cache-miss
250 http fetch GET 200 https://registry.npmjs.org/escape-string-regexp 161ms (cache miss)
251 silly packumentCache full:https://registry.npmjs.org/escape-string-regexp set size:undefined disposed:false
252 silly fetch manifest json-stable-stringify-without-jsonify@^1.0.1
253 silly packumentCache full:https://registry.npmjs.org/json-stable-stringify-without-jsonify cache-miss
254 http fetch GET 200 https://registry.npmjs.org/@eslint%2fcore 288ms (cache miss)
255 silly packumentCache full:https://registry.npmjs.org/@eslint%2fcore set size:undefined disposed:false
256 silly fetch manifest eslint-plugin-react@^7.37.0
257 silly packumentCache full:https://registry.npmjs.org/eslint-plugin-react cache-miss
258 http fetch GET 200 https://registry.npmjs.org/json-stable-stringify-without-jsonify 34ms (cache miss)
259 silly packumentCache full:https://registry.npmjs.org/json-stable-stringify-without-jsonify set size:undefined disposed:false
260 silly fetch manifest eslint-plugin-import@^2.31.0
261 silly packumentCache full:https://registry.npmjs.org/eslint-plugin-import cache-miss
262 http fetch GET 200 https://registry.npmjs.org/@eslint-community%2fregexpp 50ms (cache miss)
263 silly packumentCache full:https://registry.npmjs.org/@eslint-community%2fregexpp set size:undefined disposed:false
264 silly fetch manifest eslint-plugin-jsx-a11y@^6.10.0
265 silly packumentCache full:https://registry.npmjs.org/eslint-plugin-jsx-a11y cache-miss
266 http fetch GET 200 https://registry.npmjs.org/eslint-plugin-react 50ms (cache miss)
267 silly packumentCache full:https://registry.npmjs.org/eslint-plugin-react set size:undefined disposed:false
268 silly fetch manifest @rushstack/eslint-patch@^1.10.3
269 silly packumentCache full:https://registry.npmjs.org/@rushstack%2feslint-patch cache-miss
270 http fetch GET 200 https://registry.npmjs.org/@humanwhocodes%2fretry 245ms (cache miss)
271 silly packumentCache full:https://registry.npmjs.org/@humanwhocodes%2fretry set size:undefined disposed:false
272 silly fetch manifest @next/eslint-plugin-next@15.5.20
273 silly packumentCache full:https://registry.npmjs.org/@next%2feslint-plugin-next cache-miss
274 http fetch GET 200 https://registry.npmjs.org/eslint-plugin-import 49ms (cache miss)
275 silly packumentCache full:https://registry.npmjs.org/eslint-plugin-import set size:undefined disposed:false
276 silly fetch manifest @typescript-eslint/parser@^5.4.2 || ^6.0.0 || ^7.0.0 || ^8.0.0
277 silly packumentCache full:https://registry.npmjs.org/@typescript-eslint%2fparser cache-miss
278 http fetch GET 200 https://registry.npmjs.org/@eslint%2fconfig-array 288ms (cache miss)
279 silly packumentCache full:https://registry.npmjs.org/@eslint%2fconfig-array set size:undefined disposed:false
280 silly fetch manifest eslint-plugin-react-hooks@^5.0.0
281 silly packumentCache full:https://registry.npmjs.org/eslint-plugin-react-hooks cache-miss
282 http fetch GET 200 https://registry.npmjs.org/@eslint%2fjs 472ms (cache miss)
283 silly packumentCache full:https://registry.npmjs.org/@eslint%2fjs set size:undefined disposed:false
284 silly fetch manifest eslint-import-resolver-node@^0.3.6
285 silly packumentCache full:https://registry.npmjs.org/eslint-import-resolver-node cache-miss
286 http fetch GET 200 https://registry.npmjs.org/eslint-import-resolver-node 35ms (cache miss)
287 silly packumentCache full:https://registry.npmjs.org/eslint-import-resolver-node set size:undefined disposed:false
288 silly fetch manifest @typescript-eslint/eslint-plugin@^5.4.2 || ^6.0.0 || ^7.0.0 || ^8.0.0
289 silly packumentCache full:https://registry.npmjs.org/@typescript-eslint%2feslint-plugin cache-miss
290 http fetch GET 200 https://registry.npmjs.org/@humanwhocodes%2fmodule-importer 225ms (cache miss)
291 silly packumentCache full:https://registry.npmjs.org/@humanwhocodes%2fmodule-importer set size:undefined disposed:false
292 silly fetch manifest eslint-import-resolver-typescript@^3.5.2
293 silly packumentCache full:https://registry.npmjs.org/eslint-import-resolver-typescript cache-miss
294 http fetch GET 200 https://registry.npmjs.org/@eslint-community%2feslint-utils 289ms (cache miss)
295 silly packumentCache full:https://registry.npmjs.org/@eslint-community%2feslint-utils set size:undefined disposed:false
296 silly fetch manifest postcss@8.4.31
297 silly packumentCache full:https://registry.npmjs.org/postcss cache-miss
298 http fetch GET 200 https://registry.npmjs.org/eslint-import-resolver-typescript 67ms (cache miss)
299 silly packumentCache full:https://registry.npmjs.org/eslint-import-resolver-typescript set size:undefined disposed:false
300 silly fetch manifest @next/env@15.5.20
301 silly packumentCache full:https://registry.npmjs.org/@next%2fenv cache-miss
302 http cache https://registry.npmjs.org/postcss 41ms (cache hit)
303 silly packumentCache full:https://registry.npmjs.org/postcss set size:726591 disposed:false
304 silly fetch manifest styled-jsx@5.1.6
305 silly packumentCache full:https://registry.npmjs.org/styled-jsx cache-miss
306 http fetch GET 200 https://registry.npmjs.org/@eslint%2fplugin-kit 540ms (cache miss)
307 silly packumentCache full:https://registry.npmjs.org/@eslint%2fplugin-kit set size:undefined disposed:false
308 silly fetch manifest @swc/helpers@0.5.15
309 silly packumentCache full:https://registry.npmjs.org/@swc%2fhelpers cache-miss
310 http fetch GET 200 https://registry.npmjs.org/eslint-plugin-jsx-a11y 346ms (cache miss)
311 silly packumentCache full:https://registry.npmjs.org/eslint-plugin-jsx-a11y set size:undefined disposed:false
312 silly fetch manifest caniuse-lite@^1.0.30001579
313 silly packumentCache full:https://registry.npmjs.org/caniuse-lite cache-miss
314 http cache https://registry.npmjs.org/caniuse-lite 26ms (cache hit)
315 silly packumentCache full:https://registry.npmjs.org/caniuse-lite set size:2298935 disposed:false
316 silly fetch manifest sharp@^0.34.3
317 silly packumentCache full:https://registry.npmjs.org/sharp cache-miss
318 http fetch GET 200 https://registry.npmjs.org/styled-jsx 112ms (cache miss)
319 silly packumentCache full:https://registry.npmjs.org/styled-jsx set size:undefined disposed:false
320 silly fetch manifest @next/swc-darwin-x64@15.5.20
321 silly packumentCache full:https://registry.npmjs.org/@next%2fswc-darwin-x64 cache-miss
322 http fetch GET 200 https://registry.npmjs.org/@eslint%2fconfig-helpers 524ms (cache miss)
323 silly packumentCache full:https://registry.npmjs.org/@eslint%2fconfig-helpers set size:undefined disposed:false
324 silly fetch manifest @next/swc-darwin-arm64@15.5.20
325 silly packumentCache full:https://registry.npmjs.org/@next%2fswc-darwin-arm64 cache-miss
326 http fetch GET 200 https://registry.npmjs.org/@humanfs%2fnode 754ms (cache miss)
327 silly packumentCache full:https://registry.npmjs.org/@humanfs%2fnode set size:undefined disposed:false
328 silly fetch manifest @next/swc-linux-x64-gnu@15.5.20
329 silly packumentCache full:https://registry.npmjs.org/@next%2fswc-linux-x64-gnu cache-miss
330 http fetch GET 200 https://registry.npmjs.org/sharp 152ms (cache miss)
331 silly packumentCache full:https://registry.npmjs.org/sharp set size:undefined disposed:false
332 silly fetch manifest @next/swc-linux-x64-musl@15.5.20
333 silly packumentCache full:https://registry.npmjs.org/@next%2fswc-linux-x64-musl cache-miss
334 http fetch GET 200 https://registry.npmjs.org/eslint-plugin-react-hooks 522ms (cache miss)
335 silly packumentCache full:https://registry.npmjs.org/eslint-plugin-react-hooks set size:undefined disposed:false
336 silly fetch manifest @next/swc-win32-x64-msvc@15.5.20
337 silly packumentCache full:https://registry.npmjs.org/@next%2fswc-win32-x64-msvc cache-miss
338 http fetch GET 200 https://registry.npmjs.org/@rushstack%2feslint-patch 747ms (cache miss)
339 silly packumentCache full:https://registry.npmjs.org/@rushstack%2feslint-patch set size:undefined disposed:false
340 silly fetch manifest @next/swc-linux-arm64-gnu@15.5.20
341 silly packumentCache full:https://registry.npmjs.org/@next%2fswc-linux-arm64-gnu cache-miss
342 http fetch GET 200 https://registry.npmjs.org/@swc%2fhelpers 462ms (cache miss)
343 silly packumentCache full:https://registry.npmjs.org/@swc%2fhelpers set size:undefined disposed:false
344 silly fetch manifest @next/swc-linux-arm64-musl@15.5.20
345 silly packumentCache full:https://registry.npmjs.org/@next%2fswc-linux-arm64-musl cache-miss
346 http fetch GET 200 https://registry.npmjs.org/@typescript-eslint%2fparser 770ms (cache miss)
347 silly packumentCache full:https://registry.npmjs.org/@typescript-eslint%2fparser set size:undefined disposed:false
348 silly fetch manifest @next/swc-win32-arm64-msvc@15.5.20
349 silly packumentCache full:https://registry.npmjs.org/@next%2fswc-win32-arm64-msvc cache-miss
350 http fetch GET 200 https://registry.npmjs.org/@next%2fswc-darwin-x64 1801ms (cache miss)
351 silly packumentCache full:https://registry.npmjs.org/@next%2fswc-darwin-x64 set size:undefined disposed:false
352 silly fetch manifest scheduler@^0.27.0
353 silly packumentCache full:https://registry.npmjs.org/scheduler cache-miss
354 http fetch GET 200 https://registry.npmjs.org/@next%2fswc-linux-x64-gnu 1844ms (cache miss)
355 silly packumentCache full:https://registry.npmjs.org/@next%2fswc-linux-x64-gnu set size:undefined disposed:false
356 silly fetch manifest arg@^5.0.2
357 silly packumentCache full:https://registry.npmjs.org/arg cache-miss
358 http fetch GET 200 https://registry.npmjs.org/@next%2feslint-plugin-next 2386ms (cache miss)
359 silly packumentCache full:https://registry.npmjs.org/@next%2feslint-plugin-next set size:undefined disposed:false
360 silly fetch manifest dlv@^1.1.3
361 silly packumentCache full:https://registry.npmjs.org/dlv cache-miss
362 http fetch GET 200 https://registry.npmjs.org/arg 259ms (cache miss)
363 silly packumentCache full:https://registry.npmjs.org/arg set size:undefined disposed:false
364 silly fetch manifest jiti@^1.21.7
365 silly packumentCache full:https://registry.npmjs.org/jiti cache-miss
366 http cache https://registry.npmjs.org/jiti 13ms (cache hit)
367 silly packumentCache full:https://registry.npmjs.org/jiti set size:387989 disposed:false
368 silly fetch manifest is-glob@^4.0.3
369 silly packumentCache full:https://registry.npmjs.org/is-glob cache-miss
370 http cache https://registry.npmjs.org/is-glob 11ms (cache hit)
371 silly packumentCache full:https://registry.npmjs.org/is-glob set size:40530 disposed:false
372 silly fetch manifest resolve@^1.22.8
373 silly packumentCache full:https://registry.npmjs.org/resolve cache-miss
374 http fetch GET 200 https://registry.npmjs.org/resolve 38ms (cache miss)
375 silly packumentCache full:https://registry.npmjs.org/resolve set size:undefined disposed:false
376 silly fetch manifest sucrase@^3.35.0
377 silly packumentCache full:https://registry.npmjs.org/sucrase cache-miss
378 http fetch GET 200 https://registry.npmjs.org/@next%2fswc-linux-arm64-gnu 1934ms (cache miss)
379 silly packumentCache full:https://registry.npmjs.org/@next%2fswc-linux-arm64-gnu set size:undefined disposed:false
380 silly fetch manifest chokidar@^3.6.0
381 silly packumentCache full:https://registry.npmjs.org/chokidar cache-miss
382 http fetch GET 200 https://registry.npmjs.org/dlv 295ms (cache miss)
383 silly packumentCache full:https://registry.npmjs.org/dlv set size:undefined disposed:false
384 silly fetch manifest fast-glob@^3.3.2
385 silly packumentCache full:https://registry.npmjs.org/fast-glob cache-miss
386 http fetch GET 200 https://registry.npmjs.org/fast-glob 260ms (cache miss)
387 silly packumentCache full:https://registry.npmjs.org/fast-glob set size:undefined disposed:false
388 silly fetch manifest lilconfig@^3.1.3
389 silly packumentCache full:https://registry.npmjs.org/lilconfig cache-miss
390 http fetch GET 200 https://registry.npmjs.org/@typescript-eslint%2feslint-plugin 3039ms (cache miss)
391 silly packumentCache full:https://registry.npmjs.org/@typescript-eslint%2feslint-plugin set size:undefined disposed:false
392 silly fetch manifest didyoumean@^1.2.2
393 silly packumentCache full:https://registry.npmjs.org/didyoumean cache-miss
394 http fetch GET 200 https://registry.npmjs.org/lilconfig 388ms (cache miss)
395 silly packumentCache full:https://registry.npmjs.org/lilconfig set size:undefined disposed:false
396 silly fetch manifest micromatch@^4.0.8
397 silly packumentCache full:https://registry.npmjs.org/micromatch cache-miss
398 http fetch GET 200 https://registry.npmjs.org/sucrase 743ms (cache miss)
399 silly packumentCache full:https://registry.npmjs.org/sucrase set size:undefined disposed:false
400 silly fetch manifest postcss-js@^4.0.1
401 silly packumentCache full:https://registry.npmjs.org/postcss-js cache-miss
402 http fetch GET 200 https://registry.npmjs.org/chokidar 717ms (cache miss)
403 silly packumentCache full:https://registry.npmjs.org/chokidar set size:undefined disposed:false
404 silly fetch manifest object-hash@^3.0.0
405 silly packumentCache full:https://registry.npmjs.org/object-hash cache-miss
406 http fetch GET 200 https://registry.npmjs.org/micromatch 59ms (cache miss)
407 silly packumentCache full:https://registry.npmjs.org/micromatch set size:undefined disposed:false
408 silly fetch manifest normalize-path@^3.0.0
409 silly packumentCache full:https://registry.npmjs.org/normalize-path cache-miss
410 http fetch GET 200 https://registry.npmjs.org/object-hash 63ms (cache miss)
411 silly packumentCache full:https://registry.npmjs.org/object-hash set size:undefined disposed:false
412 silly fetch manifest postcss-import@^15.1.0
413 silly packumentCache full:https://registry.npmjs.org/postcss-import cache-miss
414 http fetch GET 200 https://registry.npmjs.org/@next%2fswc-win32-x64-msvc 2880ms (cache miss)
415 silly packumentCache full:https://registry.npmjs.org/@next%2fswc-win32-x64-msvc set size:undefined disposed:false
416 silly fetch manifest postcss-nested@^6.2.0
417 silly packumentCache full:https://registry.npmjs.org/postcss-nested cache-miss
418 http fetch GET 200 https://registry.npmjs.org/normalize-path 88ms (cache miss)
419 silly packumentCache full:https://registry.npmjs.org/normalize-path set size:undefined disposed:false
420 silly fetch manifest @alloc/quick-lru@^5.2.0
421 silly packumentCache full:https://registry.npmjs.org/@alloc%2fquick-lru cache-miss
422 http fetch GET 200 https://registry.npmjs.org/@next%2fswc-linux-arm64-musl 2843ms (cache miss)
423 silly packumentCache full:https://registry.npmjs.org/@next%2fswc-linux-arm64-musl set size:undefined disposed:false
424 silly fetch manifest postcss-load-config@^4.0.2 || ^5.0 || ^6.0
425 silly packumentCache full:https://registry.npmjs.org/postcss-load-config cache-miss
426 http fetch GET 200 https://registry.npmjs.org/@next%2fenv 3424ms (cache miss)
427 silly packumentCache full:https://registry.npmjs.org/@next%2fenv set size:undefined disposed:false
428 silly fetch manifest postcss-selector-parser@^6.1.2
429 silly packumentCache full:https://registry.npmjs.org/postcss-selector-parser cache-miss
430 http fetch GET 200 https://registry.npmjs.org/didyoumean 376ms (cache miss)
431 silly packumentCache full:https://registry.npmjs.org/didyoumean set size:undefined disposed:false
432 http fetch GET 200 https://registry.npmjs.org/postcss-js 310ms (cache miss)
433 silly packumentCache full:https://registry.npmjs.org/postcss-js set size:undefined disposed:false
434 http fetch GET 200 https://registry.npmjs.org/postcss-import 299ms (cache miss)
435 silly packumentCache full:https://registry.npmjs.org/postcss-import set size:undefined disposed:false
436 http fetch GET 200 https://registry.npmjs.org/@alloc%2fquick-lru 257ms (cache miss)
437 silly packumentCache full:https://registry.npmjs.org/@alloc%2fquick-lru set size:undefined disposed:false
438 http fetch GET 200 https://registry.npmjs.org/postcss-nested 294ms (cache miss)
439 silly packumentCache full:https://registry.npmjs.org/postcss-nested set size:undefined disposed:false
440 http fetch GET 200 https://registry.npmjs.org/postcss-load-config 295ms (cache miss)
441 silly packumentCache full:https://registry.npmjs.org/postcss-load-config set size:undefined disposed:false
442 http fetch GET 200 https://registry.npmjs.org/postcss-selector-parser 278ms (cache miss)
443 silly packumentCache full:https://registry.npmjs.org/postcss-selector-parser set size:undefined disposed:false
444 http fetch GET 200 https://registry.npmjs.org/@next%2fswc-darwin-arm64 3572ms (cache miss)
445 silly packumentCache full:https://registry.npmjs.org/@next%2fswc-darwin-arm64 set size:undefined disposed:false
446 http fetch GET 200 https://registry.npmjs.org/scheduler 1853ms (cache miss)
447 silly packumentCache full:https://registry.npmjs.org/scheduler set size:undefined disposed:false
448 http fetch GET 200 https://registry.npmjs.org/@next%2fswc-win32-arm64-msvc 3232ms (cache miss)
449 silly packumentCache full:https://registry.npmjs.org/@next%2fswc-win32-arm64-msvc set size:undefined disposed:false
450 http fetch GET 200 https://registry.npmjs.org/@next%2fswc-linux-x64-musl 4454ms (cache miss)
451 silly packumentCache full:https://registry.npmjs.org/@next%2fswc-linux-x64-musl set size:undefined disposed:false
452 silly placeDep ROOT undici-types@6.21.0 OK for: @types/node@22.20.0 want: ~6.21.0
453 silly placeDep ROOT csstype@3.2.3 OK for: @types/react@19.2.17 want: ^3.2.2
454 silly placeDep ROOT browserslist@4.28.4 OK for: autoprefixer@10.5.2 want: ^4.28.4
455 silly placeDep ROOT caniuse-lite@1.0.30001800 OK for: autoprefixer@10.5.2 want: ^1.0.30001799
456 silly placeDep ROOT fraction.js@5.3.4 OK for: autoprefixer@10.5.2 want: ^5.3.4
457 silly placeDep ROOT picocolors@1.1.1 OK for: autoprefixer@10.5.2 want: ^1.1.1
458 silly placeDep ROOT postcss-value-parser@4.2.0 OK for: autoprefixer@10.5.2 want: ^4.2.0
459 silly fetch manifest node-releases@^2.0.48
460 silly packumentCache full:https://registry.npmjs.org/node-releases cache-miss
461 silly fetch manifest electron-to-chromium@^1.5.376
462 silly packumentCache full:https://registry.npmjs.org/electron-to-chromium cache-miss
463 silly fetch manifest update-browserslist-db@^1.2.3
464 silly packumentCache full:https://registry.npmjs.org/update-browserslist-db cache-miss
465 silly fetch manifest baseline-browser-mapping@^2.10.38
466 silly packumentCache full:https://registry.npmjs.org/baseline-browser-mapping cache-miss
467 http fetch GET 200 https://registry.npmjs.org/update-browserslist-db 86ms (cache miss)
468 silly packumentCache full:https://registry.npmjs.org/update-browserslist-db set size:undefined disposed:false
469 http fetch GET 200 https://registry.npmjs.org/node-releases 107ms (cache miss)
470 silly packumentCache full:https://registry.npmjs.org/node-releases set size:undefined disposed:false
471 http fetch GET 200 https://registry.npmjs.org/baseline-browser-mapping 119ms (cache miss)
472 silly packumentCache full:https://registry.npmjs.org/baseline-browser-mapping set size:undefined disposed:false
473 http fetch GET 200 https://registry.npmjs.org/electron-to-chromium 270ms (cache miss)
474 silly packumentCache full:https://registry.npmjs.org/electron-to-chromium set size:undefined disposed:false
475 silly fetch manifest browserslist@>= 4.21.0
476 silly packumentCache full:https://registry.npmjs.org/browserslist cache-miss
477 http cache https://registry.npmjs.org/browserslist 12ms (cache hit)
478 silly packumentCache full:https://registry.npmjs.org/browserslist set size:509301 disposed:false
479 silly placeDep ROOT baseline-browser-mapping@2.10.42 OK for: browserslist@4.28.4 want: ^2.10.38
480 silly placeDep ROOT electron-to-chromium@1.5.387 OK for: browserslist@4.28.4 want: ^1.5.376
481 silly placeDep ROOT node-releases@2.0.50 OK for: browserslist@4.28.4 want: ^2.0.48
482 silly placeDep ROOT update-browserslist-db@1.2.3 OK for: browserslist@4.28.4 want: ^1.2.3
483 silly fetch manifest escalade@^3.2.0
484 silly packumentCache full:https://registry.npmjs.org/escalade cache-miss
485 http fetch GET 200 https://registry.npmjs.org/escalade 32ms (cache miss)
486 silly packumentCache full:https://registry.npmjs.org/escalade set size:undefined disposed:false
487 silly fetch manifest eslint@^6.0.0 || ^7.0.0 || >=8.0.0
488 silly packumentCache full:https://registry.npmjs.org/eslint cache-miss
489 http cache https://registry.npmjs.org/eslint 19ms (cache hit)
490 silly packumentCache full:https://registry.npmjs.org/eslint set size:2019015 disposed:false
491 silly placeDep ROOT @eslint-community/eslint-utils@4.9.1 OK for: eslint@9.39.4 want: ^4.8.0
492 silly placeDep ROOT @eslint-community/regexpp@4.12.2 OK for: eslint@9.39.4 want: ^4.12.1
493 silly placeDep ROOT @eslint/config-array@0.21.2 OK for: eslint@9.39.4 want: ^0.21.2
494 silly placeDep ROOT @eslint/config-helpers@0.4.2 OK for: eslint@9.39.4 want: ^0.4.2
495 silly placeDep ROOT @eslint/core@0.17.0 OK for: eslint@9.39.4 want: ^0.17.0
496 silly placeDep ROOT @eslint/eslintrc@3.3.5 OK for: eslint@9.39.4 want: ^3.3.5
497 silly placeDep ROOT @eslint/js@9.39.4 OK for: eslint@9.39.4 want: 9.39.4
498 silly placeDep ROOT @eslint/plugin-kit@0.4.1 OK for: eslint@9.39.4 want: ^0.4.1
499 silly placeDep ROOT @humanfs/node@0.16.8 OK for: eslint@9.39.4 want: ^0.16.6
500 silly placeDep ROOT @humanwhocodes/module-importer@1.0.1 OK for: eslint@9.39.4 want: ^1.0.1
501 silly placeDep ROOT @humanwhocodes/retry@0.4.3 OK for: eslint@9.39.4 want: ^0.4.2
502 silly placeDep ROOT @types/estree@1.0.9 OK for: eslint@9.39.4 want: ^1.0.6
503 silly placeDep ROOT ajv@6.15.0 OK for: eslint@9.39.4 want: ^6.14.0
504 silly placeDep ROOT chalk@4.1.2 OK for: eslint@9.39.4 want: ^4.0.0
505 silly placeDep ROOT cross-spawn@7.0.6 OK for: eslint@9.39.4 want: ^7.0.6
506 silly placeDep ROOT debug@4.4.3 OK for: eslint@9.39.4 want: ^4.3.2
507 silly placeDep ROOT escape-string-regexp@4.0.0 OK for: eslint@9.39.4 want: ^4.0.0
508 silly placeDep ROOT eslint-scope@8.4.0 OK for: eslint@9.39.4 want: ^8.4.0
509 silly placeDep ROOT eslint-visitor-keys@4.2.1 OK for: eslint@9.39.4 want: ^4.2.1
510 silly placeDep ROOT espree@10.4.0 OK for: eslint@9.39.4 want: ^10.4.0
511 silly placeDep ROOT esquery@1.7.0 OK for: eslint@9.39.4 want: ^1.5.0
512 silly placeDep ROOT esutils@2.0.3 OK for: eslint@9.39.4 want: ^2.0.2
513 silly placeDep ROOT fast-deep-equal@3.1.3 OK for: eslint@9.39.4 want: ^3.1.3
514 silly placeDep ROOT file-entry-cache@8.0.0 OK for: eslint@9.39.4 want: ^8.0.0
515 silly placeDep ROOT find-up@5.0.0 OK for: eslint@9.39.4 want: ^5.0.0
516 silly placeDep ROOT glob-parent@6.0.2 OK for: eslint@9.39.4 want: ^6.0.2
517 silly placeDep ROOT ignore@5.3.2 OK for: eslint@9.39.4 want: ^5.2.0
518 silly placeDep ROOT imurmurhash@0.1.4 OK for: eslint@9.39.4 want: ^0.1.4
519 silly placeDep ROOT is-glob@4.0.3 OK for: eslint@9.39.4 want: ^4.0.0
520 silly placeDep ROOT json-stable-stringify-without-jsonify@1.0.1 OK for: eslint@9.39.4 want: ^1.0.1
521 silly placeDep ROOT lodash.merge@4.6.2 OK for: eslint@9.39.4 want: ^4.6.2
522 silly placeDep ROOT minimatch@3.1.5 OK for: eslint@9.39.4 want: ^3.1.5
523 silly placeDep ROOT natural-compare@1.4.0 OK for: eslint@9.39.4 want: ^1.4.0
524 silly placeDep ROOT optionator@0.9.4 OK for: eslint@9.39.4 want: ^0.9.3
525 silly fetch manifest eslint-visitor-keys@^3.4.3
526 silly packumentCache full:https://registry.npmjs.org/eslint-visitor-keys cache-miss
527 silly fetch manifest debug@^4.3.1
528 silly packumentCache full:https://registry.npmjs.org/debug cache-miss
529 silly fetch manifest @eslint/object-schema@^2.1.7
530 silly packumentCache full:https://registry.npmjs.org/@eslint%2fobject-schema cache-miss
531 silly fetch manifest @types/json-schema@^7.0.15
532 silly packumentCache full:https://registry.npmjs.org/@types%2fjson-schema cache-miss
533 silly fetch manifest espree@^10.0.1
534 silly packumentCache full:https://registry.npmjs.org/espree cache-miss
535 silly fetch manifest globals@^14.0.0
536 silly packumentCache full:https://registry.npmjs.org/globals cache-miss
537 silly fetch manifest import-fresh@^3.2.1
538 silly packumentCache full:https://registry.npmjs.org/import-fresh cache-miss
539 silly fetch manifest js-yaml@^4.1.1
540 silly packumentCache full:https://registry.npmjs.org/js-yaml cache-miss
541 silly fetch manifest strip-json-comments@^3.1.1
542 silly packumentCache full:https://registry.npmjs.org/strip-json-comments cache-miss
543 silly fetch manifest levn@^0.4.1
544 silly packumentCache full:https://registry.npmjs.org/levn cache-miss
545 silly fetch manifest @humanwhocodes/retry@^0.4.0
546 silly packumentCache full:https://registry.npmjs.org/@humanwhocodes%2fretry cache-miss
547 http cache https://registry.npmjs.org/eslint-visitor-keys 32ms (cache hit)
548 silly packumentCache full:https://registry.npmjs.org/eslint-visitor-keys set size:69949 disposed:false
549 silly fetch manifest @humanfs/core@^0.19.2
550 silly packumentCache full:https://registry.npmjs.org/@humanfs%2fcore cache-miss
551 http cache https://registry.npmjs.org/debug 36ms (cache hit)
552 silly packumentCache full:https://registry.npmjs.org/debug set size:195840 disposed:false
553 silly fetch manifest @humanfs/types@^0.15.0
554 silly packumentCache full:https://registry.npmjs.org/@humanfs%2ftypes cache-miss
555 http cache https://registry.npmjs.org/espree 46ms (cache hit)
556 silly packumentCache full:https://registry.npmjs.org/espree set size:326080 disposed:false
557 silly fetch manifest uri-js@^4.2.2
558 silly packumentCache full:https://registry.npmjs.org/uri-js cache-miss
559 http cache https://registry.npmjs.org/@humanwhocodes%2fretry 55ms (cache hit)
560 silly packumentCache full:https://registry.npmjs.org/@humanwhocodes%2fretry set size:42348 disposed:false
561 silly fetch manifest fast-deep-equal@^3.1.1
562 silly packumentCache full:https://registry.npmjs.org/fast-deep-equal cache-miss
563 http fetch GET 200 https://registry.npmjs.org/import-fresh 76ms (cache miss)
564 silly packumentCache full:https://registry.npmjs.org/import-fresh set size:undefined disposed:false
565 silly fetch manifest json-schema-traverse@^0.4.1
566 silly packumentCache full:https://registry.npmjs.org/json-schema-traverse cache-miss
567 http fetch GET 200 https://registry.npmjs.org/strip-json-comments 80ms (cache miss)
568 silly packumentCache full:https://registry.npmjs.org/strip-json-comments set size:undefined disposed:false
569 silly fetch manifest fast-json-stable-stringify@^2.0.0
570 silly packumentCache full:https://registry.npmjs.org/fast-json-stable-stringify cache-miss
571 http cache https://registry.npmjs.org/fast-deep-equal 25ms (cache hit)
572 silly packumentCache full:https://registry.npmjs.org/fast-deep-equal set size:48634 disposed:false
573 silly fetch manifest ansi-styles@^4.1.0
574 silly packumentCache full:https://registry.npmjs.org/ansi-styles cache-miss
575 http fetch GET 200 https://registry.npmjs.org/levn 90ms (cache miss)
576 silly packumentCache full:https://registry.npmjs.org/levn set size:undefined disposed:false
577 silly fetch manifest supports-color@^7.1.0
578 silly packumentCache full:https://registry.npmjs.org/supports-color cache-miss
579 http fetch GET 200 https://registry.npmjs.org/@types%2fjson-schema 99ms (cache miss)
580 silly packumentCache full:https://registry.npmjs.org/@types%2fjson-schema set size:undefined disposed:false
581 silly fetch manifest which@^2.0.1
582 silly packumentCache full:https://registry.npmjs.org/which cache-miss
583 http fetch GET 200 https://registry.npmjs.org/js-yaml 106ms (cache miss)
584 silly packumentCache full:https://registry.npmjs.org/js-yaml set size:undefined disposed:false
585 silly fetch manifest path-key@^3.1.0
586 silly packumentCache full:https://registry.npmjs.org/path-key cache-miss
587 http fetch GET 200 https://registry.npmjs.org/globals 123ms (cache miss)
588 silly packumentCache full:https://registry.npmjs.org/globals set size:undefined disposed:false
589 silly fetch manifest shebang-command@^2.0.0
590 silly packumentCache full:https://registry.npmjs.org/shebang-command cache-miss
591 http fetch GET 200 https://registry.npmjs.org/uri-js 88ms (cache miss)
592 silly packumentCache full:https://registry.npmjs.org/uri-js set size:undefined disposed:false
593 silly fetch manifest ms@^2.1.3
594 silly packumentCache full:https://registry.npmjs.org/ms cache-miss
595 http fetch GET 200 https://registry.npmjs.org/json-schema-traverse 74ms (cache miss)
596 silly packumentCache full:https://registry.npmjs.org/json-schema-traverse set size:undefined disposed:false
597 silly fetch manifest esrecurse@^4.3.0
598 silly packumentCache full:https://registry.npmjs.org/esrecurse cache-miss
599 http fetch GET 200 https://registry.npmjs.org/fast-json-stable-stringify 74ms (cache miss)
600 silly packumentCache full:https://registry.npmjs.org/fast-json-stable-stringify set size:undefined disposed:false
601 silly fetch manifest estraverse@^5.2.0
602 silly packumentCache full:https://registry.npmjs.org/estraverse cache-miss
603 http fetch GET 200 https://registry.npmjs.org/ansi-styles 80ms (cache miss)
604 silly packumentCache full:https://registry.npmjs.org/ansi-styles set size:undefined disposed:false
605 silly fetch manifest acorn@^8.15.0
606 silly packumentCache full:https://registry.npmjs.org/acorn cache-miss
607 http fetch GET 200 https://registry.npmjs.org/path-key 64ms (cache miss)
608 silly packumentCache full:https://registry.npmjs.org/path-key set size:undefined disposed:false
609 silly fetch manifest acorn-jsx@^5.3.2
610 silly packumentCache full:https://registry.npmjs.org/acorn-jsx cache-miss
611 http fetch GET 200 https://registry.npmjs.org/which 85ms (cache miss)
612 silly packumentCache full:https://registry.npmjs.org/which set size:undefined disposed:false
613 silly fetch manifest estraverse@^5.1.0
614 silly packumentCache full:https://registry.npmjs.org/estraverse cache-miss
615 http fetch GET 200 https://registry.npmjs.org/supports-color 95ms (cache miss)
616 silly packumentCache full:https://registry.npmjs.org/supports-color set size:undefined disposed:false
617 silly fetch manifest flat-cache@^4.0.0
618 silly packumentCache full:https://registry.npmjs.org/flat-cache cache-miss
619 http fetch GET 200 https://registry.npmjs.org/shebang-command 69ms (cache miss)
620 silly packumentCache full:https://registry.npmjs.org/shebang-command set size:undefined disposed:false
621 silly fetch manifest locate-path@^6.0.0
622 silly packumentCache full:https://registry.npmjs.org/locate-path cache-miss
623 http fetch GET 200 https://registry.npmjs.org/ms 76ms (cache miss)
624 silly packumentCache full:https://registry.npmjs.org/ms set size:undefined disposed:false
625 silly fetch manifest path-exists@^4.0.0
626 silly packumentCache full:https://registry.npmjs.org/path-exists cache-miss
627 http fetch GET 200 https://registry.npmjs.org/esrecurse 68ms (cache miss)
628 silly packumentCache full:https://registry.npmjs.org/esrecurse set size:undefined disposed:false
629 silly fetch manifest is-extglob@^2.1.1
630 silly packumentCache full:https://registry.npmjs.org/is-extglob cache-miss
631 http fetch GET 200 https://registry.npmjs.org/estraverse 72ms (cache miss)
632 silly packumentCache full:https://registry.npmjs.org/estraverse set size:undefined disposed:false
633 silly fetch manifest brace-expansion@^1.1.7
634 silly packumentCache full:https://registry.npmjs.org/brace-expansion cache-miss
635 http fetch GET 200 https://registry.npmjs.org/estraverse 62ms (cache miss)
636 silly packumentCache full:https://registry.npmjs.org/estraverse set size:undefined disposed:false
637 silly fetch manifest prelude-ls@^1.2.1
638 silly packumentCache full:https://registry.npmjs.org/prelude-ls cache-miss
639 http fetch GET 200 https://registry.npmjs.org/acorn-jsx 76ms (cache miss)
640 silly packumentCache full:https://registry.npmjs.org/acorn-jsx set size:undefined disposed:false
641 silly fetch manifest deep-is@^0.1.3
642 silly packumentCache full:https://registry.npmjs.org/deep-is cache-miss
643 http fetch GET 200 https://registry.npmjs.org/locate-path 64ms (cache miss)
644 silly packumentCache full:https://registry.npmjs.org/locate-path set size:undefined disposed:false
645 silly fetch manifest word-wrap@^1.2.5
646 silly packumentCache full:https://registry.npmjs.org/word-wrap cache-miss
647 http fetch GET 200 https://registry.npmjs.org/acorn 100ms (cache miss)
648 silly packumentCache full:https://registry.npmjs.org/acorn set size:undefined disposed:false
649 silly fetch manifest type-check@^0.4.0
650 silly packumentCache full:https://registry.npmjs.org/type-check cache-miss
651 http fetch GET 200 https://registry.npmjs.org/@humanfs%2ftypes 250ms (cache miss)
652 silly packumentCache full:https://registry.npmjs.org/@humanfs%2ftypes set size:undefined disposed:false
653 silly fetch manifest fast-levenshtein@^2.0.6
654 silly packumentCache full:https://registry.npmjs.org/fast-levenshtein cache-miss
655 http fetch GET 200 https://registry.npmjs.org/flat-cache 99ms (cache miss)
656 silly packumentCache full:https://registry.npmjs.org/flat-cache set size:undefined disposed:false
657 http fetch GET 200 https://registry.npmjs.org/path-exists 76ms (cache miss)
658 silly packumentCache full:https://registry.npmjs.org/path-exists set size:undefined disposed:false
659 http fetch GET 200 https://registry.npmjs.org/is-extglob 74ms (cache miss)
660 silly packumentCache full:https://registry.npmjs.org/is-extglob set size:undefined disposed:false
661 http fetch GET 200 https://registry.npmjs.org/brace-expansion 67ms (cache miss)
662 silly packumentCache full:https://registry.npmjs.org/brace-expansion set size:undefined disposed:false
663 http fetch GET 200 https://registry.npmjs.org/prelude-ls 57ms (cache miss)
664 silly packumentCache full:https://registry.npmjs.org/prelude-ls set size:undefined disposed:false
665 http fetch GET 200 https://registry.npmjs.org/deep-is 55ms (cache miss)
666 silly packumentCache full:https://registry.npmjs.org/deep-is set size:undefined disposed:false
667 http fetch GET 200 https://registry.npmjs.org/word-wrap 50ms (cache miss)
668 silly packumentCache full:https://registry.npmjs.org/word-wrap set size:undefined disposed:false
669 http fetch GET 200 https://registry.npmjs.org/fast-levenshtein 36ms (cache miss)
670 silly packumentCache full:https://registry.npmjs.org/fast-levenshtein set size:undefined disposed:false
671 http fetch GET 200 https://registry.npmjs.org/@eslint%2fobject-schema 467ms (cache miss)
672 silly packumentCache full:https://registry.npmjs.org/@eslint%2fobject-schema set size:undefined disposed:false
673 http fetch GET 200 https://registry.npmjs.org/@humanfs%2fcore 472ms (cache miss)
674 silly packumentCache full:https://registry.npmjs.org/@humanfs%2fcore set size:undefined disposed:false
675 http fetch GET 200 https://registry.npmjs.org/type-check 290ms (cache miss)
676 silly packumentCache full:https://registry.npmjs.org/type-check set size:undefined disposed:false
677 silly placeDep node_modules/@eslint-community/eslint-utils eslint-visitor-keys@3.4.3 OK for: @eslint-community/eslint-utils@4.9.1 want: ^3.4.3
678 silly placeDep ROOT @eslint/object-schema@2.1.7 OK for: @eslint/config-array@0.21.2 want: ^2.1.7
679 silly placeDep ROOT @types/json-schema@7.0.15 OK for: @eslint/core@0.17.0 want: ^7.0.15
680 silly placeDep ROOT globals@14.0.0 OK for: @eslint/eslintrc@3.3.5 want: ^14.0.0
681 silly placeDep ROOT import-fresh@3.3.1 OK for: @eslint/eslintrc@3.3.5 want: ^3.2.1
682 silly placeDep ROOT js-yaml@4.3.0 OK for: @eslint/eslintrc@3.3.5 want: ^4.1.1
683 silly placeDep ROOT strip-json-comments@3.1.1 OK for: @eslint/eslintrc@3.3.5 want: ^3.1.1
684 silly fetch manifest resolve-from@^4.0.0
685 silly packumentCache full:https://registry.npmjs.org/resolve-from cache-miss
686 silly fetch manifest parent-module@^1.0.0
687 silly packumentCache full:https://registry.npmjs.org/parent-module cache-miss
688 silly fetch manifest argparse@^2.0.1
689 silly packumentCache full:https://registry.npmjs.org/argparse cache-miss
690 http fetch GET 200 https://registry.npmjs.org/resolve-from 36ms (cache miss)
691 silly packumentCache full:https://registry.npmjs.org/resolve-from set size:undefined disposed:false
692 http fetch GET 200 https://registry.npmjs.org/parent-module 37ms (cache miss)
693 silly packumentCache full:https://registry.npmjs.org/parent-module set size:undefined disposed:false
694 http fetch GET 200 https://registry.npmjs.org/argparse 38ms (cache miss)
695 silly packumentCache full:https://registry.npmjs.org/argparse set size:undefined disposed:false
696 silly placeDep ROOT levn@0.4.1 OK for: @eslint/plugin-kit@0.4.1 want: ^0.4.1
697 silly fetch manifest type-check@~0.4.0
698 silly packumentCache full:https://registry.npmjs.org/type-check cache-miss
699 http cache https://registry.npmjs.org/type-check 9ms (cache hit)
700 silly packumentCache full:https://registry.npmjs.org/type-check set size:21221 disposed:false
701 silly placeDep ROOT @humanfs/core@0.19.2 OK for: @humanfs/node@0.16.8 want: ^0.19.2
702 silly placeDep ROOT @humanfs/types@0.15.0 OK for: @humanfs/node@0.16.8 want: ^0.15.0
703 silly placeDep ROOT fast-json-stable-stringify@2.1.0 OK for: ajv@6.15.0 want: ^2.0.0
704 silly placeDep ROOT json-schema-traverse@0.4.1 OK for: ajv@6.15.0 want: ^0.4.1
705 silly placeDep ROOT uri-js@4.4.1 OK for: ajv@6.15.0 want: ^4.2.2
706 silly fetch manifest punycode@^2.1.0
707 silly packumentCache full:https://registry.npmjs.org/punycode cache-miss
708 http fetch GET 200 https://registry.npmjs.org/punycode 33ms (cache miss)
709 silly packumentCache full:https://registry.npmjs.org/punycode set size:undefined disposed:false
710 silly placeDep ROOT ansi-styles@4.3.0 OK for: chalk@4.1.2 want: ^4.1.0
711 silly placeDep ROOT supports-color@7.2.0 OK for: chalk@4.1.2 want: ^7.1.0
712 silly fetch manifest color-convert@^2.0.1
713 silly packumentCache full:https://registry.npmjs.org/color-convert cache-miss
714 silly fetch manifest has-flag@^4.0.0
715 silly packumentCache full:https://registry.npmjs.org/has-flag cache-miss
716 http fetch GET 200 https://registry.npmjs.org/has-flag 33ms (cache miss)
717 silly packumentCache full:https://registry.npmjs.org/has-flag set size:undefined disposed:false
718 http fetch GET 200 https://registry.npmjs.org/color-convert 37ms (cache miss)
719 silly packumentCache full:https://registry.npmjs.org/color-convert set size:undefined disposed:false
720 silly placeDep ROOT color-convert@2.0.1 OK for: ansi-styles@4.3.0 want: ^2.0.1
721 silly fetch manifest color-name@~1.1.4
722 silly packumentCache full:https://registry.npmjs.org/color-name cache-miss
723 http fetch GET 200 https://registry.npmjs.org/color-name 31ms (cache miss)
724 silly packumentCache full:https://registry.npmjs.org/color-name set size:undefined disposed:false
725 silly placeDep ROOT color-name@1.1.4 OK for: color-convert@2.0.1 want: ~1.1.4
726 silly placeDep ROOT path-key@3.1.1 OK for: cross-spawn@7.0.6 want: ^3.1.0
727 silly placeDep ROOT shebang-command@2.0.0 OK for: cross-spawn@7.0.6 want: ^2.0.0
728 silly placeDep ROOT which@2.0.2 OK for: cross-spawn@7.0.6 want: ^2.0.1
729 silly fetch manifest shebang-regex@^3.0.0
730 silly packumentCache full:https://registry.npmjs.org/shebang-regex cache-miss
731 silly fetch manifest isexe@^2.0.0
732 silly packumentCache full:https://registry.npmjs.org/isexe cache-miss
733 http fetch GET 200 https://registry.npmjs.org/shebang-regex 33ms (cache miss)
734 silly packumentCache full:https://registry.npmjs.org/shebang-regex set size:undefined disposed:false
735 http fetch GET 200 https://registry.npmjs.org/isexe 38ms (cache miss)
736 silly packumentCache full:https://registry.npmjs.org/isexe set size:undefined disposed:false
737 silly placeDep ROOT ms@2.1.3 OK for: debug@4.4.3 want: ^2.1.3
738 silly fetch manifest eslint@^7.23.0 || ^8.0.0 || ^9.0.0
739 silly packumentCache full:https://registry.npmjs.org/eslint cache-miss
740 http cache https://registry.npmjs.org/eslint 18ms (cache hit)
741 silly packumentCache full:https://registry.npmjs.org/eslint set size:2019015 disposed:false
742 silly fetch manifest typescript@>=3.3.1
743 silly packumentCache full:https://registry.npmjs.org/typescript cache-miss
744 http cache https://registry.npmjs.org/typescript 68ms (cache hit)
745 silly packumentCache full:https://registry.npmjs.org/typescript set size:15410956 disposed:false
746 silly fetch manifest eslint-plugin-import-x@*
747 silly packumentCache full:https://registry.npmjs.org/eslint-plugin-import-x cache-miss
748 http fetch GET 200 https://registry.npmjs.org/eslint-plugin-import-x 45ms (cache miss)
749 silly packumentCache full:https://registry.npmjs.org/eslint-plugin-import-x set size:undefined disposed:false
750 silly fetch manifest @typescript-eslint/utils@^8.56.0
751 silly packumentCache full:https://registry.npmjs.org/@typescript-eslint%2futils cache-miss
752 http fetch GET 200 https://registry.npmjs.org/@typescript-eslint%2futils 267ms (cache miss)
753 silly packumentCache full:https://registry.npmjs.org/@typescript-eslint%2futils set size:undefined disposed:false
754 silly placeDep ROOT @next/eslint-plugin-next@15.5.20 OK for: eslint-config-next@15.5.20 want: 15.5.20
755 silly placeDep ROOT @rushstack/eslint-patch@1.16.1 OK for: eslint-config-next@15.5.20 want: ^1.10.3
756 silly placeDep ROOT @typescript-eslint/eslint-plugin@8.62.1 OK for: eslint-config-next@15.5.20 want: ^5.4.2 || ^6.0.0 || ^7.0.0 || ^8.0.0
757 silly placeDep ROOT @typescript-eslint/parser@8.62.1 OK for: @typescript-eslint/eslint-plugin@8.62.1 want: ^8.62.1
758 silly placeDep ROOT eslint-import-resolver-node@0.3.10 OK for: eslint-config-next@15.5.20 want: ^0.3.6
759 silly placeDep ROOT eslint-import-resolver-typescript@3.10.1 OK for: eslint-config-next@15.5.20 want: ^3.5.2
760 silly placeDep ROOT eslint-plugin-import@2.32.0 OK for: eslint-config-next@15.5.20 want: ^2.31.0
761 silly placeDep ROOT eslint-plugin-jsx-a11y@6.10.2 OK for: eslint-config-next@15.5.20 want: ^6.10.0
762 silly placeDep ROOT eslint-plugin-react@7.37.5 OK for: eslint-config-next@15.5.20 want: ^7.37.0
763 silly placeDep ROOT eslint-plugin-react-hooks@5.2.0 OK for: eslint-config-next@15.5.20 want: ^5.0.0
764 silly fetch manifest fast-glob@3.3.1
765 silly packumentCache full:https://registry.npmjs.org/fast-glob cache-miss
766 silly fetch manifest ignore@^7.0.5
767 silly packumentCache full:https://registry.npmjs.org/ignore cache-miss
768 silly fetch manifest ts-api-utils@^2.5.0
769 silly packumentCache full:https://registry.npmjs.org/ts-api-utils cache-miss
770 silly fetch manifest @typescript-eslint/utils@8.62.1
771 silly packumentCache full:https://registry.npmjs.org/@typescript-eslint%2futils cache-miss
772 silly fetch manifest @typescript-eslint/type-utils@8.62.1
773 silly packumentCache full:https://registry.npmjs.org/@typescript-eslint%2ftype-utils cache-miss
774 silly fetch manifest @typescript-eslint/visitor-keys@8.62.1
775 silly packumentCache full:https://registry.npmjs.org/@typescript-eslint%2fvisitor-keys cache-miss
776 silly fetch manifest @typescript-eslint/scope-manager@8.62.1
777 silly packumentCache full:https://registry.npmjs.org/@typescript-eslint%2fscope-manager cache-miss
778 silly fetch manifest @typescript-eslint/types@8.62.1
779 silly packumentCache full:https://registry.npmjs.org/@typescript-eslint%2ftypes cache-miss
780 silly fetch manifest @typescript-eslint/visitor-keys@8.62.1
781 silly packumentCache full:https://registry.npmjs.org/@typescript-eslint%2fvisitor-keys cache-miss
782 silly fetch manifest @typescript-eslint/scope-manager@8.62.1
783 silly packumentCache full:https://registry.npmjs.org/@typescript-eslint%2fscope-manager cache-miss
784 silly fetch manifest @typescript-eslint/typescript-estree@8.62.1
785 silly packumentCache full:https://registry.npmjs.org/@typescript-eslint%2ftypescript-estree cache-miss
786 http cache https://registry.npmjs.org/fast-glob 25ms (cache hit)
787 silly packumentCache full:https://registry.npmjs.org/fast-glob set size:220556 disposed:false
788 silly fetch manifest debug@^3.2.7
789 silly packumentCache full:https://registry.npmjs.org/debug cache-hit
790 silly fetch manifest resolve@^2.0.0-next.6
791 silly packumentCache full:https://registry.npmjs.org/resolve cache-miss
792 http cache https://registry.npmjs.org/ignore 31ms (cache hit)
793 silly packumentCache full:https://registry.npmjs.org/ignore set size:237380 disposed:false
794 silly fetch manifest is-core-module@^2.16.1
795 silly packumentCache full:https://registry.npmjs.org/is-core-module cache-miss
796 http cache https://registry.npmjs.org/@typescript-eslint%2futils 67ms (cache hit)
797 silly packumentCache full:https://registry.npmjs.org/@typescript-eslint%2futils set size:10363695 disposed:false
798 silly fetch manifest tinyglobby@^0.2.13
799 silly packumentCache full:https://registry.npmjs.org/tinyglobby cache-miss
800 http cache https://registry.npmjs.org/resolve 134ms (cache hit)
801 silly packumentCache full:https://registry.npmjs.org/resolve set size:244568 disposed:false
802 silly fetch manifest stable-hash@^0.0.5
803 silly packumentCache full:https://registry.npmjs.org/stable-hash cache-miss
804 http fetch GET 200 https://registry.npmjs.org/is-core-module 139ms (cache miss)
805 silly packumentCache full:https://registry.npmjs.org/is-core-module set size:undefined disposed:false
806 silly fetch manifest get-tsconfig@^4.10.0
807 silly packumentCache full:https://registry.npmjs.org/get-tsconfig cache-miss
808 http fetch GET 200 https://registry.npmjs.org/get-tsconfig 38ms (cache miss)
809 silly packumentCache full:https://registry.npmjs.org/get-tsconfig set size:undefined disposed:false
810 silly fetch manifest is-bun-module@^2.0.0
811 silly packumentCache full:https://registry.npmjs.org/is-bun-module cache-miss
812 http fetch GET 200 https://registry.npmjs.org/is-bun-module 29ms (cache miss)
813 silly packumentCache full:https://registry.npmjs.org/is-bun-module set size:undefined disposed:false
814 silly fetch manifest unrs-resolver@^1.6.2
815 silly packumentCache full:https://registry.npmjs.org/unrs-resolver cache-miss
816 http fetch GET 200 https://registry.npmjs.org/unrs-resolver 52ms (cache miss)
817 silly packumentCache full:https://registry.npmjs.org/unrs-resolver set size:undefined disposed:false
818 silly fetch manifest @nolyfill/is-core-module@1.0.39
819 silly packumentCache full:https://registry.npmjs.org/@nolyfill%2fis-core-module cache-miss
820 http fetch GET 200 https://registry.npmjs.org/ts-api-utils 309ms (cache miss)
821 silly packumentCache full:https://registry.npmjs.org/ts-api-utils set size:undefined disposed:false
822 silly fetch manifest @rtsao/scc@^1.1.0
823 silly packumentCache full:https://registry.npmjs.org/@rtsao%2fscc cache-miss
824 http fetch GET 200 https://registry.npmjs.org/@nolyfill%2fis-core-module 55ms (cache miss)
825 silly packumentCache full:https://registry.npmjs.org/@nolyfill%2fis-core-module set size:undefined disposed:false
826 silly fetch manifest array-includes@^3.1.9
827 silly packumentCache full:https://registry.npmjs.org/array-includes cache-miss
828 http fetch GET 200 https://registry.npmjs.org/@rtsao%2fscc 60ms (cache miss)
829 silly packumentCache full:https://registry.npmjs.org/@rtsao%2fscc set size:undefined disposed:false
830 silly fetch manifest array.prototype.findlastindex@^1.2.6
831 silly packumentCache full:https://registry.npmjs.org/array.prototype.findlastindex cache-miss
832 http fetch GET 200 https://registry.npmjs.org/array-includes 49ms (cache miss)
833 silly packumentCache full:https://registry.npmjs.org/array-includes set size:undefined disposed:false
834 silly fetch manifest array.prototype.flat@^1.3.3
835 silly packumentCache full:https://registry.npmjs.org/array.prototype.flat cache-miss
836 http fetch GET 200 https://registry.npmjs.org/array.prototype.findlastindex 43ms (cache miss)
837 silly packumentCache full:https://registry.npmjs.org/array.prototype.findlastindex set size:undefined disposed:false
838 silly fetch manifest array.prototype.flatmap@^1.3.3
839 silly packumentCache full:https://registry.npmjs.org/array.prototype.flatmap cache-miss
840 http fetch GET 200 https://registry.npmjs.org/array.prototype.flat 41ms (cache miss)
841 silly packumentCache full:https://registry.npmjs.org/array.prototype.flat set size:undefined disposed:false
842 silly fetch manifest doctrine@^2.1.0
843 silly packumentCache full:https://registry.npmjs.org/doctrine cache-miss
844 http fetch GET 200 https://registry.npmjs.org/tinyglobby 309ms (cache miss)
845 silly packumentCache full:https://registry.npmjs.org/tinyglobby set size:undefined disposed:false
846 silly fetch manifest eslint-module-utils@^2.12.1
847 silly packumentCache full:https://registry.npmjs.org/eslint-module-utils cache-miss
848 http fetch GET 200 https://registry.npmjs.org/array.prototype.flatmap 55ms (cache miss)
849 silly packumentCache full:https://registry.npmjs.org/array.prototype.flatmap set size:undefined disposed:false
850 silly fetch manifest hasown@^2.0.2
851 silly packumentCache full:https://registry.npmjs.org/hasown cache-miss
852 http fetch GET 200 https://registry.npmjs.org/stable-hash 318ms (cache miss)
853 silly packumentCache full:https://registry.npmjs.org/stable-hash set size:undefined disposed:false
854 silly fetch manifest object.fromentries@^2.0.8
855 silly packumentCache full:https://registry.npmjs.org/object.fromentries cache-miss
856 http fetch GET 200 https://registry.npmjs.org/eslint-module-utils 53ms (cache miss)
857 silly packumentCache full:https://registry.npmjs.org/eslint-module-utils set size:undefined disposed:false
858 silly fetch manifest object.groupby@^1.0.3
859 silly packumentCache full:https://registry.npmjs.org/object.groupby cache-miss
860 http fetch GET 200 https://registry.npmjs.org/object.groupby 35ms (cache miss)
861 silly packumentCache full:https://registry.npmjs.org/object.groupby set size:undefined disposed:false
862 silly fetch manifest object.values@^1.2.1
863 silly packumentCache full:https://registry.npmjs.org/object.values cache-miss
864 http fetch GET 200 https://registry.npmjs.org/object.values 38ms (cache miss)
865 silly packumentCache full:https://registry.npmjs.org/object.values set size:undefined disposed:false
866 silly fetch manifest semver@^6.3.1
867 silly packumentCache full:https://registry.npmjs.org/semver cache-miss
868 http fetch GET 200 https://registry.npmjs.org/hasown 258ms (cache miss)
869 silly packumentCache full:https://registry.npmjs.org/hasown set size:undefined disposed:false
870 silly fetch manifest string.prototype.trimend@^1.0.9
871 silly packumentCache full:https://registry.npmjs.org/string.prototype.trimend cache-miss
872 http fetch GET 200 https://registry.npmjs.org/string.prototype.trimend 38ms (cache miss)
873 silly packumentCache full:https://registry.npmjs.org/string.prototype.trimend set size:undefined disposed:false
874 silly fetch manifest tsconfig-paths@^3.15.0
875 silly packumentCache full:https://registry.npmjs.org/tsconfig-paths cache-miss
876 http fetch GET 200 https://registry.npmjs.org/semver 752ms (cache miss)
877 silly packumentCache full:https://registry.npmjs.org/semver set size:undefined disposed:false
878 silly fetch manifest aria-query@^5.3.2
879 silly packumentCache full:https://registry.npmjs.org/aria-query cache-miss
880 http fetch GET 200 https://registry.npmjs.org/aria-query 45ms (cache miss)
881 silly packumentCache full:https://registry.npmjs.org/aria-query set size:undefined disposed:false
882 silly fetch manifest array-includes@^3.1.8
883 silly packumentCache full:https://registry.npmjs.org/array-includes cache-miss
884 http cache https://registry.npmjs.org/array-includes 20ms (cache hit)
885 silly packumentCache full:https://registry.npmjs.org/array-includes set size:77143 disposed:false
886 silly fetch manifest array.prototype.flatmap@^1.3.2
887 silly packumentCache full:https://registry.npmjs.org/array.prototype.flatmap cache-miss
888 http cache https://registry.npmjs.org/array.prototype.flatmap 17ms (cache hit)
889 silly packumentCache full:https://registry.npmjs.org/array.prototype.flatmap set size:51458 disposed:false
890 silly fetch manifest ast-types-flow@^0.0.8
891 silly packumentCache full:https://registry.npmjs.org/ast-types-flow cache-miss
892 http fetch GET 200 https://registry.npmjs.org/tsconfig-paths 700ms (cache miss)
893 silly packumentCache full:https://registry.npmjs.org/tsconfig-paths set size:undefined disposed:false
894 silly fetch manifest axe-core@^4.10.0
895 silly packumentCache full:https://registry.npmjs.org/axe-core cache-miss
896 http fetch GET 200 https://registry.npmjs.org/ast-types-flow 44ms (cache miss)
897 silly packumentCache full:https://registry.npmjs.org/ast-types-flow set size:undefined disposed:false
898 silly fetch manifest axobject-query@^4.1.0
899 silly packumentCache full:https://registry.npmjs.org/axobject-query cache-miss
900 http fetch GET 200 https://registry.npmjs.org/axobject-query 41ms (cache miss)
901 silly packumentCache full:https://registry.npmjs.org/axobject-query set size:undefined disposed:false
902 silly fetch manifest damerau-levenshtein@^1.0.8
903 silly packumentCache full:https://registry.npmjs.org/damerau-levenshtein cache-miss
904 http fetch GET 200 https://registry.npmjs.org/damerau-levenshtein 300ms (cache miss)
905 silly packumentCache full:https://registry.npmjs.org/damerau-levenshtein set size:undefined disposed:false
906 silly fetch manifest emoji-regex@^9.2.2
907 silly packumentCache full:https://registry.npmjs.org/emoji-regex cache-miss
908 http fetch GET 200 https://registry.npmjs.org/@typescript-eslint%2fvisitor-keys 1972ms (cache miss)
909 silly packumentCache full:https://registry.npmjs.org/@typescript-eslint%2fvisitor-keys set size:undefined disposed:false
910 silly fetch manifest jsx-ast-utils@^3.3.5
911 silly packumentCache full:https://registry.npmjs.org/jsx-ast-utils cache-miss
912 http fetch GET 200 https://registry.npmjs.org/@typescript-eslint%2ftypescript-estree 2092ms (cache miss)
913 silly packumentCache full:https://registry.npmjs.org/@typescript-eslint%2ftypescript-estree set size:undefined disposed:false
914 silly fetch manifest language-tags@^1.0.9
915 silly packumentCache full:https://registry.npmjs.org/language-tags cache-miss
916 http fetch GET 200 https://registry.npmjs.org/jsx-ast-utils 229ms (cache miss)
917 silly packumentCache full:https://registry.npmjs.org/jsx-ast-utils set size:undefined disposed:false
918 silly fetch manifest object.fromentries@^2.0.8
919 silly packumentCache full:https://registry.npmjs.org/object.fromentries cache-miss
920 http fetch GET 200 https://registry.npmjs.org/emoji-regex 455ms (cache miss)
921 silly packumentCache full:https://registry.npmjs.org/emoji-regex set size:undefined disposed:false
922 silly fetch manifest safe-regex-test@^1.0.3
923 silly packumentCache full:https://registry.npmjs.org/safe-regex-test cache-miss
924 http fetch GET 200 https://registry.npmjs.org/language-tags 46ms (cache miss)
925 silly packumentCache full:https://registry.npmjs.org/language-tags set size:undefined disposed:false
926 silly fetch manifest string.prototype.includes@^2.0.1
927 silly packumentCache full:https://registry.npmjs.org/string.prototype.includes cache-miss
928 http fetch GET 200 https://registry.npmjs.org/safe-regex-test 35ms (cache miss)
929 silly packumentCache full:https://registry.npmjs.org/safe-regex-test set size:undefined disposed:false
930 silly fetch manifest array.prototype.findlast@^1.2.5
931 silly packumentCache full:https://registry.npmjs.org/array.prototype.findlast cache-miss
932 http fetch GET 200 https://registry.npmjs.org/string.prototype.includes 32ms (cache miss)
933 silly packumentCache full:https://registry.npmjs.org/string.prototype.includes set size:undefined disposed:false
934 silly fetch manifest array.prototype.tosorted@^1.1.4
935 silly packumentCache full:https://registry.npmjs.org/array.prototype.tosorted cache-miss
936 http fetch GET 200 https://registry.npmjs.org/array.prototype.findlast 54ms (cache miss)
937 silly packumentCache full:https://registry.npmjs.org/array.prototype.findlast set size:undefined disposed:false
938 silly fetch manifest doctrine@^2.1.0
939 silly packumentCache full:https://registry.npmjs.org/doctrine cache-miss
940 http fetch GET 200 https://registry.npmjs.org/@typescript-eslint%2fscope-manager 2427ms (cache miss)
941 silly packumentCache full:https://registry.npmjs.org/@typescript-eslint%2fscope-manager set size:undefined disposed:false
942 silly fetch manifest es-iterator-helpers@^1.2.1
943 silly packumentCache full:https://registry.npmjs.org/es-iterator-helpers cache-miss
944 http fetch GET 200 https://registry.npmjs.org/doctrine 153ms (cache miss)
945 silly packumentCache full:https://registry.npmjs.org/doctrine set size:undefined disposed:false
946 silly fetch manifest estraverse@^5.3.0
947 silly packumentCache full:https://registry.npmjs.org/estraverse cache-miss
948 http cache https://registry.npmjs.org/estraverse 14ms (cache hit)
949 silly packumentCache full:https://registry.npmjs.org/estraverse set size:62412 disposed:false
950 silly fetch manifest jsx-ast-utils@^2.4.1 || ^3.0.0
951 silly packumentCache full:https://registry.npmjs.org/jsx-ast-utils cache-miss
952 http cache https://registry.npmjs.org/jsx-ast-utils 11ms (cache hit)
953 silly packumentCache full:https://registry.npmjs.org/jsx-ast-utils set size:115998 disposed:false
954 silly fetch manifest object.entries@^1.1.9
955 silly packumentCache full:https://registry.npmjs.org/object.entries cache-miss
956 http fetch GET 200 https://registry.npmjs.org/array.prototype.tosorted 249ms (cache miss)
957 silly packumentCache full:https://registry.npmjs.org/array.prototype.tosorted set size:undefined disposed:false
958 silly fetch manifest object.fromentries@^2.0.8
959 silly packumentCache full:https://registry.npmjs.org/object.fromentries cache-miss
960 http fetch GET 200 https://registry.npmjs.org/object.entries 37ms (cache miss)
961 silly packumentCache full:https://registry.npmjs.org/object.entries set size:undefined disposed:false
962 silly fetch manifest prop-types@^15.8.1
963 silly packumentCache full:https://registry.npmjs.org/prop-types cache-miss
964 http fetch GET 200 https://registry.npmjs.org/object.fromentries 37ms (cache miss)
965 silly packumentCache full:https://registry.npmjs.org/object.fromentries set size:undefined disposed:false
966 silly fetch manifest resolve@^2.0.0-next.5
967 silly packumentCache full:https://registry.npmjs.org/resolve cache-hit
968 silly fetch manifest string.prototype.matchall@^4.0.12
969 silly packumentCache full:https://registry.npmjs.org/string.prototype.matchall cache-miss
970 http fetch GET 200 https://registry.npmjs.org/prop-types 40ms (cache miss)
971 silly packumentCache full:https://registry.npmjs.org/prop-types set size:undefined disposed:false
972 silly fetch manifest string.prototype.repeat@^1.0.0
973 silly packumentCache full:https://registry.npmjs.org/string.prototype.repeat cache-miss
974 http fetch GET 200 https://registry.npmjs.org/string.prototype.repeat 29ms (cache miss)
975 silly packumentCache full:https://registry.npmjs.org/string.prototype.repeat set size:undefined disposed:false
976 http fetch GET 200 https://registry.npmjs.org/@typescript-eslint%2ftype-utils 2724ms (cache miss)
977 silly packumentCache full:https://registry.npmjs.org/@typescript-eslint%2ftype-utils set size:undefined disposed:false
978 http fetch GET 200 https://registry.npmjs.org/es-iterator-helpers 296ms (cache miss)
979 silly packumentCache full:https://registry.npmjs.org/es-iterator-helpers set size:undefined disposed:false
980 http fetch GET 200 https://registry.npmjs.org/axe-core 1393ms (cache miss)
981 silly packumentCache full:https://registry.npmjs.org/axe-core set size:undefined disposed:false
982 http fetch GET 200 https://registry.npmjs.org/object.fromentries 682ms (cache miss)
983 silly packumentCache full:https://registry.npmjs.org/object.fromentries set size:undefined disposed:false
984 http fetch GET 200 https://registry.npmjs.org/string.prototype.matchall 327ms (cache miss)
985 silly packumentCache full:https://registry.npmjs.org/string.prototype.matchall set size:undefined disposed:false
986 http fetch GET 200 https://registry.npmjs.org/@typescript-eslint%2ftypes 2993ms (cache miss)
987 silly packumentCache full:https://registry.npmjs.org/@typescript-eslint%2ftypes set size:undefined disposed:false
988 http fetch GET 200 https://registry.npmjs.org/@typescript-eslint%2fvisitor-keys 3359ms (cache miss)
989 silly packumentCache full:https://registry.npmjs.org/@typescript-eslint%2fvisitor-keys set size:undefined disposed:false
990 http fetch GET 200 https://registry.npmjs.org/object.fromentries 3190ms (cache miss)
991 silly packumentCache full:https://registry.npmjs.org/object.fromentries set size:undefined disposed:false
992 http fetch GET 200 https://registry.npmjs.org/doctrine 3225ms (cache miss)
993 silly packumentCache full:https://registry.npmjs.org/doctrine set size:undefined disposed:false
994 http fetch GET 200 https://registry.npmjs.org/@typescript-eslint%2fscope-manager 3723ms (cache miss)
995 silly packumentCache full:https://registry.npmjs.org/@typescript-eslint%2fscope-manager set size:undefined disposed:false
996 silly placeDep ROOT fast-glob@3.3.1 OK for: @next/eslint-plugin-next@15.5.20 want: 3.3.1
997 silly fetch manifest merge2@^1.3.0
998 silly packumentCache full:https://registry.npmjs.org/merge2 cache-miss
999 silly fetch manifest micromatch@^4.0.4
1000 silly packumentCache full:https://registry.npmjs.org/micromatch cache-miss
1001 silly fetch manifest glob-parent@^5.1.2
1002 silly packumentCache full:https://registry.npmjs.org/glob-parent cache-miss
1003 silly fetch manifest @nodelib/fs.stat@^2.0.2
1004 silly packumentCache full:https://registry.npmjs.org/@nodelib%2ffs.stat cache-miss
1005 silly fetch manifest @nodelib/fs.walk@^1.2.3
1006 silly packumentCache full:https://registry.npmjs.org/@nodelib%2ffs.walk cache-miss
1007 http cache https://registry.npmjs.org/glob-parent 14ms (cache hit)
1008 silly packumentCache full:https://registry.npmjs.org/glob-parent set size:42445 disposed:false
1009 http cache https://registry.npmjs.org/micromatch 16ms (cache hit)
1010 silly packumentCache full:https://registry.npmjs.org/micromatch set size:240630 disposed:false
1011 http fetch GET 200 https://registry.npmjs.org/merge2 35ms (cache miss)
1012 silly packumentCache full:https://registry.npmjs.org/merge2 set size:undefined disposed:false
1013 http fetch GET 200 https://registry.npmjs.org/@nodelib%2ffs.walk 42ms (cache miss)
1014 silly packumentCache full:https://registry.npmjs.org/@nodelib%2ffs.walk set size:undefined disposed:false
1015 http fetch GET 200 https://registry.npmjs.org/@nodelib%2ffs.stat 44ms (cache miss)
1016 silly packumentCache full:https://registry.npmjs.org/@nodelib%2ffs.stat set size:undefined disposed:false
1017 silly fetch manifest typescript@>=4.8.4 <6.1.0
1018 silly packumentCache full:https://registry.npmjs.org/typescript cache-miss
1019 http cache https://registry.npmjs.org/typescript 54ms (cache hit)
1020 silly packumentCache full:https://registry.npmjs.org/typescript set size:15410956 disposed:false
1021 silly fetch manifest eslint@^8.57.0 || ^9.0.0 || ^10.0.0
1022 silly packumentCache full:https://registry.npmjs.org/eslint cache-miss
1023 http cache https://registry.npmjs.org/eslint 21ms (cache hit)
1024 silly packumentCache full:https://registry.npmjs.org/eslint set size:2019015 disposed:false
1025 silly placeDep ROOT @typescript-eslint/scope-manager@8.62.1 OK for: @typescript-eslint/eslint-plugin@8.62.1 want: 8.62.1
1026 silly placeDep ROOT @typescript-eslint/type-utils@8.62.1 OK for: @typescript-eslint/eslint-plugin@8.62.1 want: 8.62.1
1027 silly placeDep ROOT @typescript-eslint/utils@8.62.1 OK for: @typescript-eslint/eslint-plugin@8.62.1 want: 8.62.1
1028 silly placeDep ROOT @typescript-eslint/visitor-keys@8.62.1 OK for: @typescript-eslint/eslint-plugin@8.62.1 want: 8.62.1
1029 silly placeDep node_modules/@typescript-eslint/eslint-plugin ignore@7.0.5 OK for: @typescript-eslint/eslint-plugin@8.62.1 want: ^7.0.5
1030 silly placeDep ROOT ts-api-utils@2.5.0 OK for: @typescript-eslint/eslint-plugin@8.62.1 want: ^2.5.0
1031 silly fetch manifest eslint-visitor-keys@^5.0.0
1032 silly packumentCache full:https://registry.npmjs.org/eslint-visitor-keys cache-hit
1033 silly placeDep ROOT @typescript-eslint/types@8.62.1 OK for: @typescript-eslint/parser@8.62.1 want: 8.62.1
1034 silly placeDep ROOT @typescript-eslint/typescript-estree@8.62.1 OK for: @typescript-eslint/parser@8.62.1 want: 8.62.1
1035 silly fetch manifest semver@^7.7.3
1036 silly packumentCache full:https://registry.npmjs.org/semver cache-miss
1037 silly fetch manifest minimatch@^10.2.2
1038 silly packumentCache full:https://registry.npmjs.org/minimatch cache-miss
1039 silly fetch manifest tinyglobby@^0.2.15
1040 silly packumentCache full:https://registry.npmjs.org/tinyglobby cache-miss
1041 silly fetch manifest @typescript-eslint/tsconfig-utils@8.62.1
1042 silly packumentCache full:https://registry.npmjs.org/@typescript-eslint%2ftsconfig-utils cache-miss
1043 silly fetch manifest @typescript-eslint/project-service@8.62.1
1044 silly packumentCache full:https://registry.npmjs.org/@typescript-eslint%2fproject-service cache-miss
1045 http cache https://registry.npmjs.org/semver 15ms (cache hit)
1046 silly packumentCache full:https://registry.npmjs.org/semver set size:246125 disposed:false
1047 http cache https://registry.npmjs.org/minimatch 18ms (cache hit)
1048 silly packumentCache full:https://registry.npmjs.org/minimatch set size:375282 disposed:false
1049 http cache https://registry.npmjs.org/tinyglobby 23ms (cache hit)
1050 silly packumentCache full:https://registry.npmjs.org/tinyglobby set size:54291 disposed:false
1051 http fetch GET 200 https://registry.npmjs.org/@typescript-eslint%2fproject-service 739ms (cache miss)
1052 silly packumentCache full:https://registry.npmjs.org/@typescript-eslint%2fproject-service set size:undefined disposed:false
1053 http fetch GET 200 https://registry.npmjs.org/@typescript-eslint%2ftsconfig-utils 803ms (cache miss)
1054 silly packumentCache full:https://registry.npmjs.org/@typescript-eslint%2ftsconfig-utils set size:undefined disposed:false
1055 silly placeDep ROOT @typescript-eslint/project-service@8.62.1 OK for: @typescript-eslint/typescript-estree@8.62.1 want: 8.62.1
1056 silly placeDep ROOT @typescript-eslint/tsconfig-utils@8.62.1 OK for: @typescript-eslint/typescript-estree@8.62.1 want: 8.62.1
1057 silly placeDep node_modules/@typescript-eslint/typescript-estree minimatch@10.2.5 OK for: @typescript-eslint/typescript-estree@8.62.1 want: ^10.2.2
1058 silly placeDep ROOT semver@7.8.5 OK for: @typescript-eslint/typescript-estree@8.62.1 want: ^7.7.3
1059 silly placeDep ROOT tinyglobby@0.2.17 OK for: @typescript-eslint/typescript-estree@8.62.1 want: ^0.2.15
1060 silly fetch manifest @typescript-eslint/tsconfig-utils@^8.62.1
1061 silly packumentCache full:https://registry.npmjs.org/@typescript-eslint%2ftsconfig-utils cache-miss
1062 silly fetch manifest brace-expansion@^5.0.5
1063 silly packumentCache full:https://registry.npmjs.org/brace-expansion cache-miss
1064 silly fetch manifest fdir@^6.5.0
1065 silly packumentCache full:https://registry.npmjs.org/fdir cache-miss
1066 silly fetch manifest picomatch@^4.0.4
1067 silly packumentCache full:https://registry.npmjs.org/picomatch cache-miss
1068 http cache https://registry.npmjs.org/brace-expansion 12ms (cache hit)
1069 silly packumentCache full:https://registry.npmjs.org/brace-expansion set size:77035 disposed:false
1070 http cache https://registry.npmjs.org/@typescript-eslint%2ftsconfig-utils 20ms (cache hit)
1071 silly packumentCache full:https://registry.npmjs.org/@typescript-eslint%2ftsconfig-utils set size:1428661 disposed:false
1072 http fetch GET 200 https://registry.npmjs.org/fdir 43ms (cache miss)
1073 silly packumentCache full:https://registry.npmjs.org/fdir set size:undefined disposed:false
1074 http fetch GET 200 https://registry.npmjs.org/picomatch 47ms (cache miss)
1075 silly packumentCache full:https://registry.npmjs.org/picomatch set size:undefined disposed:false
1076 silly placeDep node_modules/@typescript-eslint/visitor-keys eslint-visitor-keys@5.0.1 OK for: @typescript-eslint/visitor-keys@8.62.1 want: ^5.0.0
1077 silly placeDep node_modules/eslint-import-resolver-node debug@3.2.7 OK for: eslint-import-resolver-node@0.3.10 want: ^3.2.7
1078 silly placeDep ROOT is-core-module@2.16.2 OK for: eslint-import-resolver-node@0.3.10 want: ^2.16.1
1079 silly placeDep ROOT resolve@2.0.0-next.7 OK for: eslint-import-resolver-node@0.3.10 want: ^2.0.0-next.6
1080 silly fetch manifest hasown@^2.0.3
1081 silly packumentCache full:https://registry.npmjs.org/hasown cache-miss
1082 silly fetch manifest es-errors@^1.3.0
1083 silly packumentCache full:https://registry.npmjs.org/es-errors cache-miss
1084 silly fetch manifest node-exports-info@^1.6.0
1085 silly packumentCache full:https://registry.npmjs.org/node-exports-info cache-miss
1086 silly fetch manifest object-keys@^1.1.1
1087 silly packumentCache full:https://registry.npmjs.org/object-keys cache-miss
1088 silly fetch manifest path-parse@^1.0.7
1089 silly packumentCache full:https://registry.npmjs.org/path-parse cache-miss
1090 silly fetch manifest supports-preserve-symlinks-flag@^1.0.0
1091 silly packumentCache full:https://registry.npmjs.org/supports-preserve-symlinks-flag cache-miss
1092 http cache https://registry.npmjs.org/hasown 15ms (cache hit)
1093 silly packumentCache full:https://registry.npmjs.org/hasown set size:18361 disposed:false
1094 http fetch GET 200 https://registry.npmjs.org/supports-preserve-symlinks-flag 34ms (cache miss)
1095 silly packumentCache full:https://registry.npmjs.org/supports-preserve-symlinks-flag set size:undefined disposed:false
1096 http fetch GET 200 https://registry.npmjs.org/es-errors 40ms (cache miss)
1097 silly packumentCache full:https://registry.npmjs.org/es-errors set size:undefined disposed:false
1098 http fetch GET 200 https://registry.npmjs.org/path-parse 41ms (cache miss)
1099 silly packumentCache full:https://registry.npmjs.org/path-parse set size:undefined disposed:false
1100 http fetch GET 200 https://registry.npmjs.org/object-keys 45ms (cache miss)
1101 silly packumentCache full:https://registry.npmjs.org/object-keys set size:undefined disposed:false
1102 http fetch GET 200 https://registry.npmjs.org/node-exports-info 47ms (cache miss)
1103 silly packumentCache full:https://registry.npmjs.org/node-exports-info set size:undefined disposed:false
1104 silly placeDep ROOT @nolyfill/is-core-module@1.0.39 OK for: eslint-import-resolver-typescript@3.10.1 want: 1.0.39
1105 silly placeDep ROOT get-tsconfig@4.14.0 OK for: eslint-import-resolver-typescript@3.10.1 want: ^4.10.0
1106 silly placeDep ROOT is-bun-module@2.0.0 OK for: eslint-import-resolver-typescript@3.10.1 want: ^2.0.0
1107 silly placeDep ROOT stable-hash@0.0.5 OK for: eslint-import-resolver-typescript@3.10.1 want: ^0.0.5
1108 silly placeDep ROOT unrs-resolver@1.12.2 OK for: eslint-import-resolver-typescript@3.10.1 want: ^1.6.2
1109 silly fetch manifest resolve-pkg-maps@^1.0.0
1110 silly packumentCache full:https://registry.npmjs.org/resolve-pkg-maps cache-miss
1111 silly fetch manifest napi-postinstall@^0.3.4
1112 silly packumentCache full:https://registry.npmjs.org/napi-postinstall cache-miss
1113 silly fetch manifest @unrs/resolver-binding-darwin-arm64@1.12.2
1114 silly packumentCache full:https://registry.npmjs.org/@unrs%2fresolver-binding-darwin-arm64 cache-miss
1115 silly fetch manifest @unrs/resolver-binding-android-arm64@1.12.2
1116 silly packumentCache full:https://registry.npmjs.org/@unrs%2fresolver-binding-android-arm64 cache-miss
1117 silly fetch manifest @unrs/resolver-binding-win32-arm64-msvc@1.12.2
1118 silly packumentCache full:https://registry.npmjs.org/@unrs%2fresolver-binding-win32-arm64-msvc cache-miss
1119 silly fetch manifest @unrs/resolver-binding-linux-arm64-gnu@1.12.2
1120 silly packumentCache full:https://registry.npmjs.org/@unrs%2fresolver-binding-linux-arm64-gnu cache-miss
1121 silly fetch manifest @unrs/resolver-binding-linux-arm64-musl@1.12.2
1122 silly packumentCache full:https://registry.npmjs.org/@unrs%2fresolver-binding-linux-arm64-musl cache-miss
1123 silly fetch manifest @unrs/resolver-binding-openharmony-arm64@1.12.2
1124 silly packumentCache full:https://registry.npmjs.org/@unrs%2fresolver-binding-openharmony-arm64 cache-miss
1125 silly fetch manifest @unrs/resolver-binding-android-arm-eabi@1.12.2
1126 silly packumentCache full:https://registry.npmjs.org/@unrs%2fresolver-binding-android-arm-eabi cache-miss
1127 silly fetch manifest @unrs/resolver-binding-linux-arm-gnueabihf@1.12.2
1128 silly packumentCache full:https://registry.npmjs.org/@unrs%2fresolver-binding-linux-arm-gnueabihf cache-miss
1129 silly fetch manifest @unrs/resolver-binding-linux-arm-musleabihf@1.12.2
1130 silly packumentCache full:https://registry.npmjs.org/@unrs%2fresolver-binding-linux-arm-musleabihf cache-miss
1131 http fetch GET 200 https://registry.npmjs.org/resolve-pkg-maps 34ms (cache miss)
1132 silly packumentCache full:https://registry.npmjs.org/resolve-pkg-maps set size:undefined disposed:false
1133 silly fetch manifest @unrs/resolver-binding-win32-ia32-msvc@1.12.2
1134 silly packumentCache full:https://registry.npmjs.org/@unrs%2fresolver-binding-win32-ia32-msvc cache-miss
1135 http fetch GET 200 https://registry.npmjs.org/napi-postinstall 39ms (cache miss)
1136 silly packumentCache full:https://registry.npmjs.org/napi-postinstall set size:undefined disposed:false
1137 silly fetch manifest @unrs/resolver-binding-linux-loong64-gnu@1.12.2
1138 silly packumentCache full:https://registry.npmjs.org/@unrs%2fresolver-binding-linux-loong64-gnu cache-miss
1139 http fetch GET 200 https://registry.npmjs.org/@unrs%2fresolver-binding-openharmony-arm64 65ms (cache miss)
1140 silly packumentCache full:https://registry.npmjs.org/@unrs%2fresolver-binding-openharmony-arm64 set size:undefined disposed:false
1141 silly fetch manifest @unrs/resolver-binding-linux-loong64-musl@1.12.2
1142 silly packumentCache full:https://registry.npmjs.org/@unrs%2fresolver-binding-linux-loong64-musl cache-miss
1143 http fetch GET 200 https://registry.npmjs.org/@unrs%2fresolver-binding-darwin-arm64 70ms (cache miss)
1144 silly packumentCache full:https://registry.npmjs.org/@unrs%2fresolver-binding-darwin-arm64 set size:undefined disposed:false
1145 silly fetch manifest @unrs/resolver-binding-linux-ppc64-gnu@1.12.2
1146 silly packumentCache full:https://registry.npmjs.org/@unrs%2fresolver-binding-linux-ppc64-gnu cache-miss
1147 http fetch GET 200 https://registry.npmjs.org/@unrs%2fresolver-binding-android-arm64 81ms (cache miss)
1148 silly packumentCache full:https://registry.npmjs.org/@unrs%2fresolver-binding-android-arm64 set size:undefined disposed:false
1149 silly fetch manifest @unrs/resolver-binding-linux-riscv64-gnu@1.12.2
1150 silly packumentCache full:https://registry.npmjs.org/@unrs%2fresolver-binding-linux-riscv64-gnu cache-miss
1151 http fetch GET 200 https://registry.npmjs.org/@unrs%2fresolver-binding-linux-arm64-gnu 82ms (cache miss)
1152 silly packumentCache full:https://registry.npmjs.org/@unrs%2fresolver-binding-linux-arm64-gnu set size:undefined disposed:false
1153 silly fetch manifest @unrs/resolver-binding-linux-riscv64-musl@1.12.2
1154 silly packumentCache full:https://registry.npmjs.org/@unrs%2fresolver-binding-linux-riscv64-musl cache-miss
1155 http fetch GET 200 https://registry.npmjs.org/@unrs%2fresolver-binding-linux-arm64-musl 86ms (cache miss)
1156 silly packumentCache full:https://registry.npmjs.org/@unrs%2fresolver-binding-linux-arm64-musl set size:undefined disposed:false
1157 silly fetch manifest @unrs/resolver-binding-linux-s390x-gnu@1.12.2
1158 silly packumentCache full:https://registry.npmjs.org/@unrs%2fresolver-binding-linux-s390x-gnu cache-miss
1159 http fetch GET 200 https://registry.npmjs.org/@unrs%2fresolver-binding-win32-arm64-msvc 91ms (cache miss)
1160 silly packumentCache full:https://registry.npmjs.org/@unrs%2fresolver-binding-win32-arm64-msvc set size:undefined disposed:false
1161 silly fetch manifest @unrs/resolver-binding-wasm32-wasi@1.12.2
1162 silly packumentCache full:https://registry.npmjs.org/@unrs%2fresolver-binding-wasm32-wasi cache-miss
1163 http fetch GET 200 https://registry.npmjs.org/@unrs%2fresolver-binding-linux-arm-gnueabihf 91ms (cache miss)
1164 silly packumentCache full:https://registry.npmjs.org/@unrs%2fresolver-binding-linux-arm-gnueabihf set size:undefined disposed:false
1165 silly fetch manifest @unrs/resolver-binding-darwin-x64@1.12.2
1166 silly packumentCache full:https://registry.npmjs.org/@unrs%2fresolver-binding-darwin-x64 cache-miss
1167 http fetch GET 200 https://registry.npmjs.org/@unrs%2fresolver-binding-win32-ia32-msvc 71ms (cache miss)
1168 silly packumentCache full:https://registry.npmjs.org/@unrs%2fresolver-binding-win32-ia32-msvc set size:undefined disposed:false
1169 silly fetch manifest @unrs/resolver-binding-win32-x64-msvc@1.12.2
1170 silly packumentCache full:https://registry.npmjs.org/@unrs%2fresolver-binding-win32-x64-msvc cache-miss
1171 http fetch GET 200 https://registry.npmjs.org/@unrs%2fresolver-binding-linux-loong64-gnu 70ms (cache miss)
1172 silly packumentCache full:https://registry.npmjs.org/@unrs%2fresolver-binding-linux-loong64-gnu set size:undefined disposed:false
1173 silly fetch manifest @unrs/resolver-binding-freebsd-x64@1.12.2
1174 silly packumentCache full:https://registry.npmjs.org/@unrs%2fresolver-binding-freebsd-x64 cache-miss
1175 http fetch GET 200 https://registry.npmjs.org/@unrs%2fresolver-binding-linux-loong64-musl 49ms (cache miss)
1176 silly packumentCache full:https://registry.npmjs.org/@unrs%2fresolver-binding-linux-loong64-musl set size:undefined disposed:false
1177 silly fetch manifest @unrs/resolver-binding-linux-x64-gnu@1.12.2
1178 silly packumentCache full:https://registry.npmjs.org/@unrs%2fresolver-binding-linux-x64-gnu cache-miss
1179 http fetch GET 200 https://registry.npmjs.org/@unrs%2fresolver-binding-linux-riscv64-gnu 44ms (cache miss)
1180 silly packumentCache full:https://registry.npmjs.org/@unrs%2fresolver-binding-linux-riscv64-gnu set size:undefined disposed:false
1181 silly fetch manifest @unrs/resolver-binding-linux-x64-musl@1.12.2
1182 silly packumentCache full:https://registry.npmjs.org/@unrs%2fresolver-binding-linux-x64-musl cache-miss
1183 http fetch GET 200 https://registry.npmjs.org/@unrs%2fresolver-binding-wasm32-wasi 48ms (cache miss)
1184 silly packumentCache full:https://registry.npmjs.org/@unrs%2fresolver-binding-wasm32-wasi set size:undefined disposed:false
1185 http fetch GET 200 https://registry.npmjs.org/@unrs%2fresolver-binding-linux-s390x-gnu 52ms (cache miss)
1186 silly packumentCache full:https://registry.npmjs.org/@unrs%2fresolver-binding-linux-s390x-gnu set size:undefined disposed:false
1187 http fetch GET 200 https://registry.npmjs.org/@unrs%2fresolver-binding-win32-x64-msvc 43ms (cache miss)
1188 silly packumentCache full:https://registry.npmjs.org/@unrs%2fresolver-binding-win32-x64-msvc set size:undefined disposed:false
1189 http fetch GET 200 https://registry.npmjs.org/@unrs%2fresolver-binding-freebsd-x64 49ms (cache miss)
1190 silly packumentCache full:https://registry.npmjs.org/@unrs%2fresolver-binding-freebsd-x64 set size:undefined disposed:false
1191 http fetch GET 200 https://registry.npmjs.org/@unrs%2fresolver-binding-linux-x64-gnu 43ms (cache miss)
1192 silly packumentCache full:https://registry.npmjs.org/@unrs%2fresolver-binding-linux-x64-gnu set size:undefined disposed:false
1193 http fetch GET 200 https://registry.npmjs.org/@unrs%2fresolver-binding-linux-x64-musl 44ms (cache miss)
1194 silly packumentCache full:https://registry.npmjs.org/@unrs%2fresolver-binding-linux-x64-musl set size:undefined disposed:false
1195 http fetch GET 200 https://registry.npmjs.org/@unrs%2fresolver-binding-android-arm-eabi 297ms (cache miss)
1196 silly packumentCache full:https://registry.npmjs.org/@unrs%2fresolver-binding-android-arm-eabi set size:undefined disposed:false
1197 http fetch GET 200 https://registry.npmjs.org/@unrs%2fresolver-binding-linux-arm-musleabihf 298ms (cache miss)
1198 silly packumentCache full:https://registry.npmjs.org/@unrs%2fresolver-binding-linux-arm-musleabihf set size:undefined disposed:false
1199 http fetch GET 200 https://registry.npmjs.org/@unrs%2fresolver-binding-linux-ppc64-gnu 255ms (cache miss)
1200 silly packumentCache full:https://registry.npmjs.org/@unrs%2fresolver-binding-linux-ppc64-gnu set size:undefined disposed:false
1201 http fetch GET 200 https://registry.npmjs.org/@unrs%2fresolver-binding-linux-riscv64-musl 246ms (cache miss)
1202 silly packumentCache full:https://registry.npmjs.org/@unrs%2fresolver-binding-linux-riscv64-musl set size:undefined disposed:false
1203 http fetch GET 200 https://registry.npmjs.org/@unrs%2fresolver-binding-darwin-x64 252ms (cache miss)
1204 silly packumentCache full:https://registry.npmjs.org/@unrs%2fresolver-binding-darwin-x64 set size:undefined disposed:false
1205 silly placeDep ROOT @rtsao/scc@1.1.0 OK for: eslint-plugin-import@2.32.0 want: ^1.1.0
1206 silly placeDep ROOT array-includes@3.1.9 OK for: eslint-plugin-import@2.32.0 want: ^3.1.9
1207 silly placeDep ROOT array.prototype.findlastindex@1.2.6 OK for: eslint-plugin-import@2.32.0 want: ^1.2.6
1208 silly placeDep ROOT array.prototype.flat@1.3.3 OK for: eslint-plugin-import@2.32.0 want: ^1.3.3
1209 silly placeDep ROOT array.prototype.flatmap@1.3.3 OK for: eslint-plugin-import@2.32.0 want: ^1.3.3
1210 silly placeDep node_modules/eslint-plugin-import debug@3.2.7 OK for: eslint-plugin-import@2.32.0 want: ^3.2.7
1211 silly placeDep ROOT doctrine@2.1.0 OK for: eslint-plugin-import@2.32.0 want: ^2.1.0
1212 silly placeDep ROOT eslint-module-utils@2.14.0 OK for: eslint-plugin-import@2.32.0 want: ^2.12.1
1213 silly placeDep ROOT hasown@2.0.4 OK for: eslint-plugin-import@2.32.0 want: ^2.0.2
1214 silly placeDep ROOT object.fromentries@2.0.8 OK for: eslint-plugin-import@2.32.0 want: ^2.0.8
1215 silly placeDep ROOT object.groupby@1.0.3 OK for: eslint-plugin-import@2.32.0 want: ^1.0.3
1216 silly placeDep ROOT object.values@1.2.1 OK for: eslint-plugin-import@2.32.0 want: ^1.2.1
1217 silly placeDep node_modules/eslint-plugin-import semver@6.3.1 OK for: eslint-plugin-import@2.32.0 want: ^6.3.1
1218 silly placeDep ROOT string.prototype.trimend@1.0.10 OK for: eslint-plugin-import@2.32.0 want: ^1.0.9
1219 silly placeDep ROOT tsconfig-paths@3.15.0 OK for: eslint-plugin-import@2.32.0 want: ^3.15.0
1220 silly fetch manifest call-bind@^1.0.8
1221 silly packumentCache full:https://registry.npmjs.org/call-bind cache-miss
1222 silly fetch manifest call-bound@^1.0.4
1223 silly packumentCache full:https://registry.npmjs.org/call-bound cache-miss
1224 silly fetch manifest define-properties@^1.2.1
1225 silly packumentCache full:https://registry.npmjs.org/define-properties cache-miss
1226 silly fetch manifest es-abstract@^1.24.0
1227 silly packumentCache full:https://registry.npmjs.org/es-abstract cache-miss
1228 silly fetch manifest es-object-atoms@^1.1.1
1229 silly packumentCache full:https://registry.npmjs.org/es-object-atoms cache-miss
1230 silly fetch manifest get-intrinsic@^1.3.0
1231 silly packumentCache full:https://registry.npmjs.org/get-intrinsic cache-miss
1232 silly fetch manifest is-string@^1.1.1
1233 silly packumentCache full:https://registry.npmjs.org/is-string cache-miss
1234 silly fetch manifest math-intrinsics@^1.1.0
1235 silly packumentCache full:https://registry.npmjs.org/math-intrinsics cache-miss
1236 silly fetch manifest call-bind@^1.0.8
1237 silly packumentCache full:https://registry.npmjs.org/call-bind cache-miss
1238 silly fetch manifest call-bound@^1.0.4
1239 silly packumentCache full:https://registry.npmjs.org/call-bound cache-miss
1240 silly fetch manifest define-properties@^1.2.1
1241 silly packumentCache full:https://registry.npmjs.org/define-properties cache-miss
1242 http fetch GET 200 https://registry.npmjs.org/call-bound 49ms (cache miss)
1243 silly packumentCache full:https://registry.npmjs.org/call-bound set size:undefined disposed:false
1244 silly fetch manifest es-abstract@^1.23.9
1245 silly packumentCache full:https://registry.npmjs.org/es-abstract cache-miss
1246 http fetch GET 200 https://registry.npmjs.org/call-bound 47ms (cache miss)
1247 silly packumentCache full:https://registry.npmjs.org/call-bound set size:undefined disposed:false
1248 silly fetch manifest es-object-atoms@^1.1.1
1249 silly packumentCache full:https://registry.npmjs.org/es-object-atoms cache-miss
1250 http fetch GET 200 https://registry.npmjs.org/define-properties 57ms (cache miss)
1251 silly packumentCache full:https://registry.npmjs.org/define-properties set size:undefined disposed:false
1252 silly fetch manifest es-shim-unscopables@^1.1.0
1253 silly packumentCache full:https://registry.npmjs.org/es-shim-unscopables cache-miss
1254 http fetch GET 200 https://registry.npmjs.org/math-intrinsics 55ms (cache miss)
1255 silly packumentCache full:https://registry.npmjs.org/math-intrinsics set size:undefined disposed:false
1256 silly fetch manifest call-bind@^1.0.8
1257 silly packumentCache full:https://registry.npmjs.org/call-bind cache-miss
1258 http fetch GET 200 https://registry.npmjs.org/define-properties 57ms (cache miss)
1259 silly packumentCache full:https://registry.npmjs.org/define-properties set size:undefined disposed:false
1260 silly fetch manifest es-abstract@^1.23.5
1261 silly packumentCache full:https://registry.npmjs.org/es-abstract cache-miss
1262 http fetch GET 200 https://registry.npmjs.org/es-object-atoms 62ms (cache miss)
1263 silly packumentCache full:https://registry.npmjs.org/es-object-atoms set size:undefined disposed:false
1264 silly fetch manifest es-shim-unscopables@^1.0.2
1265 silly packumentCache full:https://registry.npmjs.org/es-shim-unscopables cache-miss
1266 http fetch GET 200 https://registry.npmjs.org/get-intrinsic 70ms (cache miss)
1267 silly packumentCache full:https://registry.npmjs.org/get-intrinsic set size:undefined disposed:false
1268 silly fetch manifest call-bind@^1.0.8
1269 silly packumentCache full:https://registry.npmjs.org/call-bind cache-miss
1270 http fetch GET 200 https://registry.npmjs.org/is-string 72ms (cache miss)
1271 silly packumentCache full:https://registry.npmjs.org/is-string set size:undefined disposed:false
1272 silly fetch manifest es-abstract@^1.23.5
1273 silly packumentCache full:https://registry.npmjs.org/es-abstract cache-miss
1274 http fetch GET 200 https://registry.npmjs.org/es-object-atoms 36ms (cache miss)
1275 silly packumentCache full:https://registry.npmjs.org/es-object-atoms set size:undefined disposed:false
1276 silly fetch manifest es-shim-unscopables@^1.0.2
1277 silly packumentCache full:https://registry.npmjs.org/es-shim-unscopables cache-miss
1278 http fetch GET 200 https://registry.npmjs.org/es-shim-unscopables 37ms (cache miss)
1279 silly packumentCache full:https://registry.npmjs.org/es-shim-unscopables set size:undefined disposed:false
1280 silly fetch manifest function-bind@^1.1.2
1281 silly packumentCache full:https://registry.npmjs.org/function-bind cache-miss
1282 http fetch GET 200 https://registry.npmjs.org/es-abstract 99ms (cache miss)
1283 silly packumentCache full:https://registry.npmjs.org/es-abstract set size:undefined disposed:false
1284 silly fetch manifest call-bind@^1.0.7
1285 silly packumentCache full:https://registry.npmjs.org/call-bind cache-miss
1286 http fetch GET 200 https://registry.npmjs.org/es-shim-unscopables 48ms (cache miss)
1287 silly packumentCache full:https://registry.npmjs.org/es-shim-unscopables set size:undefined disposed:false
1288 silly fetch manifest es-abstract@^1.23.2
1289 silly packumentCache full:https://registry.npmjs.org/es-abstract cache-miss
1290 http fetch GET 200 https://registry.npmjs.org/es-abstract 71ms (cache miss)
1291 silly packumentCache full:https://registry.npmjs.org/es-abstract set size:undefined disposed:false
1292 silly fetch manifest es-object-atoms@^1.0.0
1293 silly packumentCache full:https://registry.npmjs.org/es-object-atoms cache-miss
1294 http fetch GET 200 https://registry.npmjs.org/es-shim-unscopables 40ms (cache miss)
1295 silly packumentCache full:https://registry.npmjs.org/es-shim-unscopables set size:undefined disposed:false
1296 silly fetch manifest call-bind@^1.0.7
1297 silly packumentCache full:https://registry.npmjs.org/call-bind cache-miss
1298 http cache https://registry.npmjs.org/es-abstract 23ms (cache hit)
1299 silly packumentCache full:https://registry.npmjs.org/es-abstract set size:384124 disposed:false
1300 silly fetch manifest call-bind@^1.0.8
1301 silly packumentCache full:https://registry.npmjs.org/call-bind cache-miss
1302 http fetch GET 200 https://registry.npmjs.org/function-bind 46ms (cache miss)
1303 silly packumentCache full:https://registry.npmjs.org/function-bind set size:undefined disposed:false
1304 silly fetch manifest call-bound@^1.0.3
1305 silly packumentCache full:https://registry.npmjs.org/call-bound cache-miss
1306 http fetch GET 200 https://registry.npmjs.org/es-abstract 84ms (cache miss)
1307 silly packumentCache full:https://registry.npmjs.org/es-abstract set size:undefined disposed:false
1308 silly packumentCache full:https://registry.npmjs.org/es-abstract dispose
1309 silly fetch manifest es-object-atoms@^1.0.0
1310 silly packumentCache full:https://registry.npmjs.org/es-object-atoms cache-miss
1311 http fetch GET 200 https://registry.npmjs.org/es-abstract 78ms (cache miss)
1312 silly packumentCache full:https://registry.npmjs.org/es-abstract set size:undefined disposed:true
1313 silly fetch manifest call-bind@^1.0.9
1314 silly packumentCache full:https://registry.npmjs.org/call-bind cache-miss
1315 http cache https://registry.npmjs.org/es-object-atoms 31ms (cache hit)
1316 silly packumentCache full:https://registry.npmjs.org/es-object-atoms set size:18278 disposed:false
1317 silly fetch manifest es-object-atoms@^1.1.2
1318 silly packumentCache full:https://registry.npmjs.org/es-object-atoms cache-hit
1319 silly fetch manifest json5@^1.0.2
1320 silly packumentCache full:https://registry.npmjs.org/json5 cache-miss
1321 http cache https://registry.npmjs.org/call-bound 24ms (cache hit)
1322 silly packumentCache full:https://registry.npmjs.org/call-bound set size:15317 disposed:false
1323 silly fetch manifest minimist@^1.2.6
1324 silly packumentCache full:https://registry.npmjs.org/minimist cache-miss
1325 http cache https://registry.npmjs.org/es-object-atoms 20ms (cache hit)
1326 silly packumentCache full:https://registry.npmjs.org/es-object-atoms set size:18278 disposed:false
1327 silly packumentCache full:https://registry.npmjs.org/es-object-atoms dispose
1328 silly fetch manifest strip-bom@^3.0.0
1329 silly packumentCache full:https://registry.npmjs.org/strip-bom cache-miss
1330 http fetch GET 200 https://registry.npmjs.org/strip-bom 26ms (cache miss)
1331 silly packumentCache full:https://registry.npmjs.org/strip-bom set size:undefined disposed:false
1332 silly fetch manifest @types/json5@^0.0.29
1333 silly packumentCache full:https://registry.npmjs.org/@types%2fjson5 cache-miss
1334 http fetch GET 200 https://registry.npmjs.org/minimist 35ms (cache miss)
1335 silly packumentCache full:https://registry.npmjs.org/minimist set size:undefined disposed:false
1336 http fetch GET 200 https://registry.npmjs.org/json5 46ms (cache miss)
1337 silly packumentCache full:https://registry.npmjs.org/json5 set size:undefined disposed:false
1338 http fetch GET 200 https://registry.npmjs.org/@types%2fjson5 31ms (cache miss)
1339 silly packumentCache full:https://registry.npmjs.org/@types%2fjson5 set size:undefined disposed:false
1340 http fetch GET 200 https://registry.npmjs.org/call-bind 157ms (cache miss)
1341 silly packumentCache full:https://registry.npmjs.org/call-bind set size:undefined disposed:false
1342 http fetch GET 200 https://registry.npmjs.org/call-bind 242ms (cache miss)
1343 silly packumentCache full:https://registry.npmjs.org/call-bind set size:undefined disposed:false
1344 http fetch GET 200 https://registry.npmjs.org/call-bind 196ms (cache miss)
1345 silly packumentCache full:https://registry.npmjs.org/call-bind set size:undefined disposed:false
1346 http fetch GET 200 https://registry.npmjs.org/call-bind 300ms (cache miss)
1347 silly packumentCache full:https://registry.npmjs.org/call-bind set size:undefined disposed:false
1348 http fetch GET 200 https://registry.npmjs.org/call-bind 307ms (cache miss)
1349 silly packumentCache full:https://registry.npmjs.org/call-bind set size:undefined disposed:false
1350 http fetch GET 200 https://registry.npmjs.org/call-bind 174ms (cache miss)
1351 silly packumentCache full:https://registry.npmjs.org/call-bind set size:undefined disposed:false
1352 http fetch GET 200 https://registry.npmjs.org/call-bind 149ms (cache miss)
1353 silly packumentCache full:https://registry.npmjs.org/call-bind set size:undefined disposed:false
1354 http fetch GET 200 https://registry.npmjs.org/call-bind 235ms (cache miss)
1355 silly packumentCache full:https://registry.npmjs.org/call-bind set size:undefined disposed:false
1356 silly placeDep ROOT call-bind@1.0.9 OK for: array-includes@3.1.9 want: ^1.0.8
1357 silly placeDep ROOT call-bound@1.0.4 OK for: array-includes@3.1.9 want: ^1.0.4
1358 silly placeDep ROOT define-properties@1.2.1 OK for: array-includes@3.1.9 want: ^1.2.1
1359 silly placeDep ROOT es-abstract@1.24.2 OK for: array-includes@3.1.9 want: ^1.24.0
1360 silly placeDep ROOT es-object-atoms@1.1.2 OK for: array-includes@3.1.9 want: ^1.1.1
1361 silly placeDep ROOT get-intrinsic@1.3.0 OK for: array-includes@3.1.9 want: ^1.3.0
1362 silly placeDep ROOT is-string@1.1.1 OK for: array-includes@3.1.9 want: ^1.1.1
1363 silly placeDep ROOT math-intrinsics@1.1.0 OK for: array-includes@3.1.9 want: ^1.1.0
1364 silly fetch manifest call-bind-apply-helpers@^1.0.2
1365 silly packumentCache full:https://registry.npmjs.org/call-bind-apply-helpers cache-miss
1366 silly fetch manifest es-define-property@^1.0.1
1367 silly packumentCache full:https://registry.npmjs.org/es-define-property cache-miss
1368 silly fetch manifest set-function-length@^1.2.2
1369 silly packumentCache full:https://registry.npmjs.org/set-function-length cache-miss
1370 silly fetch manifest call-bind-apply-helpers@^1.0.2
1371 silly packumentCache full:https://registry.npmjs.org/call-bind-apply-helpers cache-miss
1372 silly fetch manifest define-data-property@^1.0.1
1373 silly packumentCache full:https://registry.npmjs.org/define-data-property cache-miss
1374 silly fetch manifest has-property-descriptors@^1.0.0
1375 silly packumentCache full:https://registry.npmjs.org/has-property-descriptors cache-miss
1376 silly fetch manifest array-buffer-byte-length@^1.0.2
1377 silly packumentCache full:https://registry.npmjs.org/array-buffer-byte-length cache-miss
1378 silly fetch manifest arraybuffer.prototype.slice@^1.0.4
1379 silly packumentCache full:https://registry.npmjs.org/arraybuffer.prototype.slice cache-miss
1380 silly fetch manifest available-typed-arrays@^1.0.7
1381 silly packumentCache full:https://registry.npmjs.org/available-typed-arrays cache-miss
1382 silly fetch manifest data-view-buffer@^1.0.2
1383 silly packumentCache full:https://registry.npmjs.org/data-view-buffer cache-miss
1384 silly fetch manifest data-view-byte-length@^1.0.2
1385 silly packumentCache full:https://registry.npmjs.org/data-view-byte-length cache-miss
1386 http fetch GET 200 https://registry.npmjs.org/set-function-length 48ms (cache miss)
1387 silly packumentCache full:https://registry.npmjs.org/set-function-length set size:undefined disposed:false
1388 silly fetch manifest data-view-byte-offset@^1.0.1
1389 silly packumentCache full:https://registry.npmjs.org/data-view-byte-offset cache-miss
1390 http fetch GET 200 https://registry.npmjs.org/es-define-property 53ms (cache miss)
1391 silly packumentCache full:https://registry.npmjs.org/es-define-property set size:undefined disposed:false
1392 silly fetch manifest es-set-tostringtag@^2.1.0
1393 silly packumentCache full:https://registry.npmjs.org/es-set-tostringtag cache-miss
1394 http fetch GET 200 https://registry.npmjs.org/array-buffer-byte-length 58ms (cache miss)
1395 silly packumentCache full:https://registry.npmjs.org/array-buffer-byte-length set size:undefined disposed:false
1396 silly fetch manifest es-to-primitive@^1.3.0
1397 silly packumentCache full:https://registry.npmjs.org/es-to-primitive cache-miss
1398 http fetch GET 200 https://registry.npmjs.org/has-property-descriptors 60ms (cache miss)
1399 silly packumentCache full:https://registry.npmjs.org/has-property-descriptors set size:undefined disposed:false
1400 silly fetch manifest function.prototype.name@^1.1.8
1401 silly packumentCache full:https://registry.npmjs.org/function.prototype.name cache-miss
1402 http fetch GET 200 https://registry.npmjs.org/define-data-property 63ms (cache miss)
1403 silly packumentCache full:https://registry.npmjs.org/define-data-property set size:undefined disposed:false
1404 silly fetch manifest get-proto@^1.0.1
1405 silly packumentCache full:https://registry.npmjs.org/get-proto cache-miss
1406 http fetch GET 200 https://registry.npmjs.org/arraybuffer.prototype.slice 65ms (cache miss)
1407 silly packumentCache full:https://registry.npmjs.org/arraybuffer.prototype.slice set size:undefined disposed:false
1408 silly fetch manifest get-symbol-description@^1.1.0
1409 silly packumentCache full:https://registry.npmjs.org/get-symbol-description cache-miss
1410 http fetch GET 200 https://registry.npmjs.org/data-view-byte-length 66ms (cache miss)
1411 silly packumentCache full:https://registry.npmjs.org/data-view-byte-length set size:undefined disposed:false
1412 silly fetch manifest globalthis@^1.0.4
1413 silly packumentCache full:https://registry.npmjs.org/globalthis cache-miss
1414 http fetch GET 200 https://registry.npmjs.org/call-bind-apply-helpers 73ms (cache miss)
1415 silly packumentCache full:https://registry.npmjs.org/call-bind-apply-helpers set size:undefined disposed:false
1416 silly fetch manifest gopd@^1.2.0
1417 silly packumentCache full:https://registry.npmjs.org/gopd cache-miss
1418 http fetch GET 200 https://registry.npmjs.org/data-view-buffer 76ms (cache miss)
1419 silly packumentCache full:https://registry.npmjs.org/data-view-buffer set size:undefined disposed:false
1420 silly fetch manifest has-property-descriptors@^1.0.2
1421 silly packumentCache full:https://registry.npmjs.org/has-property-descriptors cache-miss
1422 http fetch GET 200 https://registry.npmjs.org/call-bind-apply-helpers 83ms (cache miss)
1423 silly packumentCache full:https://registry.npmjs.org/call-bind-apply-helpers set size:undefined disposed:false
1424 silly fetch manifest has-proto@^1.2.0
1425 silly packumentCache full:https://registry.npmjs.org/has-proto cache-miss
1426 http fetch GET 200 https://registry.npmjs.org/available-typed-arrays 83ms (cache miss)
1427 silly packumentCache full:https://registry.npmjs.org/available-typed-arrays set size:undefined disposed:false
1428 silly fetch manifest has-symbols@^1.1.0
1429 silly packumentCache full:https://registry.npmjs.org/has-symbols cache-miss
1430 http fetch GET 200 https://registry.npmjs.org/data-view-byte-offset 55ms (cache miss)
1431 silly packumentCache full:https://registry.npmjs.org/data-view-byte-offset set size:undefined disposed:false
1432 silly fetch manifest internal-slot@^1.1.0
1433 silly packumentCache full:https://registry.npmjs.org/internal-slot cache-miss
1434 http fetch GET 200 https://registry.npmjs.org/es-set-tostringtag 54ms (cache miss)
1435 silly packumentCache full:https://registry.npmjs.org/es-set-tostringtag set size:undefined disposed:false
1436 silly fetch manifest is-array-buffer@^3.0.5
1437 silly packumentCache full:https://registry.npmjs.org/is-array-buffer cache-miss
1438 http cache https://registry.npmjs.org/has-property-descriptors 35ms (cache hit)
1439 silly packumentCache full:https://registry.npmjs.org/has-property-descriptors set size:12452 disposed:false
1440 silly fetch manifest is-callable@^1.2.7
1441 silly packumentCache full:https://registry.npmjs.org/is-callable cache-miss
1442 http fetch GET 200 https://registry.npmjs.org/function.prototype.name 59ms (cache miss)
1443 silly packumentCache full:https://registry.npmjs.org/function.prototype.name set size:undefined disposed:false
1444 silly fetch manifest is-data-view@^1.0.2
1445 silly packumentCache full:https://registry.npmjs.org/is-data-view cache-miss
1446 http fetch GET 200 https://registry.npmjs.org/globalthis 55ms (cache miss)
1447 silly packumentCache full:https://registry.npmjs.org/globalthis set size:undefined disposed:false
1448 silly fetch manifest is-negative-zero@^2.0.3
1449 silly packumentCache full:https://registry.npmjs.org/is-negative-zero cache-miss
1450 http fetch GET 200 https://registry.npmjs.org/es-to-primitive 68ms (cache miss)
1451 silly packumentCache full:https://registry.npmjs.org/es-to-primitive set size:undefined disposed:false
1452 silly fetch manifest is-regex@^1.2.1
1453 silly packumentCache full:https://registry.npmjs.org/is-regex cache-miss
1454 http fetch GET 200 https://registry.npmjs.org/get-proto 66ms (cache miss)
1455 silly packumentCache full:https://registry.npmjs.org/get-proto set size:undefined disposed:false
1456 silly fetch manifest is-set@^2.0.3
1457 silly packumentCache full:https://registry.npmjs.org/is-set cache-miss
1458 http fetch GET 200 https://registry.npmjs.org/get-symbol-description 64ms (cache miss)
1459 silly packumentCache full:https://registry.npmjs.org/get-symbol-description set size:undefined disposed:false
1460 silly fetch manifest is-shared-array-buffer@^1.0.4
1461 silly packumentCache full:https://registry.npmjs.org/is-shared-array-buffer cache-miss
1462 http fetch GET 200 https://registry.npmjs.org/gopd 66ms (cache miss)
1463 silly packumentCache full:https://registry.npmjs.org/gopd set size:undefined disposed:false
1464 silly fetch manifest is-typed-array@^1.1.15
1465 silly packumentCache full:https://registry.npmjs.org/is-typed-array cache-miss
1466 http fetch GET 200 https://registry.npmjs.org/has-proto 65ms (cache miss)
1467 silly packumentCache full:https://registry.npmjs.org/has-proto set size:undefined disposed:false
1468 silly fetch manifest is-weakref@^1.1.1
1469 silly packumentCache full:https://registry.npmjs.org/is-weakref cache-miss
1470 http fetch GET 200 https://registry.npmjs.org/has-symbols 67ms (cache miss)
1471 silly packumentCache full:https://registry.npmjs.org/has-symbols set size:undefined disposed:false
1472 silly fetch manifest object-inspect@^1.13.4
1473 silly packumentCache full:https://registry.npmjs.org/object-inspect cache-miss
1474 http fetch GET 200 https://registry.npmjs.org/internal-slot 58ms (cache miss)
1475 silly packumentCache full:https://registry.npmjs.org/internal-slot set size:undefined disposed:false
1476 silly fetch manifest object.assign@^4.1.7
1477 silly packumentCache full:https://registry.npmjs.org/object.assign cache-miss
1478 http fetch GET 200 https://registry.npmjs.org/is-data-view 47ms (cache miss)
1479 silly packumentCache full:https://registry.npmjs.org/is-data-view set size:undefined disposed:false
1480 silly fetch manifest own-keys@^1.0.1
1481 silly packumentCache full:https://registry.npmjs.org/own-keys cache-miss
1482 http fetch GET 200 https://registry.npmjs.org/is-array-buffer 64ms (cache miss)
1483 silly packumentCache full:https://registry.npmjs.org/is-array-buffer set size:undefined disposed:false
1484 silly fetch manifest regexp.prototype.flags@^1.5.4
1485 silly packumentCache full:https://registry.npmjs.org/regexp.prototype.flags cache-miss
1486 http fetch GET 200 https://registry.npmjs.org/is-shared-array-buffer 52ms (cache miss)
1487 silly packumentCache full:https://registry.npmjs.org/is-shared-array-buffer set size:undefined disposed:false
1488 silly fetch manifest safe-array-concat@^1.1.3
1489 silly packumentCache full:https://registry.npmjs.org/safe-array-concat cache-miss
1490 http fetch GET 200 https://registry.npmjs.org/is-regex 61ms (cache miss)
1491 silly packumentCache full:https://registry.npmjs.org/is-regex set size:undefined disposed:false
1492 silly fetch manifest safe-push-apply@^1.0.0
1493 silly packumentCache full:https://registry.npmjs.org/safe-push-apply cache-miss
1494 http fetch GET 200 https://registry.npmjs.org/is-set 66ms (cache miss)
1495 silly packumentCache full:https://registry.npmjs.org/is-set set size:undefined disposed:false
1496 silly fetch manifest safe-regex-test@^1.1.0
1497 silly packumentCache full:https://registry.npmjs.org/safe-regex-test cache-miss
1498 http fetch GET 200 https://registry.npmjs.org/is-negative-zero 70ms (cache miss)
1499 silly packumentCache full:https://registry.npmjs.org/is-negative-zero set size:undefined disposed:false
1500 silly fetch manifest set-proto@^1.0.0
1501 silly packumentCache full:https://registry.npmjs.org/set-proto cache-miss
1502 http fetch GET 200 https://registry.npmjs.org/is-typed-array 62ms (cache miss)
1503 silly packumentCache full:https://registry.npmjs.org/is-typed-array set size:undefined disposed:false
1504 silly fetch manifest stop-iteration-iterator@^1.1.0
1505 silly packumentCache full:https://registry.npmjs.org/stop-iteration-iterator cache-miss
1506 http fetch GET 200 https://registry.npmjs.org/is-weakref 66ms (cache miss)
1507 silly packumentCache full:https://registry.npmjs.org/is-weakref set size:undefined disposed:false
1508 silly fetch manifest string.prototype.trim@^1.2.10
1509 silly packumentCache full:https://registry.npmjs.org/string.prototype.trim cache-miss
1510 http fetch GET 200 https://registry.npmjs.org/object-inspect 65ms (cache miss)
1511 silly packumentCache full:https://registry.npmjs.org/object-inspect set size:undefined disposed:false
1512 silly fetch manifest string.prototype.trimstart@^1.0.8
1513 silly packumentCache full:https://registry.npmjs.org/string.prototype.trimstart cache-miss
1514 http fetch GET 200 https://registry.npmjs.org/own-keys 55ms (cache miss)
1515 silly packumentCache full:https://registry.npmjs.org/own-keys set size:undefined disposed:false
1516 silly fetch manifest typed-array-buffer@^1.0.3
1517 silly packumentCache full:https://registry.npmjs.org/typed-array-buffer cache-miss
1518 http fetch GET 200 https://registry.npmjs.org/object.assign 62ms (cache miss)
1519 silly packumentCache full:https://registry.npmjs.org/object.assign set size:undefined disposed:false
1520 silly fetch manifest typed-array-byte-length@^1.0.3
1521 silly packumentCache full:https://registry.npmjs.org/typed-array-byte-length cache-miss
1522 http cache https://registry.npmjs.org/safe-regex-test 35ms (cache hit)
1523 silly packumentCache full:https://registry.npmjs.org/safe-regex-test set size:17412 disposed:false
1524 silly fetch manifest typed-array-byte-offset@^1.0.4
1525 silly packumentCache full:https://registry.npmjs.org/typed-array-byte-offset cache-miss
1526 http fetch GET 200 https://registry.npmjs.org/regexp.prototype.flags 63ms (cache miss)
1527 silly packumentCache full:https://registry.npmjs.org/regexp.prototype.flags set size:undefined disposed:false
1528 silly fetch manifest typed-array-length@^1.0.7
1529 silly packumentCache full:https://registry.npmjs.org/typed-array-length cache-miss
1530 http fetch GET 200 https://registry.npmjs.org/safe-push-apply 52ms (cache miss)
1531 silly packumentCache full:https://registry.npmjs.org/safe-push-apply set size:undefined disposed:false
1532 silly fetch manifest unbox-primitive@^1.1.0
1533 silly packumentCache full:https://registry.npmjs.org/unbox-primitive cache-miss
1534 http fetch GET 200 https://registry.npmjs.org/safe-array-concat 60ms (cache miss)
1535 silly packumentCache full:https://registry.npmjs.org/safe-array-concat set size:undefined disposed:false
1536 silly fetch manifest which-typed-array@^1.1.19
1537 silly packumentCache full:https://registry.npmjs.org/which-typed-array cache-miss
1538 http fetch GET 200 https://registry.npmjs.org/set-proto 56ms (cache miss)
1539 silly packumentCache full:https://registry.npmjs.org/set-proto set size:undefined disposed:false
1540 silly fetch manifest has-tostringtag@^1.0.2
1541 silly packumentCache full:https://registry.npmjs.org/has-tostringtag cache-miss
1542 http fetch GET 200 https://registry.npmjs.org/stop-iteration-iterator 61ms (cache miss)
1543 silly packumentCache full:https://registry.npmjs.org/stop-iteration-iterator set size:undefined disposed:false
1544 http fetch GET 200 https://registry.npmjs.org/string.prototype.trim 54ms (cache miss)
1545 silly packumentCache full:https://registry.npmjs.org/string.prototype.trim set size:undefined disposed:false
1546 http fetch GET 200 https://registry.npmjs.org/typed-array-byte-length 44ms (cache miss)
1547 silly packumentCache full:https://registry.npmjs.org/typed-array-byte-length set size:undefined disposed:false
1548 http fetch GET 200 https://registry.npmjs.org/typed-array-buffer 48ms (cache miss)
1549 silly packumentCache full:https://registry.npmjs.org/typed-array-buffer set size:undefined disposed:false
1550 http fetch GET 200 https://registry.npmjs.org/typed-array-byte-offset 44ms (cache miss)
1551 silly packumentCache full:https://registry.npmjs.org/typed-array-byte-offset set size:undefined disposed:false
1552 http fetch GET 200 https://registry.npmjs.org/unbox-primitive 36ms (cache miss)
1553 silly packumentCache full:https://registry.npmjs.org/unbox-primitive set size:undefined disposed:false
1554 http fetch GET 200 https://registry.npmjs.org/typed-array-length 43ms (cache miss)
1555 silly packumentCache full:https://registry.npmjs.org/typed-array-length set size:undefined disposed:false
1556 http fetch GET 200 https://registry.npmjs.org/has-tostringtag 31ms (cache miss)
1557 silly packumentCache full:https://registry.npmjs.org/has-tostringtag set size:undefined disposed:false
1558 http fetch GET 200 https://registry.npmjs.org/which-typed-array 42ms (cache miss)
1559 silly packumentCache full:https://registry.npmjs.org/which-typed-array set size:undefined disposed:false
1560 http fetch GET 200 https://registry.npmjs.org/is-callable 280ms (cache miss)
1561 silly packumentCache full:https://registry.npmjs.org/is-callable set size:undefined disposed:false
1562 http fetch GET 200 https://registry.npmjs.org/string.prototype.trimstart 276ms (cache miss)
1563 silly packumentCache full:https://registry.npmjs.org/string.prototype.trimstart set size:undefined disposed:false
1564 silly placeDep ROOT es-errors@1.3.0 OK for: array.prototype.findlastindex@1.2.6 want: ^1.3.0
1565 silly placeDep ROOT es-shim-unscopables@1.1.0 OK for: array.prototype.findlastindex@1.2.6 want: ^1.1.0
1566 silly placeDep ROOT call-bind-apply-helpers@1.0.2 OK for: call-bind@1.0.9 want: ^1.0.2
1567 silly placeDep ROOT es-define-property@1.0.1 OK for: call-bind@1.0.9 want: ^1.0.1
1568 silly placeDep ROOT set-function-length@1.2.2 OK for: call-bind@1.0.9 want: ^1.2.2
1569 silly fetch manifest define-data-property@^1.1.4
1570 silly packumentCache full:https://registry.npmjs.org/define-data-property cache-miss
1571 silly fetch manifest gopd@^1.0.1
1572 silly packumentCache full:https://registry.npmjs.org/gopd cache-miss
1573 http cache https://registry.npmjs.org/define-data-property 13ms (cache hit)
1574 silly packumentCache full:https://registry.npmjs.org/define-data-property set size:28048 disposed:false
1575 http cache https://registry.npmjs.org/gopd 13ms (cache hit)
1576 silly packumentCache full:https://registry.npmjs.org/gopd set size:11458 disposed:false
1577 silly placeDep ROOT function-bind@1.1.2 OK for: call-bind-apply-helpers@1.0.2 want: ^1.1.2
1578 silly placeDep ROOT define-data-property@1.1.4 OK for: define-properties@1.2.1 want: ^1.0.1
1579 silly placeDep ROOT has-property-descriptors@1.0.2 OK for: define-properties@1.2.1 want: ^1.0.0
1580 silly placeDep ROOT object-keys@1.1.1 OK for: define-properties@1.2.1 want: ^1.1.1
1581 silly placeDep ROOT gopd@1.2.0 OK for: define-data-property@1.1.4 want: ^1.0.1
1582 silly placeDep ROOT array-buffer-byte-length@1.0.2 OK for: es-abstract@1.24.2 want: ^1.0.2
1583 silly placeDep ROOT arraybuffer.prototype.slice@1.0.4 OK for: es-abstract@1.24.2 want: ^1.0.4
1584 silly placeDep ROOT available-typed-arrays@1.0.7 OK for: es-abstract@1.24.2 want: ^1.0.7
1585 silly placeDep ROOT data-view-buffer@1.0.2 OK for: es-abstract@1.24.2 want: ^1.0.2
1586 silly placeDep ROOT data-view-byte-length@1.0.2 OK for: es-abstract@1.24.2 want: ^1.0.2
1587 silly placeDep ROOT data-view-byte-offset@1.0.1 OK for: es-abstract@1.24.2 want: ^1.0.1
1588 silly placeDep ROOT es-set-tostringtag@2.1.0 OK for: es-abstract@1.24.2 want: ^2.1.0
1589 silly placeDep ROOT es-to-primitive@1.3.4 OK for: es-abstract@1.24.2 want: ^1.3.0
1590 silly placeDep ROOT function.prototype.name@1.2.0 OK for: es-abstract@1.24.2 want: ^1.1.8
1591 silly placeDep ROOT get-proto@1.0.1 OK for: es-abstract@1.24.2 want: ^1.0.1
1592 silly placeDep ROOT get-symbol-description@1.1.0 OK for: es-abstract@1.24.2 want: ^1.1.0
1593 silly placeDep ROOT globalthis@1.0.4 OK for: es-abstract@1.24.2 want: ^1.0.4
1594 silly placeDep ROOT has-proto@1.2.0 OK for: es-abstract@1.24.2 want: ^1.2.0
1595 silly placeDep ROOT has-symbols@1.1.0 OK for: es-abstract@1.24.2 want: ^1.1.0
1596 silly placeDep ROOT internal-slot@1.1.0 OK for: es-abstract@1.24.2 want: ^1.1.0
1597 silly placeDep ROOT is-array-buffer@3.0.5 OK for: es-abstract@1.24.2 want: ^3.0.5
1598 silly placeDep ROOT is-callable@1.2.7 OK for: es-abstract@1.24.2 want: ^1.2.7
1599 silly placeDep ROOT is-data-view@1.0.2 OK for: es-abstract@1.24.2 want: ^1.0.2
1600 silly placeDep ROOT is-negative-zero@2.0.3 OK for: es-abstract@1.24.2 want: ^2.0.3
1601 silly placeDep ROOT is-regex@1.2.1 OK for: es-abstract@1.24.2 want: ^1.2.1
1602 silly placeDep ROOT is-set@2.0.3 OK for: es-abstract@1.24.2 want: ^2.0.3
1603 silly placeDep ROOT is-shared-array-buffer@1.0.4 OK for: es-abstract@1.24.2 want: ^1.0.4
1604 silly placeDep ROOT is-typed-array@1.1.15 OK for: es-abstract@1.24.2 want: ^1.1.15
1605 silly placeDep ROOT is-weakref@1.1.1 OK for: es-abstract@1.24.2 want: ^1.1.1
1606 silly placeDep ROOT object-inspect@1.13.4 OK for: es-abstract@1.24.2 want: ^1.13.4
1607 silly placeDep ROOT object.assign@4.1.7 OK for: es-abstract@1.24.2 want: ^4.1.7
1608 silly placeDep ROOT own-keys@1.0.1 OK for: es-abstract@1.24.2 want: ^1.0.1
1609 silly placeDep ROOT regexp.prototype.flags@1.5.4 OK for: es-abstract@1.24.2 want: ^1.5.4
1610 silly placeDep ROOT safe-array-concat@1.1.4 OK for: es-abstract@1.24.2 want: ^1.1.3
1611 silly placeDep ROOT safe-push-apply@1.0.0 OK for: es-abstract@1.24.2 want: ^1.0.0
1612 silly placeDep ROOT safe-regex-test@1.1.0 OK for: es-abstract@1.24.2 want: ^1.1.0
1613 silly placeDep ROOT set-proto@1.0.0 OK for: es-abstract@1.24.2 want: ^1.0.0
1614 silly placeDep ROOT stop-iteration-iterator@1.1.0 OK for: es-abstract@1.24.2 want: ^1.1.0
1615 silly placeDep ROOT string.prototype.trim@1.2.11 OK for: es-abstract@1.24.2 want: ^1.2.10
1616 silly placeDep ROOT string.prototype.trimstart@1.0.8 OK for: es-abstract@1.24.2 want: ^1.0.8
1617 silly placeDep ROOT typed-array-buffer@1.0.3 OK for: es-abstract@1.24.2 want: ^1.0.3
1618 silly placeDep ROOT typed-array-byte-length@1.0.3 OK for: es-abstract@1.24.2 want: ^1.0.3
1619 silly placeDep ROOT typed-array-byte-offset@1.0.4 OK for: es-abstract@1.24.2 want: ^1.0.4
1620 silly placeDep ROOT typed-array-length@1.0.8 OK for: es-abstract@1.24.2 want: ^1.0.7
1621 silly placeDep ROOT unbox-primitive@1.1.0 OK for: es-abstract@1.24.2 want: ^1.1.0
1622 silly placeDep ROOT which-typed-array@1.1.22 OK for: es-abstract@1.24.2 want: ^1.1.19
1623 silly fetch manifest is-array-buffer@^3.0.4
1624 silly packumentCache full:https://registry.npmjs.org/is-array-buffer cache-miss
1625 silly fetch manifest possible-typed-array-names@^1.0.0
1626 silly packumentCache full:https://registry.npmjs.org/possible-typed-array-names cache-miss
1627 silly fetch manifest is-data-view@^1.0.1
1628 silly packumentCache full:https://registry.npmjs.org/is-data-view cache-miss
1629 silly fetch manifest is-symbol@^1.1.1
1630 silly packumentCache full:https://registry.npmjs.org/is-symbol cache-miss
1631 silly fetch manifest is-date-object@^1.1.0
1632 silly packumentCache full:https://registry.npmjs.org/is-date-object cache-miss
1633 silly fetch manifest es-abstract-get@^1.0.0
1634 silly packumentCache full:https://registry.npmjs.org/es-abstract-get cache-miss
1635 silly fetch manifest is-document.all@^1.0.0
1636 silly packumentCache full:https://registry.npmjs.org/is-document.all cache-miss
1637 silly fetch manifest functions-have-names@^1.2.3
1638 silly packumentCache full:https://registry.npmjs.org/functions-have-names cache-miss
1639 silly fetch manifest dunder-proto@^1.0.1
1640 silly packumentCache full:https://registry.npmjs.org/dunder-proto cache-miss
1641 silly fetch manifest dunder-proto@^1.0.0
1642 silly packumentCache full:https://registry.npmjs.org/dunder-proto cache-miss
1643 silly fetch manifest side-channel@^1.1.0
1644 silly packumentCache full:https://registry.npmjs.org/side-channel cache-miss
1645 http cache https://registry.npmjs.org/is-data-view 36ms (cache hit)
1646 silly packumentCache full:https://registry.npmjs.org/is-data-view set size:13756 disposed:false
1647 silly fetch manifest is-typed-array@^1.1.13
1648 silly packumentCache full:https://registry.npmjs.org/is-typed-array cache-miss
1649 http cache https://registry.npmjs.org/is-array-buffer 39ms (cache hit)
1650 silly packumentCache full:https://registry.npmjs.org/is-array-buffer set size:33562 disposed:false
1651 silly fetch manifest which-typed-array@^1.1.16
1652 silly packumentCache full:https://registry.npmjs.org/which-typed-array cache-miss
1653 http fetch GET 200 https://registry.npmjs.org/es-abstract-get 48ms (cache miss)
1654 silly packumentCache full:https://registry.npmjs.org/es-abstract-get set size:undefined disposed:false
1655 silly fetch manifest set-function-name@^2.0.2
1656 silly packumentCache full:https://registry.npmjs.org/set-function-name cache-miss
1657 http fetch GET 200 https://registry.npmjs.org/functions-have-names 48ms (cache miss)
1658 silly packumentCache full:https://registry.npmjs.org/functions-have-names set size:undefined disposed:false
1659 silly fetch manifest isarray@^2.0.5
1660 silly packumentCache full:https://registry.npmjs.org/isarray cache-miss
1661 http fetch GET 200 https://registry.npmjs.org/dunder-proto 51ms (cache miss)
1662 silly packumentCache full:https://registry.npmjs.org/dunder-proto set size:undefined disposed:false
1663 silly fetch manifest isarray@^2.0.5
1664 silly packumentCache full:https://registry.npmjs.org/isarray cache-miss
1665 http fetch GET 200 https://registry.npmjs.org/is-date-object 57ms (cache miss)
1666 silly packumentCache full:https://registry.npmjs.org/is-date-object set size:undefined disposed:false
1667 silly fetch manifest dunder-proto@^1.0.1
1668 silly packumentCache full:https://registry.npmjs.org/dunder-proto cache-miss
1669 http fetch GET 200 https://registry.npmjs.org/is-symbol 60ms (cache miss)
1670 silly packumentCache full:https://registry.npmjs.org/is-symbol set size:undefined disposed:false
1671 silly fetch manifest for-each@^0.3.3
1672 silly packumentCache full:https://registry.npmjs.org/for-each cache-miss
1673 http fetch GET 200 https://registry.npmjs.org/possible-typed-array-names 62ms (cache miss)
1674 silly packumentCache full:https://registry.npmjs.org/possible-typed-array-names set size:undefined disposed:false
1675 silly fetch manifest for-each@^0.3.3
1676 silly packumentCache full:https://registry.npmjs.org/for-each cache-miss
1677 http fetch GET 200 https://registry.npmjs.org/is-document.all 61ms (cache miss)
1678 silly packumentCache full:https://registry.npmjs.org/is-document.all set size:undefined disposed:false
1679 silly fetch manifest reflect.getprototypeof@^1.0.9
1680 silly packumentCache full:https://registry.npmjs.org/reflect.getprototypeof cache-miss
1681 http fetch GET 200 https://registry.npmjs.org/side-channel 61ms (cache miss)
1682 silly packumentCache full:https://registry.npmjs.org/side-channel set size:undefined disposed:false
1683 silly fetch manifest for-each@^0.3.5
1684 silly packumentCache full:https://registry.npmjs.org/for-each cache-miss
1685 http fetch GET 200 https://registry.npmjs.org/dunder-proto 67ms (cache miss)
1686 silly packumentCache full:https://registry.npmjs.org/dunder-proto set size:undefined disposed:false
1687 silly fetch manifest possible-typed-array-names@^1.1.0
1688 silly packumentCache full:https://registry.npmjs.org/possible-typed-array-names cache-miss
1689 http cache https://registry.npmjs.org/which-typed-array 42ms (cache hit)
1690 silly packumentCache full:https://registry.npmjs.org/which-typed-array set size:101551 disposed:false
1691 silly fetch manifest reflect.getprototypeof@^1.0.10
1692 silly packumentCache full:https://registry.npmjs.org/reflect.getprototypeof cache-miss
1693 http cache https://registry.npmjs.org/is-typed-array 49ms (cache hit)
1694 silly packumentCache full:https://registry.npmjs.org/is-typed-array set size:79965 disposed:false
1695 silly fetch manifest has-bigints@^1.0.2
1696 silly packumentCache full:https://registry.npmjs.org/has-bigints cache-miss
1697 http fetch GET 200 https://registry.npmjs.org/set-function-name 52ms (cache miss)
1698 silly packumentCache full:https://registry.npmjs.org/set-function-name set size:undefined disposed:false
1699 silly fetch manifest which-boxed-primitive@^1.1.1
1700 silly packumentCache full:https://registry.npmjs.org/which-boxed-primitive cache-miss
1701 http cache https://registry.npmjs.org/dunder-proto 46ms (cache hit)
1702 silly packumentCache full:https://registry.npmjs.org/dunder-proto set size:8256 disposed:false
1703 silly fetch manifest for-each@^0.3.5
1704 silly packumentCache full:https://registry.npmjs.org/for-each cache-miss
1705 http cache https://registry.npmjs.org/possible-typed-array-names 39ms (cache hit)
1706 silly packumentCache full:https://registry.npmjs.org/possible-typed-array-names set size:9167 disposed:false
1707 http fetch GET 200 https://registry.npmjs.org/for-each 53ms (cache miss)
1708 silly packumentCache full:https://registry.npmjs.org/for-each set size:undefined disposed:false
1709 http fetch GET 200 https://registry.npmjs.org/isarray 63ms (cache miss)
1710 silly packumentCache full:https://registry.npmjs.org/isarray set size:undefined disposed:false
1711 http fetch GET 200 https://registry.npmjs.org/reflect.getprototypeof 53ms (cache miss)
1712 silly packumentCache full:https://registry.npmjs.org/reflect.getprototypeof set size:undefined disposed:false
1713 http fetch GET 200 https://registry.npmjs.org/for-each 53ms (cache miss)
1714 silly packumentCache full:https://registry.npmjs.org/for-each set size:undefined disposed:false
1715 http fetch GET 200 https://registry.npmjs.org/for-each 60ms (cache miss)
1716 silly packumentCache full:https://registry.npmjs.org/for-each set size:undefined disposed:false
1717 http fetch GET 200 https://registry.npmjs.org/isarray 68ms (cache miss)
1718 silly packumentCache full:https://registry.npmjs.org/isarray set size:undefined disposed:false
1719 http fetch GET 200 https://registry.npmjs.org/reflect.getprototypeof 43ms (cache miss)
1720 silly packumentCache full:https://registry.npmjs.org/reflect.getprototypeof set size:undefined disposed:false
1721 http cache https://registry.npmjs.org/for-each 24ms (cache hit)
1722 silly packumentCache full:https://registry.npmjs.org/for-each set size:14327 disposed:false
1723 http fetch GET 200 https://registry.npmjs.org/has-bigints 46ms (cache miss)
1724 silly packumentCache full:https://registry.npmjs.org/has-bigints set size:undefined disposed:false
1725 http fetch GET 200 https://registry.npmjs.org/which-boxed-primitive 36ms (cache miss)
1726 silly packumentCache full:https://registry.npmjs.org/which-boxed-primitive set size:undefined disposed:false
1727 silly placeDep ROOT possible-typed-array-names@1.1.0 OK for: available-typed-arrays@1.0.7 want: ^1.0.0
1728 silly placeDep ROOT has-tostringtag@1.0.2 OK for: es-set-tostringtag@2.1.0 want: ^1.0.2
1729 silly placeDep ROOT es-abstract-get@1.0.0 OK for: es-to-primitive@1.3.4 want: ^1.0.0
1730 silly placeDep ROOT is-date-object@1.1.0 OK for: es-to-primitive@1.3.4 want: ^1.1.0
1731 silly placeDep ROOT is-symbol@1.1.1 OK for: es-to-primitive@1.3.4 want: ^1.1.1
1732 silly placeDep node_modules/eslint-module-utils debug@3.2.7 OK for: eslint-module-utils@2.14.0 want: ^3.2.7
1733 silly placeDep ROOT aria-query@5.3.2 OK for: eslint-plugin-jsx-a11y@6.10.2 want: ^5.3.2
1734 silly placeDep ROOT ast-types-flow@0.0.8 OK for: eslint-plugin-jsx-a11y@6.10.2 want: ^0.0.8
1735 silly placeDep ROOT axe-core@4.12.1 OK for: eslint-plugin-jsx-a11y@6.10.2 want: ^4.10.0
1736 silly placeDep ROOT axobject-query@4.1.0 OK for: eslint-plugin-jsx-a11y@6.10.2 want: ^4.1.0
1737 silly placeDep ROOT damerau-levenshtein@1.0.8 OK for: eslint-plugin-jsx-a11y@6.10.2 want: ^1.0.8
1738 silly placeDep ROOT emoji-regex@9.2.2 OK for: eslint-plugin-jsx-a11y@6.10.2 want: ^9.2.2
1739 silly placeDep ROOT jsx-ast-utils@3.3.5 OK for: eslint-plugin-jsx-a11y@6.10.2 want: ^3.3.5
1740 silly placeDep ROOT language-tags@1.0.9 OK for: eslint-plugin-jsx-a11y@6.10.2 want: ^1.0.9
1741 silly placeDep ROOT string.prototype.includes@2.0.1 OK for: eslint-plugin-jsx-a11y@6.10.2 want: ^2.0.1
1742 silly fetch manifest language-subtag-registry@^0.3.20
1743 silly packumentCache full:https://registry.npmjs.org/language-subtag-registry cache-miss
1744 http fetch GET 200 https://registry.npmjs.org/language-subtag-registry 26ms (cache miss)
1745 silly packumentCache full:https://registry.npmjs.org/language-subtag-registry set size:undefined disposed:false
1746 silly placeDep ROOT array.prototype.findlast@1.2.5 OK for: eslint-plugin-react@7.37.5 want: ^1.2.5
1747 silly placeDep ROOT array.prototype.tosorted@1.1.4 OK for: eslint-plugin-react@7.37.5 want: ^1.1.4
1748 silly placeDep ROOT es-iterator-helpers@1.3.3 OK for: eslint-plugin-react@7.37.5 want: ^1.2.1
1749 silly placeDep ROOT estraverse@5.3.0 OK for: eslint-plugin-react@7.37.5 want: ^5.3.0
1750 silly placeDep ROOT object.entries@1.1.9 OK for: eslint-plugin-react@7.37.5 want: ^1.1.9
1751 silly placeDep ROOT prop-types@15.8.1 OK for: eslint-plugin-react@7.37.5 want: ^15.8.1
1752 silly placeDep node_modules/eslint-plugin-react semver@6.3.1 OK for: eslint-plugin-react@7.37.5 want: ^6.3.1
1753 silly placeDep ROOT string.prototype.matchall@4.0.12 OK for: eslint-plugin-react@7.37.5 want: ^4.0.12
1754 silly placeDep ROOT string.prototype.repeat@1.0.0 OK for: eslint-plugin-react@7.37.5 want: ^1.0.0
1755 silly fetch manifest iterator.prototype@^1.1.5
1756 silly packumentCache full:https://registry.npmjs.org/iterator.prototype cache-miss
1757 silly fetch manifest loose-envify@^1.4.0
1758 silly packumentCache full:https://registry.npmjs.org/loose-envify cache-miss
1759 silly fetch manifest object-assign@^4.1.1
1760 silly packumentCache full:https://registry.npmjs.org/object-assign cache-miss
1761 silly fetch manifest react-is@^16.13.1
1762 silly packumentCache full:https://registry.npmjs.org/react-is cache-miss
1763 http fetch GET 200 https://registry.npmjs.org/iterator.prototype 31ms (cache miss)
1764 silly packumentCache full:https://registry.npmjs.org/iterator.prototype set size:undefined disposed:false
1765 http fetch GET 200 https://registry.npmjs.org/loose-envify 34ms (cache miss)
1766 silly packumentCache full:https://registry.npmjs.org/loose-envify set size:undefined disposed:false
1767 http fetch GET 200 https://registry.npmjs.org/object-assign 36ms (cache miss)
1768 silly packumentCache full:https://registry.npmjs.org/object-assign set size:undefined disposed:false
1769 http fetch GET 200 https://registry.npmjs.org/react-is 184ms (cache miss)
1770 silly packumentCache full:https://registry.npmjs.org/react-is set size:undefined disposed:false
1771 silly placeDep ROOT iterator.prototype@1.1.5 OK for: es-iterator-helpers@1.3.3 want: ^1.1.5
1772 silly placeDep ROOT esrecurse@4.3.0 OK for: eslint-scope@8.4.0 want: ^4.3.0
1773 silly placeDep ROOT acorn@8.17.0 OK for: espree@10.4.0 want: ^8.15.0
1774 silly placeDep ROOT acorn-jsx@5.3.2 OK for: espree@10.4.0 want: ^5.3.2
1775 silly placeDep ROOT @nodelib/fs.stat@2.0.5 OK for: fast-glob@3.3.1 want: ^2.0.2
1776 silly placeDep ROOT @nodelib/fs.walk@1.2.8 OK for: fast-glob@3.3.1 want: ^1.2.3
1777 silly placeDep node_modules/fast-glob glob-parent@5.1.2 OK for: fast-glob@3.3.1 want: ^5.1.2
1778 silly placeDep ROOT merge2@1.4.1 OK for: fast-glob@3.3.1 want: ^1.3.0
1779 silly placeDep ROOT micromatch@4.0.8 OK for: fast-glob@3.3.1 want: ^4.0.4
1780 silly fetch manifest fastq@^1.6.0
1781 silly packumentCache full:https://registry.npmjs.org/fastq cache-miss
1782 silly fetch manifest @nodelib/fs.scandir@2.1.5
1783 silly packumentCache full:https://registry.npmjs.org/@nodelib%2ffs.scandir cache-miss
1784 silly fetch manifest braces@^3.0.3
1785 silly packumentCache full:https://registry.npmjs.org/braces cache-miss
1786 silly fetch manifest picomatch@^2.3.1
1787 silly packumentCache full:https://registry.npmjs.org/picomatch cache-miss
1788 http cache https://registry.npmjs.org/picomatch 12ms (cache hit)
1789 silly packumentCache full:https://registry.npmjs.org/picomatch set size:128942 disposed:false
1790 http fetch GET 200 https://registry.npmjs.org/fastq 29ms (cache miss)
1791 silly packumentCache full:https://registry.npmjs.org/fastq set size:undefined disposed:false
1792 http fetch GET 200 https://registry.npmjs.org/braces 31ms (cache miss)
1793 silly packumentCache full:https://registry.npmjs.org/braces set size:undefined disposed:false
1794 http fetch GET 200 https://registry.npmjs.org/@nodelib%2ffs.scandir 41ms (cache miss)
1795 silly packumentCache full:https://registry.npmjs.org/@nodelib%2ffs.scandir set size:undefined disposed:false
1796 silly placeDep ROOT @nodelib/fs.scandir@2.1.5 OK for: @nodelib/fs.walk@1.2.8 want: 2.1.5
1797 silly placeDep ROOT fastq@1.20.1 OK for: @nodelib/fs.walk@1.2.8 want: ^1.6.0
1798 silly fetch manifest run-parallel@^1.1.9
1799 silly packumentCache full:https://registry.npmjs.org/run-parallel cache-miss
1800 silly fetch manifest reusify@^1.0.4
1801 silly packumentCache full:https://registry.npmjs.org/reusify cache-miss
1802 http fetch GET 200 https://registry.npmjs.org/reusify 29ms (cache miss)
1803 silly packumentCache full:https://registry.npmjs.org/reusify set size:undefined disposed:false
1804 http fetch GET 200 https://registry.npmjs.org/run-parallel 32ms (cache miss)
1805 silly packumentCache full:https://registry.npmjs.org/run-parallel set size:undefined disposed:false
1806 silly placeDep ROOT run-parallel@1.2.0 OK for: @nodelib/fs.scandir@2.1.5 want: ^1.1.9
1807 silly fetch manifest queue-microtask@^1.2.2
1808 silly packumentCache full:https://registry.npmjs.org/queue-microtask cache-miss
1809 http fetch GET 200 https://registry.npmjs.org/queue-microtask 26ms (cache miss)
1810 silly packumentCache full:https://registry.npmjs.org/queue-microtask set size:undefined disposed:false
1811 silly placeDep ROOT reusify@1.1.0 OK for: fastq@1.20.1 want: ^1.0.4
1812 silly placeDep ROOT flat-cache@4.0.1 OK for: file-entry-cache@8.0.0 want: ^4.0.0
1813 silly fetch manifest keyv@^4.5.4
1814 silly packumentCache full:https://registry.npmjs.org/keyv cache-miss
1815 silly fetch manifest flatted@^3.2.9
1816 silly packumentCache full:https://registry.npmjs.org/flatted cache-miss
1817 http fetch GET 200 https://registry.npmjs.org/flatted 34ms (cache miss)
1818 silly packumentCache full:https://registry.npmjs.org/flatted set size:undefined disposed:false
1819 http fetch GET 200 https://registry.npmjs.org/keyv 37ms (cache miss)
1820 silly packumentCache full:https://registry.npmjs.org/keyv set size:undefined disposed:false
1821 silly placeDep ROOT locate-path@6.0.0 OK for: find-up@5.0.0 want: ^6.0.0
1822 silly placeDep ROOT path-exists@4.0.0 OK for: find-up@5.0.0 want: ^4.0.0
1823 silly fetch manifest p-locate@^5.0.0
1824 silly packumentCache full:https://registry.npmjs.org/p-locate cache-miss
1825 http fetch GET 200 https://registry.npmjs.org/p-locate 25ms (cache miss)
1826 silly packumentCache full:https://registry.npmjs.org/p-locate set size:undefined disposed:false
1827 silly placeDep ROOT flatted@3.4.2 OK for: flat-cache@4.0.1 want: ^3.2.9
1828 silly placeDep ROOT keyv@4.5.4 OK for: flat-cache@4.0.1 want: ^4.5.4
1829 silly fetch manifest json-buffer@3.0.1
1830 silly packumentCache full:https://registry.npmjs.org/json-buffer cache-miss
1831 http fetch GET 200 https://registry.npmjs.org/json-buffer 27ms (cache miss)
1832 silly packumentCache full:https://registry.npmjs.org/json-buffer set size:undefined disposed:false
1833 silly placeDep ROOT functions-have-names@1.2.3 OK for: function.prototype.name@1.2.0 want: ^1.2.3
1834 silly placeDep ROOT is-document.all@1.0.0 OK for: function.prototype.name@1.2.0 want: ^1.0.0
1835 silly placeDep ROOT dunder-proto@1.0.1 OK for: get-proto@1.0.1 want: ^1.0.1
1836 silly placeDep ROOT resolve-pkg-maps@1.0.0 OK for: get-tsconfig@4.14.0 want: ^1.0.0
1837 silly placeDep ROOT parent-module@1.0.1 OK for: import-fresh@3.3.1 want: ^1.0.0
1838 silly placeDep ROOT resolve-from@4.0.0 OK for: import-fresh@3.3.1 want: ^4.0.0
1839 silly fetch manifest callsites@^3.0.0
1840 silly packumentCache full:https://registry.npmjs.org/callsites cache-miss
1841 http fetch GET 200 https://registry.npmjs.org/callsites 24ms (cache miss)
1842 silly packumentCache full:https://registry.npmjs.org/callsites set size:undefined disposed:false
1843 silly placeDep ROOT side-channel@1.1.1 OK for: internal-slot@1.1.0 want: ^1.1.0
1844 silly fetch manifest side-channel-list@^1.0.1
1845 silly packumentCache full:https://registry.npmjs.org/side-channel-list cache-miss
1846 silly fetch manifest side-channel-map@^1.0.1
1847 silly packumentCache full:https://registry.npmjs.org/side-channel-map cache-miss
1848 silly fetch manifest side-channel-weakmap@^1.0.2
1849 silly packumentCache full:https://registry.npmjs.org/side-channel-weakmap cache-miss
1850 http fetch GET 200 https://registry.npmjs.org/side-channel-map 28ms (cache miss)
1851 silly packumentCache full:https://registry.npmjs.org/side-channel-map set size:undefined disposed:false
1852 http fetch GET 200 https://registry.npmjs.org/side-channel-list 30ms (cache miss)
1853 silly packumentCache full:https://registry.npmjs.org/side-channel-list set size:undefined disposed:false
1854 http fetch GET 200 https://registry.npmjs.org/side-channel-weakmap 30ms (cache miss)
1855 silly packumentCache full:https://registry.npmjs.org/side-channel-weakmap set size:undefined disposed:false
1856 silly placeDep ROOT is-extglob@2.1.1 OK for: is-glob@4.0.3 want: ^2.1.1
1857 silly placeDep ROOT set-function-name@2.0.2 OK for: iterator.prototype@1.1.5 want: ^2.0.2
1858 silly placeDep ROOT argparse@2.0.1 OK for: js-yaml@4.3.0 want: ^2.0.1
1859 silly placeDep ROOT json-buffer@3.0.1 OK for: keyv@4.5.4 want: 3.0.1
1860 silly placeDep ROOT language-subtag-registry@0.3.23 OK for: language-tags@1.0.9 want: ^0.3.20
1861 silly placeDep ROOT prelude-ls@1.2.1 OK for: levn@0.4.1 want: ^1.2.1
1862 silly placeDep ROOT type-check@0.4.0 OK for: levn@0.4.1 want: ~0.4.0
1863 silly placeDep ROOT p-locate@5.0.0 OK for: locate-path@6.0.0 want: ^5.0.0
1864 silly fetch manifest p-limit@^3.0.2
1865 silly packumentCache full:https://registry.npmjs.org/p-limit cache-miss
1866 http fetch GET 200 https://registry.npmjs.org/p-limit 28ms (cache miss)
1867 silly packumentCache full:https://registry.npmjs.org/p-limit set size:undefined disposed:false
1868 silly placeDep ROOT braces@3.0.3 OK for: micromatch@4.0.8 want: ^3.0.3
1869 silly placeDep ROOT picomatch@2.3.2 OK for: micromatch@4.0.8 want: ^2.3.1
1870 silly fetch manifest fill-range@^7.1.1
1871 silly packumentCache full:https://registry.npmjs.org/fill-range cache-miss
1872 http fetch GET 200 https://registry.npmjs.org/fill-range 30ms (cache miss)
1873 silly packumentCache full:https://registry.npmjs.org/fill-range set size:undefined disposed:false
1874 silly placeDep ROOT fill-range@7.1.1 OK for: braces@3.0.3 want: ^7.1.1
1875 silly fetch manifest to-regex-range@^5.0.1
1876 silly packumentCache full:https://registry.npmjs.org/to-regex-range cache-miss
1877 http fetch GET 200 https://registry.npmjs.org/to-regex-range 28ms (cache miss)
1878 silly packumentCache full:https://registry.npmjs.org/to-regex-range set size:undefined disposed:false
1879 silly placeDep ROOT to-regex-range@5.0.1 OK for: fill-range@7.1.1 want: ^5.0.1
1880 silly fetch manifest is-number@^7.0.0
1881 silly packumentCache full:https://registry.npmjs.org/is-number cache-miss
1882 http fetch GET 200 https://registry.npmjs.org/is-number 23ms (cache miss)
1883 silly packumentCache full:https://registry.npmjs.org/is-number set size:undefined disposed:false
1884 silly placeDep ROOT brace-expansion@1.1.15 OK for: minimatch@3.1.5 want: ^1.1.7
1885 silly fetch manifest concat-map@0.0.1
1886 silly packumentCache full:https://registry.npmjs.org/concat-map cache-miss
1887 silly fetch manifest balanced-match@^1.0.0
1888 silly packumentCache full:https://registry.npmjs.org/balanced-match cache-miss
1889 http fetch GET 200 https://registry.npmjs.org/concat-map 26ms (cache miss)
1890 silly packumentCache full:https://registry.npmjs.org/concat-map set size:undefined disposed:false
1891 http fetch GET 200 https://registry.npmjs.org/balanced-match 30ms (cache miss)
1892 silly packumentCache full:https://registry.npmjs.org/balanced-match set size:undefined disposed:false
1893 silly placeDep ROOT balanced-match@1.0.2 OK for: brace-expansion@1.1.15 want: ^1.0.0
1894 silly placeDep ROOT concat-map@0.0.1 OK for: brace-expansion@1.1.15 want: 0.0.1
1895 silly fetch manifest react@^18.2.0 || 19.0.0-rc-de68d2f4-20241204 || ^19.0.0
1896 silly packumentCache full:https://registry.npmjs.org/react cache-miss
1897 http cache https://registry.npmjs.org/react 31ms (cache hit)
1898 silly packumentCache full:https://registry.npmjs.org/react set size:6765208 disposed:false
1899 silly placeDep ROOT @next/env@15.5.20 OK for: next@15.5.20 want: 15.5.20
1900 silly placeDep ROOT @next/swc-darwin-arm64@15.5.20 OK for: next@15.5.20 want: 15.5.20
1901 silly placeDep ROOT @next/swc-darwin-x64@15.5.20 OK for: next@15.5.20 want: 15.5.20
1902 silly placeDep ROOT @next/swc-linux-arm64-gnu@15.5.20 OK for: next@15.5.20 want: 15.5.20
1903 silly placeDep ROOT @next/swc-linux-arm64-musl@15.5.20 OK for: next@15.5.20 want: 15.5.20
1904 silly placeDep ROOT @next/swc-linux-x64-gnu@15.5.20 OK for: next@15.5.20 want: 15.5.20
1905 silly placeDep ROOT @next/swc-linux-x64-musl@15.5.20 OK for: next@15.5.20 want: 15.5.20
1906 silly placeDep ROOT @next/swc-win32-arm64-msvc@15.5.20 OK for: next@15.5.20 want: 15.5.20
1907 silly placeDep ROOT @next/swc-win32-x64-msvc@15.5.20 OK for: next@15.5.20 want: 15.5.20
1908 silly placeDep ROOT @swc/helpers@0.5.15 OK for: next@15.5.20 want: 0.5.15
1909 silly placeDep node_modules/next postcss@8.4.31 OK for: next@15.5.20 want: 8.4.31
1910 silly placeDep ROOT sharp@0.34.5 OK for: next@15.5.20 want: ^0.34.3
1911 silly placeDep ROOT styled-jsx@5.1.6 OK for: next@15.5.20 want: 5.1.6
1912 silly fetch manifest tslib@^2.8.0
1913 silly packumentCache full:https://registry.npmjs.org/tslib cache-miss
1914 silly fetch manifest nanoid@^3.3.6
1915 silly packumentCache full:https://registry.npmjs.org/nanoid cache-miss
1916 silly fetch manifest source-map-js@^1.0.2
1917 silly packumentCache full:https://registry.npmjs.org/source-map-js cache-miss
1918 silly fetch manifest @img/colour@^1.0.0
1919 silly packumentCache full:https://registry.npmjs.org/@img%2fcolour cache-miss
1920 silly fetch manifest detect-libc@^2.1.2
1921 silly packumentCache full:https://registry.npmjs.org/detect-libc cache-miss
1922 silly fetch manifest @img/sharp-wasm32@0.34.5
1923 silly packumentCache full:https://registry.npmjs.org/@img%2fsharp-wasm32 cache-miss
1924 silly fetch manifest @img/sharp-linux-arm@0.34.5
1925 silly packumentCache full:https://registry.npmjs.org/@img%2fsharp-linux-arm cache-miss
1926 silly fetch manifest @img/sharp-linux-x64@0.34.5
1927 silly packumentCache full:https://registry.npmjs.org/@img%2fsharp-linux-x64 cache-miss
1928 silly fetch manifest @img/sharp-win32-x64@0.34.5
1929 silly packumentCache full:https://registry.npmjs.org/@img%2fsharp-win32-x64 cache-miss
1930 silly fetch manifest @img/sharp-darwin-x64@0.34.5
1931 silly packumentCache full:https://registry.npmjs.org/@img%2fsharp-darwin-x64 cache-miss
1932 silly fetch manifest @img/sharp-win32-ia32@0.34.5
1933 silly packumentCache full:https://registry.npmjs.org/@img%2fsharp-win32-ia32 cache-miss
1934 http cache https://registry.npmjs.org/nanoid 24ms (cache hit)
1935 silly packumentCache full:https://registry.npmjs.org/nanoid set size:330515 disposed:false
1936 silly fetch manifest @img/sharp-linux-arm64@0.34.5
1937 silly packumentCache full:https://registry.npmjs.org/@img%2fsharp-linux-arm64 cache-miss
1938 http cache https://registry.npmjs.org/source-map-js 35ms (cache hit)
1939 silly packumentCache full:https://registry.npmjs.org/source-map-js set size:62640 disposed:false
1940 silly fetch manifest @img/sharp-linux-ppc64@0.34.5
1941 silly packumentCache full:https://registry.npmjs.org/@img%2fsharp-linux-ppc64 cache-miss
1942 http fetch GET 200 https://registry.npmjs.org/detect-libc 65ms (cache miss)
1943 silly packumentCache full:https://registry.npmjs.org/detect-libc set size:undefined disposed:false
1944 silly fetch manifest @img/sharp-linux-s390x@0.34.5
1945 silly packumentCache full:https://registry.npmjs.org/@img%2fsharp-linux-s390x cache-miss
1946 http fetch GET 200 https://registry.npmjs.org/@img%2fsharp-linux-arm 72ms (cache miss)
1947 silly packumentCache full:https://registry.npmjs.org/@img%2fsharp-linux-arm set size:undefined disposed:false
1948 silly fetch manifest @img/sharp-win32-arm64@0.34.5
1949 silly packumentCache full:https://registry.npmjs.org/@img%2fsharp-win32-arm64 cache-miss
1950 http fetch GET 200 https://registry.npmjs.org/@img%2fcolour 77ms (cache miss)
1951 silly packumentCache full:https://registry.npmjs.org/@img%2fcolour set size:undefined disposed:false
1952 silly fetch manifest @img/sharp-darwin-arm64@0.34.5
1953 silly packumentCache full:https://registry.npmjs.org/@img%2fsharp-darwin-arm64 cache-miss
1954 http fetch GET 200 https://registry.npmjs.org/tslib 85ms (cache miss)
1955 silly packumentCache full:https://registry.npmjs.org/tslib set size:undefined disposed:false
1956 silly fetch manifest @img/sharp-linux-riscv64@0.34.5
1957 silly packumentCache full:https://registry.npmjs.org/@img%2fsharp-linux-riscv64 cache-miss
1958 http fetch GET 200 https://registry.npmjs.org/@img%2fsharp-win32-ia32 97ms (cache miss)
1959 silly packumentCache full:https://registry.npmjs.org/@img%2fsharp-win32-ia32 set size:undefined disposed:false
1960 silly fetch manifest @img/sharp-linuxmusl-x64@0.34.5
1961 silly packumentCache full:https://registry.npmjs.org/@img%2fsharp-linuxmusl-x64 cache-miss
1962 http fetch GET 200 https://registry.npmjs.org/@img%2fsharp-linux-x64 104ms (cache miss)
1963 silly packumentCache full:https://registry.npmjs.org/@img%2fsharp-linux-x64 set size:undefined disposed:false
1964 silly fetch manifest @img/sharp-linuxmusl-arm64@0.34.5
1965 silly packumentCache full:https://registry.npmjs.org/@img%2fsharp-linuxmusl-arm64 cache-miss
1966 http fetch GET 200 https://registry.npmjs.org/@img%2fsharp-win32-x64 111ms (cache miss)
1967 silly packumentCache full:https://registry.npmjs.org/@img%2fsharp-win32-x64 set size:undefined disposed:false
1968 silly fetch manifest @img/sharp-libvips-linux-arm@1.2.4
1969 silly packumentCache full:https://registry.npmjs.org/@img%2fsharp-libvips-linux-arm cache-miss
1970 http fetch GET 200 https://registry.npmjs.org/@img%2fsharp-wasm32 114ms (cache miss)
1971 silly packumentCache full:https://registry.npmjs.org/@img%2fsharp-wasm32 set size:undefined disposed:false
1972 silly fetch manifest @img/sharp-libvips-linux-x64@1.2.4
1973 silly packumentCache full:https://registry.npmjs.org/@img%2fsharp-libvips-linux-x64 cache-miss
1974 http fetch GET 200 https://registry.npmjs.org/@img%2fsharp-darwin-x64 115ms (cache miss)
1975 silly packumentCache full:https://registry.npmjs.org/@img%2fsharp-darwin-x64 set size:undefined disposed:false
1976 silly fetch manifest @img/sharp-libvips-darwin-x64@1.2.4
1977 silly packumentCache full:https://registry.npmjs.org/@img%2fsharp-libvips-darwin-x64 cache-miss
1978 http fetch GET 200 https://registry.npmjs.org/@img%2fsharp-linux-arm64 91ms (cache miss)
1979 silly packumentCache full:https://registry.npmjs.org/@img%2fsharp-linux-arm64 set size:undefined disposed:false
1980 silly fetch manifest @img/sharp-libvips-linux-arm64@1.2.4
1981 silly packumentCache full:https://registry.npmjs.org/@img%2fsharp-libvips-linux-arm64 cache-miss
1982 http fetch GET 200 https://registry.npmjs.org/@img%2fsharp-linux-ppc64 93ms (cache miss)
1983 silly packumentCache full:https://registry.npmjs.org/@img%2fsharp-linux-ppc64 set size:undefined disposed:false
1984 silly fetch manifest @img/sharp-libvips-linux-ppc64@1.2.4
1985 silly packumentCache full:https://registry.npmjs.org/@img%2fsharp-libvips-linux-ppc64 cache-miss
1986 http fetch GET 200 https://registry.npmjs.org/@img%2fsharp-linux-riscv64 60ms (cache miss)
1987 silly packumentCache full:https://registry.npmjs.org/@img%2fsharp-linux-riscv64 set size:undefined disposed:false
1988 silly fetch manifest @img/sharp-libvips-linux-s390x@1.2.4
1989 silly packumentCache full:https://registry.npmjs.org/@img%2fsharp-libvips-linux-s390x cache-miss
1990 http fetch GET 200 https://registry.npmjs.org/@img%2fsharp-win32-arm64 78ms (cache miss)
1991 silly packumentCache full:https://registry.npmjs.org/@img%2fsharp-win32-arm64 set size:undefined disposed:false
1992 silly fetch manifest @img/sharp-libvips-darwin-arm64@1.2.4
1993 silly packumentCache full:https://registry.npmjs.org/@img%2fsharp-libvips-darwin-arm64 cache-miss
1994 http fetch GET 200 https://registry.npmjs.org/@img%2fsharp-linux-s390x 92ms (cache miss)
1995 silly packumentCache full:https://registry.npmjs.org/@img%2fsharp-linux-s390x set size:undefined disposed:false
1996 silly fetch manifest @img/sharp-libvips-linux-riscv64@1.2.4
1997 silly packumentCache full:https://registry.npmjs.org/@img%2fsharp-libvips-linux-riscv64 cache-miss
1998 http fetch GET 200 https://registry.npmjs.org/@img%2fsharp-darwin-arm64 93ms (cache miss)
1999 silly packumentCache full:https://registry.npmjs.org/@img%2fsharp-darwin-arm64 set size:undefined disposed:false
2000 silly fetch manifest @img/sharp-libvips-linuxmusl-x64@1.2.4
2001 silly packumentCache full:https://registry.npmjs.org/@img%2fsharp-libvips-linuxmusl-x64 cache-miss
2002 http fetch GET 200 https://registry.npmjs.org/@img%2fsharp-linuxmusl-arm64 74ms (cache miss)
2003 silly packumentCache full:https://registry.npmjs.org/@img%2fsharp-linuxmusl-arm64 set size:undefined disposed:false
2004 silly fetch manifest @img/sharp-libvips-linuxmusl-arm64@1.2.4
2005 silly packumentCache full:https://registry.npmjs.org/@img%2fsharp-libvips-linuxmusl-arm64 cache-miss
2006 http fetch GET 200 https://registry.npmjs.org/@img%2fsharp-linuxmusl-x64 87ms (cache miss)
2007 silly packumentCache full:https://registry.npmjs.org/@img%2fsharp-linuxmusl-x64 set size:undefined disposed:false
2008 silly fetch manifest client-only@0.0.1
2009 silly packumentCache full:https://registry.npmjs.org/client-only cache-miss
2010 http fetch GET 200 https://registry.npmjs.org/@img%2fsharp-libvips-linux-ppc64 71ms (cache miss)
2011 silly packumentCache full:https://registry.npmjs.org/@img%2fsharp-libvips-linux-ppc64 set size:undefined disposed:false
2012 http fetch GET 200 https://registry.npmjs.org/@img%2fsharp-libvips-linux-arm64 83ms (cache miss)
2013 silly packumentCache full:https://registry.npmjs.org/@img%2fsharp-libvips-linux-arm64 set size:undefined disposed:false
2014 http fetch GET 200 https://registry.npmjs.org/@img%2fsharp-libvips-linux-x64 96ms (cache miss)
2015 silly packumentCache full:https://registry.npmjs.org/@img%2fsharp-libvips-linux-x64 set size:undefined disposed:false
2016 http fetch GET 200 https://registry.npmjs.org/@img%2fsharp-libvips-linux-arm 102ms (cache miss)
2017 silly packumentCache full:https://registry.npmjs.org/@img%2fsharp-libvips-linux-arm set size:undefined disposed:false
2018 http fetch GET 200 https://registry.npmjs.org/@img%2fsharp-libvips-darwin-x64 103ms (cache miss)
2019 silly packumentCache full:https://registry.npmjs.org/@img%2fsharp-libvips-darwin-x64 set size:undefined disposed:false
2020 http fetch GET 200 https://registry.npmjs.org/@img%2fsharp-libvips-linux-s390x 81ms (cache miss)
2021 silly packumentCache full:https://registry.npmjs.org/@img%2fsharp-libvips-linux-s390x set size:undefined disposed:false
2022 http fetch GET 200 https://registry.npmjs.org/@img%2fsharp-libvips-darwin-arm64 77ms (cache miss)
2023 silly packumentCache full:https://registry.npmjs.org/@img%2fsharp-libvips-darwin-arm64 set size:undefined disposed:false
2024 http fetch GET 200 https://registry.npmjs.org/@img%2fsharp-libvips-linux-riscv64 74ms (cache miss)
2025 silly packumentCache full:https://registry.npmjs.org/@img%2fsharp-libvips-linux-riscv64 set size:undefined disposed:false
2026 http fetch GET 200 https://registry.npmjs.org/@img%2fsharp-libvips-linuxmusl-x64 65ms (cache miss)
2027 silly packumentCache full:https://registry.npmjs.org/@img%2fsharp-libvips-linuxmusl-x64 set size:undefined disposed:false
2028 http fetch GET 200 https://registry.npmjs.org/@img%2fsharp-libvips-linuxmusl-arm64 59ms (cache miss)
2029 silly packumentCache full:https://registry.npmjs.org/@img%2fsharp-libvips-linuxmusl-arm64 set size:undefined disposed:false
2030 http fetch GET 200 https://registry.npmjs.org/client-only 55ms (cache miss)
2031 silly packumentCache full:https://registry.npmjs.org/client-only set size:undefined disposed:false
2032 silly placeDep ROOT tslib@2.8.1 OK for: @swc/helpers@0.5.15 want: ^2.8.0
2033 silly placeDep ROOT deep-is@0.1.4 OK for: optionator@0.9.4 want: ^0.1.3
2034 silly placeDep ROOT fast-levenshtein@2.0.6 OK for: optionator@0.9.4 want: ^2.0.6
2035 silly placeDep ROOT word-wrap@1.2.5 OK for: optionator@0.9.4 want: ^1.2.5
2036 silly placeDep ROOT p-limit@3.1.0 OK for: p-locate@5.0.0 want: ^3.0.2
2037 silly fetch manifest yocto-queue@^0.1.0
2038 silly packumentCache full:https://registry.npmjs.org/yocto-queue cache-miss
2039 http fetch GET 200 https://registry.npmjs.org/yocto-queue 28ms (cache miss)
2040 silly packumentCache full:https://registry.npmjs.org/yocto-queue set size:undefined disposed:false
2041 silly placeDep ROOT yocto-queue@0.1.0 OK for: p-limit@3.1.0 want: ^0.1.0
2042 silly placeDep ROOT callsites@3.1.0 OK for: parent-module@1.0.1 want: ^3.0.0
2043 silly placeDep ROOT nanoid@3.3.15 OK for: postcss@8.5.16 want: ^3.3.12
2044 silly placeDep ROOT source-map-js@1.2.1 OK for: postcss@8.5.16 want: ^1.2.1
2045 silly placeDep ROOT loose-envify@1.4.0 OK for: prop-types@15.8.1 want: ^1.4.0
2046 silly placeDep ROOT object-assign@4.1.1 OK for: prop-types@15.8.1 want: ^4.1.1
2047 silly placeDep ROOT react-is@16.13.1 OK for: prop-types@15.8.1 want: ^16.13.1
2048 silly fetch manifest js-tokens@^3.0.0 || ^4.0.0
2049 silly packumentCache full:https://registry.npmjs.org/js-tokens cache-miss
2050 http fetch GET 200 https://registry.npmjs.org/js-tokens 38ms (cache miss)
2051 silly packumentCache full:https://registry.npmjs.org/js-tokens set size:undefined disposed:false
2052 silly placeDep ROOT js-tokens@4.0.0 OK for: loose-envify@1.4.0 want: ^3.0.0 || ^4.0.0
2053 silly placeDep ROOT scheduler@0.27.0 OK for: react-dom@19.2.7 want: ^0.27.0
2054 silly placeDep ROOT node-exports-info@1.6.2 OK for: resolve@2.0.0-next.7 want: ^1.6.0
2055 silly placeDep ROOT path-parse@1.0.7 OK for: resolve@2.0.0-next.7 want: ^1.0.7
2056 silly placeDep ROOT supports-preserve-symlinks-flag@1.0.0 OK for: resolve@2.0.0-next.7 want: ^1.0.0
2057 silly placeDep node_modules/node-exports-info semver@6.3.1 OK for: node-exports-info@1.6.2 want: ^6.3.1
2058 silly placeDep ROOT queue-microtask@1.2.3 OK for: run-parallel@1.2.0 want: ^1.2.2
2059 silly placeDep ROOT isarray@2.0.5 OK for: safe-array-concat@1.1.4 want: ^2.0.5
2060 silly placeDep ROOT @img/colour@1.1.0 OK for: sharp@0.34.5 want: ^1.0.0
2061 silly placeDep ROOT @img/sharp-darwin-arm64@0.34.5 OK for: sharp@0.34.5 want: 0.34.5
2062 silly placeDep ROOT @img/sharp-darwin-x64@0.34.5 OK for: sharp@0.34.5 want: 0.34.5
2063 silly placeDep ROOT @img/sharp-libvips-darwin-arm64@1.2.4 OK for: sharp@0.34.5 want: 1.2.4
2064 silly placeDep ROOT @img/sharp-libvips-darwin-x64@1.2.4 OK for: sharp@0.34.5 want: 1.2.4
2065 silly placeDep ROOT @img/sharp-libvips-linux-arm@1.2.4 OK for: sharp@0.34.5 want: 1.2.4
2066 silly placeDep ROOT @img/sharp-libvips-linux-arm64@1.2.4 OK for: sharp@0.34.5 want: 1.2.4
2067 silly placeDep ROOT @img/sharp-libvips-linux-ppc64@1.2.4 OK for: sharp@0.34.5 want: 1.2.4
2068 silly placeDep ROOT @img/sharp-libvips-linux-riscv64@1.2.4 OK for: sharp@0.34.5 want: 1.2.4
2069 silly placeDep ROOT @img/sharp-libvips-linux-s390x@1.2.4 OK for: sharp@0.34.5 want: 1.2.4
2070 silly placeDep ROOT @img/sharp-libvips-linux-x64@1.2.4 OK for: sharp@0.34.5 want: 1.2.4
2071 silly placeDep ROOT @img/sharp-libvips-linuxmusl-arm64@1.2.4 OK for: sharp@0.34.5 want: 1.2.4
2072 silly placeDep ROOT @img/sharp-libvips-linuxmusl-x64@1.2.4 OK for: sharp@0.34.5 want: 1.2.4
2073 silly placeDep ROOT @img/sharp-linux-arm@0.34.5 OK for: sharp@0.34.5 want: 0.34.5
2074 silly placeDep ROOT @img/sharp-linux-arm64@0.34.5 OK for: sharp@0.34.5 want: 0.34.5
2075 silly placeDep ROOT @img/sharp-linux-ppc64@0.34.5 OK for: sharp@0.34.5 want: 0.34.5
2076 silly placeDep ROOT @img/sharp-linux-riscv64@0.34.5 OK for: sharp@0.34.5 want: 0.34.5
2077 silly placeDep ROOT @img/sharp-linux-s390x@0.34.5 OK for: sharp@0.34.5 want: 0.34.5
2078 silly placeDep ROOT @img/sharp-linux-x64@0.34.5 OK for: sharp@0.34.5 want: 0.34.5
2079 silly placeDep ROOT @img/sharp-linuxmusl-arm64@0.34.5 OK for: sharp@0.34.5 want: 0.34.5
2080 silly placeDep ROOT @img/sharp-linuxmusl-x64@0.34.5 OK for: sharp@0.34.5 want: 0.34.5
2081 silly placeDep ROOT @img/sharp-wasm32@0.34.5 OK for: sharp@0.34.5 want: 0.34.5
2082 silly placeDep ROOT @img/sharp-win32-arm64@0.34.5 OK for: sharp@0.34.5 want: 0.34.5
2083 silly placeDep ROOT @img/sharp-win32-ia32@0.34.5 OK for: sharp@0.34.5 want: 0.34.5
2084 silly placeDep ROOT @img/sharp-win32-x64@0.34.5 OK for: sharp@0.34.5 want: 0.34.5
2085 silly placeDep ROOT detect-libc@2.1.2 OK for: sharp@0.34.5 want: ^2.1.2
2086 silly fetch manifest @emnapi/runtime@^1.7.0
2087 silly packumentCache full:https://registry.npmjs.org/@emnapi%2fruntime cache-miss
2088 http fetch GET 200 https://registry.npmjs.org/@emnapi%2fruntime 47ms (cache miss)
2089 silly packumentCache full:https://registry.npmjs.org/@emnapi%2fruntime set size:undefined disposed:false
2090 silly placeDep ROOT @emnapi/runtime@1.11.2 OK for: @img/sharp-wasm32@0.34.5 want: ^1.7.0
2091 silly placeDep ROOT shebang-regex@3.0.0 OK for: shebang-command@2.0.0 want: ^3.0.0
2092 silly placeDep ROOT side-channel-list@1.0.1 OK for: side-channel@1.1.1 want: ^1.0.1
2093 silly placeDep ROOT side-channel-map@1.0.1 OK for: side-channel@1.1.1 want: ^1.0.1
2094 silly placeDep ROOT side-channel-weakmap@1.0.2 OK for: side-channel@1.1.1 want: ^1.0.2
2095 silly placeDep ROOT client-only@0.0.1 OK for: styled-jsx@5.1.6 want: 0.0.1
2096 silly placeDep ROOT has-flag@4.0.0 OK for: supports-color@7.2.0 want: ^4.0.0
2097 silly fetch manifest postcss@^8.4.47
2098 silly packumentCache full:https://registry.npmjs.org/postcss cache-hit
2099 silly fetch manifest tsx@^4.8.1
2100 silly packumentCache full:https://registry.npmjs.org/tsx cache-miss
2101 http fetch GET 200 https://registry.npmjs.org/tsx 308ms (cache miss)
2102 silly packumentCache full:https://registry.npmjs.org/tsx set size:undefined disposed:false
2103 silly fetch manifest yaml@^2.4.2
2104 silly packumentCache full:https://registry.npmjs.org/yaml cache-miss
2105 http fetch GET 200 https://registry.npmjs.org/yaml 40ms (cache miss)
2106 silly packumentCache full:https://registry.npmjs.org/yaml set size:undefined disposed:false
2107 silly placeDep ROOT @alloc/quick-lru@5.2.0 OK for: tailwindcss@3.4.19 want: ^5.2.0
2108 silly placeDep ROOT arg@5.0.2 OK for: tailwindcss@3.4.19 want: ^5.0.2
2109 silly placeDep ROOT chokidar@3.6.0 OK for: tailwindcss@3.4.19 want: ^3.6.0
2110 silly placeDep ROOT didyoumean@1.2.2 OK for: tailwindcss@3.4.19 want: ^1.2.2
2111 silly placeDep ROOT dlv@1.1.3 OK for: tailwindcss@3.4.19 want: ^1.1.3
2112 silly placeDep node_modules/tailwindcss fast-glob@3.3.3 OK for: tailwindcss@3.4.19 want: ^3.3.2
2113 silly placeDep ROOT jiti@1.21.7 OK for: tailwindcss@3.4.19 want: ^1.21.7
2114 silly placeDep ROOT lilconfig@3.1.3 OK for: tailwindcss@3.4.19 want: ^3.1.3
2115 silly placeDep ROOT normalize-path@3.0.0 OK for: tailwindcss@3.4.19 want: ^3.0.0
2116 silly placeDep ROOT object-hash@3.0.0 OK for: tailwindcss@3.4.19 want: ^3.0.0
2117 silly placeDep ROOT postcss-import@15.1.0 OK for: tailwindcss@3.4.19 want: ^15.1.0
2118 silly placeDep ROOT postcss-js@4.1.0 OK for: tailwindcss@3.4.19 want: ^4.0.1
2119 silly placeDep ROOT postcss-load-config@6.0.1 OK for: tailwindcss@3.4.19 want: ^4.0.2 || ^5.0 || ^6.0
2120 silly placeDep ROOT postcss-nested@6.2.0 OK for: tailwindcss@3.4.19 want: ^6.2.0
2121 silly placeDep ROOT postcss-selector-parser@6.1.4 OK for: tailwindcss@3.4.19 want: ^6.1.2
2122 silly placeDep node_modules/tailwindcss resolve@1.22.12 OK for: tailwindcss@3.4.19 want: ^1.22.8
2123 silly placeDep ROOT sucrase@3.35.1 OK for: tailwindcss@3.4.19 want: ^3.35.0
2124 silly fetch manifest anymatch@~3.1.2
2125 silly packumentCache full:https://registry.npmjs.org/anymatch cache-miss
2126 silly fetch manifest readdirp@~3.6.0
2127 silly packumentCache full:https://registry.npmjs.org/readdirp cache-miss
2128 silly fetch manifest glob-parent@~5.1.2
2129 silly packumentCache full:https://registry.npmjs.org/glob-parent cache-hit
2130 silly fetch manifest is-binary-path@~2.1.0
2131 silly packumentCache full:https://registry.npmjs.org/is-binary-path cache-miss
2132 silly fetch manifest normalize-path@~3.0.0
2133 silly packumentCache full:https://registry.npmjs.org/normalize-path cache-miss
2134 silly fetch manifest fsevents@~2.3.2
2135 silly packumentCache full:https://registry.npmjs.org/fsevents cache-miss
2136 silly fetch manifest resolve@^1.1.7
2137 silly packumentCache full:https://registry.npmjs.org/resolve cache-hit
2138 silly fetch manifest read-cache@^1.0.0
2139 silly packumentCache full:https://registry.npmjs.org/read-cache cache-miss
2140 silly fetch manifest camelcase-css@^2.0.1
2141 silly packumentCache full:https://registry.npmjs.org/camelcase-css cache-miss
2142 silly fetch manifest postcss-selector-parser@^6.1.1
2143 silly packumentCache full:https://registry.npmjs.org/postcss-selector-parser cache-miss
2144 silly fetch manifest cssesc@^3.0.0
2145 silly packumentCache full:https://registry.npmjs.org/cssesc cache-miss
2146 silly fetch manifest util-deprecate@^1.0.2
2147 silly packumentCache full:https://registry.npmjs.org/util-deprecate cache-miss
2148 silly fetch manifest @jridgewell/gen-mapping@^0.3.2
2149 silly packumentCache full:https://registry.npmjs.org/@jridgewell%2fgen-mapping cache-miss
2150 http cache https://registry.npmjs.org/normalize-path 21ms (cache hit)
2151 silly packumentCache full:https://registry.npmjs.org/normalize-path set size:28713 disposed:false
2152 silly fetch manifest commander@^4.0.0
2153 silly packumentCache full:https://registry.npmjs.org/commander cache-miss
2154 http cache https://registry.npmjs.org/postcss-selector-parser 22ms (cache hit)
2155 silly packumentCache full:https://registry.npmjs.org/postcss-selector-parser set size:193966 disposed:false
2156 silly fetch manifest lines-and-columns@^1.1.6
2157 silly packumentCache full:https://registry.npmjs.org/lines-and-columns cache-miss
2158 http fetch GET 200 https://registry.npmjs.org/util-deprecate 50ms (cache miss)
2159 silly packumentCache full:https://registry.npmjs.org/util-deprecate set size:undefined disposed:false
2160 silly fetch manifest mz@^2.7.0
2161 silly packumentCache full:https://registry.npmjs.org/mz cache-miss
2162 http fetch GET 200 https://registry.npmjs.org/cssesc 58ms (cache miss)
2163 silly packumentCache full:https://registry.npmjs.org/cssesc set size:undefined disposed:false
2164 silly fetch manifest pirates@^4.0.1
2165 silly packumentCache full:https://registry.npmjs.org/pirates cache-miss
2166 http fetch GET 200 https://registry.npmjs.org/anymatch 68ms (cache miss)
2167 silly packumentCache full:https://registry.npmjs.org/anymatch set size:undefined disposed:false
2168 silly fetch manifest ts-interface-checker@^0.1.9
2169 silly packumentCache full:https://registry.npmjs.org/ts-interface-checker cache-miss
2170 http fetch GET 200 https://registry.npmjs.org/is-binary-path 71ms (cache miss)
2171 silly packumentCache full:https://registry.npmjs.org/is-binary-path set size:undefined disposed:false
2172 http fetch GET 200 https://registry.npmjs.org/@jridgewell%2fgen-mapping 67ms (cache miss)
2173 silly packumentCache full:https://registry.npmjs.org/@jridgewell%2fgen-mapping set size:undefined disposed:false
2174 http fetch GET 200 https://registry.npmjs.org/readdirp 79ms (cache miss)
2175 silly packumentCache full:https://registry.npmjs.org/readdirp set size:undefined disposed:false
2176 http fetch GET 200 https://registry.npmjs.org/fsevents 81ms (cache miss)
2177 silly packumentCache full:https://registry.npmjs.org/fsevents set size:undefined disposed:false
2178 http fetch GET 200 https://registry.npmjs.org/lines-and-columns 71ms (cache miss)
2179 silly packumentCache full:https://registry.npmjs.org/lines-and-columns set size:undefined disposed:false
2180 http fetch GET 200 https://registry.npmjs.org/mz 46ms (cache miss)
2181 silly packumentCache full:https://registry.npmjs.org/mz set size:undefined disposed:false
2182 http fetch GET 200 https://registry.npmjs.org/pirates 41ms (cache miss)
2183 silly packumentCache full:https://registry.npmjs.org/pirates set size:undefined disposed:false
2184 http fetch GET 200 https://registry.npmjs.org/commander 86ms (cache miss)
2185 silly packumentCache full:https://registry.npmjs.org/commander set size:undefined disposed:false
2186 http fetch GET 200 https://registry.npmjs.org/ts-interface-checker 49ms (cache miss)
2187 silly packumentCache full:https://registry.npmjs.org/ts-interface-checker set size:undefined disposed:false
2188 http fetch GET 200 https://registry.npmjs.org/camelcase-css 277ms (cache miss)
2189 silly packumentCache full:https://registry.npmjs.org/camelcase-css set size:undefined disposed:false
2190 http fetch GET 200 https://registry.npmjs.org/read-cache 292ms (cache miss)
2191 silly packumentCache full:https://registry.npmjs.org/read-cache set size:undefined disposed:false
2192 silly placeDep ROOT anymatch@3.1.3 OK for: chokidar@3.6.0 want: ~3.1.2
2193 silly placeDep ROOT fsevents@2.3.3 OK for: chokidar@3.6.0 want: ~2.3.2
2194 silly placeDep node_modules/chokidar glob-parent@5.1.2 OK for: chokidar@3.6.0 want: ~5.1.2
2195 silly placeDep ROOT is-binary-path@2.1.0 OK for: chokidar@3.6.0 want: ~2.1.0
2196 silly placeDep ROOT readdirp@3.6.0 OK for: chokidar@3.6.0 want: ~3.6.0
2197 silly fetch manifest binary-extensions@^2.0.0
2198 silly packumentCache full:https://registry.npmjs.org/binary-extensions cache-miss
2199 http fetch GET 200 https://registry.npmjs.org/binary-extensions 35ms (cache miss)
2200 silly packumentCache full:https://registry.npmjs.org/binary-extensions set size:undefined disposed:false
2201 silly placeDep ROOT binary-extensions@2.3.0 OK for: is-binary-path@2.1.0 want: ^2.0.0
2202 silly placeDep ROOT read-cache@1.0.0 OK for: postcss-import@15.1.0 want: ^1.0.0
2203 silly placeDep node_modules/postcss-import resolve@1.22.12 OK for: postcss-import@15.1.0 want: ^1.1.7
2204 silly fetch manifest pify@^2.3.0
2205 silly packumentCache full:https://registry.npmjs.org/pify cache-miss
2206 http fetch GET 200 https://registry.npmjs.org/pify 26ms (cache miss)
2207 silly packumentCache full:https://registry.npmjs.org/pify set size:undefined disposed:false
2208 silly placeDep ROOT camelcase-css@2.0.1 OK for: postcss-js@4.1.0 want: ^2.0.1
2209 silly placeDep ROOT cssesc@3.0.0 OK for: postcss-selector-parser@6.1.4 want: ^3.0.0
2210 silly placeDep ROOT util-deprecate@1.0.2 OK for: postcss-selector-parser@6.1.4 want: ^1.0.2
2211 silly placeDep ROOT pify@2.3.0 OK for: read-cache@1.0.0 want: ^2.3.0
2212 silly placeDep ROOT @jridgewell/gen-mapping@0.3.13 OK for: sucrase@3.35.1 want: ^0.3.2
2213 silly placeDep ROOT commander@4.1.1 OK for: sucrase@3.35.1 want: ^4.0.0
2214 silly placeDep ROOT lines-and-columns@1.2.4 OK for: sucrase@3.35.1 want: ^1.1.6
2215 silly placeDep ROOT mz@2.7.0 OK for: sucrase@3.35.1 want: ^2.7.0
2216 silly placeDep ROOT pirates@4.0.7 OK for: sucrase@3.35.1 want: ^4.0.1
2217 silly placeDep ROOT ts-interface-checker@0.1.13 OK for: sucrase@3.35.1 want: ^0.1.9
2218 silly fetch manifest @jridgewell/trace-mapping@^0.3.24
2219 silly packumentCache full:https://registry.npmjs.org/@jridgewell%2ftrace-mapping cache-miss
2220 silly fetch manifest @jridgewell/sourcemap-codec@^1.5.0
2221 silly packumentCache full:https://registry.npmjs.org/@jridgewell%2fsourcemap-codec cache-miss
2222 silly fetch manifest any-promise@^1.0.0
2223 silly packumentCache full:https://registry.npmjs.org/any-promise cache-miss
2224 silly fetch manifest thenify-all@^1.0.0
2225 silly packumentCache full:https://registry.npmjs.org/thenify-all cache-miss
2226 http fetch GET 200 https://registry.npmjs.org/thenify-all 34ms (cache miss)
2227 silly packumentCache full:https://registry.npmjs.org/thenify-all set size:undefined disposed:false
2228 http fetch GET 200 https://registry.npmjs.org/@jridgewell%2fsourcemap-codec 45ms (cache miss)
2229 silly packumentCache full:https://registry.npmjs.org/@jridgewell%2fsourcemap-codec set size:undefined disposed:false
2230 http fetch GET 200 https://registry.npmjs.org/any-promise 46ms (cache miss)
2231 silly packumentCache full:https://registry.npmjs.org/any-promise set size:undefined disposed:false
2232 http fetch GET 200 https://registry.npmjs.org/@jridgewell%2ftrace-mapping 57ms (cache miss)
2233 silly packumentCache full:https://registry.npmjs.org/@jridgewell%2ftrace-mapping set size:undefined disposed:false
2234 silly placeDep ROOT @jridgewell/sourcemap-codec@1.5.5 OK for: @jridgewell/gen-mapping@0.3.13 want: ^1.5.0
2235 silly placeDep ROOT @jridgewell/trace-mapping@0.3.31 OK for: @jridgewell/gen-mapping@0.3.13 want: ^0.3.24
2236 silly fetch manifest @jridgewell/resolve-uri@^3.1.0
2237 silly packumentCache full:https://registry.npmjs.org/@jridgewell%2fresolve-uri cache-miss
2238 http fetch GET 200 https://registry.npmjs.org/@jridgewell%2fresolve-uri 38ms (cache miss)
2239 silly packumentCache full:https://registry.npmjs.org/@jridgewell%2fresolve-uri set size:undefined disposed:false
2240 silly placeDep ROOT @jridgewell/resolve-uri@3.1.2 OK for: @jridgewell/trace-mapping@0.3.31 want: ^3.1.0
2241 silly placeDep ROOT any-promise@1.3.0 OK for: mz@2.7.0 want: ^1.0.0
2242 silly placeDep ROOT thenify-all@1.6.0 OK for: mz@2.7.0 want: ^1.0.0
2243 silly fetch manifest thenify@>= 3.1.0 < 4
2244 silly packumentCache full:https://registry.npmjs.org/thenify cache-miss
2245 http fetch GET 200 https://registry.npmjs.org/thenify 26ms (cache miss)
2246 silly packumentCache full:https://registry.npmjs.org/thenify set size:undefined disposed:false
2247 silly placeDep ROOT thenify@3.3.1 OK for: thenify-all@1.6.0 want: >= 3.1.0 < 4
2248 silly placeDep node_modules/tinyglobby fdir@6.5.0 OK for: tinyglobby@0.2.17 want: ^6.5.0
2249 silly placeDep node_modules/tinyglobby picomatch@4.0.5 OK for: fdir@6.5.0 want: ^3 || ^4
2250 silly placeDep ROOT is-number@7.0.0 OK for: to-regex-range@5.0.1 want: ^7.0.0
2251 silly placeDep ROOT @types/json5@0.0.29 OK for: tsconfig-paths@3.15.0 want: ^0.0.29
2252 silly placeDep ROOT json5@1.0.2 OK for: tsconfig-paths@3.15.0 want: ^1.0.2
2253 silly placeDep ROOT minimist@1.2.8 OK for: tsconfig-paths@3.15.0 want: ^1.2.6
2254 silly placeDep ROOT strip-bom@3.0.0 OK for: tsconfig-paths@3.15.0 want: ^3.0.0
2255 silly fetch manifest minimist@^1.2.0
2256 silly packumentCache full:https://registry.npmjs.org/minimist cache-miss
2257 http cache https://registry.npmjs.org/minimist 9ms (cache hit)
2258 silly packumentCache full:https://registry.npmjs.org/minimist set size:77063 disposed:false
2259 silly placeDep ROOT for-each@0.3.5 OK for: typed-array-byte-length@1.0.3 want: ^0.3.3
2260 silly placeDep ROOT reflect.getprototypeof@1.0.10 OK for: typed-array-byte-offset@1.0.4 want: ^1.0.9
2261 silly fetch manifest which-builtin-type@^1.2.1
2262 silly packumentCache full:https://registry.npmjs.org/which-builtin-type cache-miss
2263 http fetch GET 200 https://registry.npmjs.org/which-builtin-type 25ms (cache miss)
2264 silly packumentCache full:https://registry.npmjs.org/which-builtin-type set size:undefined disposed:false
2265 silly placeDep ROOT which-builtin-type@1.2.1 OK for: reflect.getprototypeof@1.0.10 want: ^1.2.1
2266 silly fetch manifest is-async-function@^2.0.0
2267 silly packumentCache full:https://registry.npmjs.org/is-async-function cache-miss
2268 silly fetch manifest is-finalizationregistry@^1.1.0
2269 silly packumentCache full:https://registry.npmjs.org/is-finalizationregistry cache-miss
2270 silly fetch manifest is-generator-function@^1.0.10
2271 silly packumentCache full:https://registry.npmjs.org/is-generator-function cache-miss
2272 silly fetch manifest which-boxed-primitive@^1.1.0
2273 silly packumentCache full:https://registry.npmjs.org/which-boxed-primitive cache-miss
2274 silly fetch manifest which-collection@^1.0.2
2275 silly packumentCache full:https://registry.npmjs.org/which-collection cache-miss
2276 http cache https://registry.npmjs.org/which-boxed-primitive 11ms (cache hit)
2277 silly packumentCache full:https://registry.npmjs.org/which-boxed-primitive set size:19407 disposed:false
2278 http fetch GET 200 https://registry.npmjs.org/is-finalizationregistry 30ms (cache miss)
2279 silly packumentCache full:https://registry.npmjs.org/is-finalizationregistry set size:undefined disposed:false
2280 http fetch GET 200 https://registry.npmjs.org/which-collection 33ms (cache miss)
2281 silly packumentCache full:https://registry.npmjs.org/which-collection set size:undefined disposed:false
2282 http fetch GET 200 https://registry.npmjs.org/is-generator-function 36ms (cache miss)
2283 silly packumentCache full:https://registry.npmjs.org/is-generator-function set size:undefined disposed:false
2284 http fetch GET 200 https://registry.npmjs.org/is-async-function 40ms (cache miss)
2285 silly packumentCache full:https://registry.npmjs.org/is-async-function set size:undefined disposed:false
2286 silly placeDep ROOT has-bigints@1.1.0 OK for: unbox-primitive@1.1.0 want: ^1.0.2
2287 silly placeDep ROOT which-boxed-primitive@1.1.1 OK for: unbox-primitive@1.1.0 want: ^1.1.1
2288 silly fetch manifest is-bigint@^1.1.0
2289 silly packumentCache full:https://registry.npmjs.org/is-bigint cache-miss
2290 silly fetch manifest is-boolean-object@^1.2.1
2291 silly packumentCache full:https://registry.npmjs.org/is-boolean-object cache-miss
2292 silly fetch manifest is-number-object@^1.1.1
2293 silly packumentCache full:https://registry.npmjs.org/is-number-object cache-miss
2294 http fetch GET 200 https://registry.npmjs.org/is-bigint 280ms (cache miss)
2295 silly packumentCache full:https://registry.npmjs.org/is-bigint set size:undefined disposed:false
2296 http fetch GET 200 https://registry.npmjs.org/is-number-object 281ms (cache miss)
2297 silly packumentCache full:https://registry.npmjs.org/is-number-object set size:undefined disposed:false
2298 http fetch GET 200 https://registry.npmjs.org/is-boolean-object 292ms (cache miss)
2299 silly packumentCache full:https://registry.npmjs.org/is-boolean-object set size:undefined disposed:false
2300 silly placeDep ROOT @unrs/resolver-binding-android-arm-eabi@1.12.2 OK for: unrs-resolver@1.12.2 want: 1.12.2
2301 silly placeDep ROOT @unrs/resolver-binding-android-arm64@1.12.2 OK for: unrs-resolver@1.12.2 want: 1.12.2
2302 silly placeDep ROOT @unrs/resolver-binding-darwin-arm64@1.12.2 OK for: unrs-resolver@1.12.2 want: 1.12.2
2303 silly placeDep ROOT @unrs/resolver-binding-darwin-x64@1.12.2 OK for: unrs-resolver@1.12.2 want: 1.12.2
2304 silly placeDep ROOT @unrs/resolver-binding-freebsd-x64@1.12.2 OK for: unrs-resolver@1.12.2 want: 1.12.2
2305 silly placeDep ROOT @unrs/resolver-binding-linux-arm-gnueabihf@1.12.2 OK for: unrs-resolver@1.12.2 want: 1.12.2
2306 silly placeDep ROOT @unrs/resolver-binding-linux-arm-musleabihf@1.12.2 OK for: unrs-resolver@1.12.2 want: 1.12.2
2307 silly placeDep ROOT @unrs/resolver-binding-linux-arm64-gnu@1.12.2 OK for: unrs-resolver@1.12.2 want: 1.12.2
2308 silly placeDep ROOT @unrs/resolver-binding-linux-arm64-musl@1.12.2 OK for: unrs-resolver@1.12.2 want: 1.12.2
2309 silly placeDep ROOT @unrs/resolver-binding-linux-loong64-gnu@1.12.2 OK for: unrs-resolver@1.12.2 want: 1.12.2
2310 silly placeDep ROOT @unrs/resolver-binding-linux-loong64-musl@1.12.2 OK for: unrs-resolver@1.12.2 want: 1.12.2
2311 silly placeDep ROOT @unrs/resolver-binding-linux-ppc64-gnu@1.12.2 OK for: unrs-resolver@1.12.2 want: 1.12.2
2312 silly placeDep ROOT @unrs/resolver-binding-linux-riscv64-gnu@1.12.2 OK for: unrs-resolver@1.12.2 want: 1.12.2
2313 silly placeDep ROOT @unrs/resolver-binding-linux-riscv64-musl@1.12.2 OK for: unrs-resolver@1.12.2 want: 1.12.2
2314 silly placeDep ROOT @unrs/resolver-binding-linux-s390x-gnu@1.12.2 OK for: unrs-resolver@1.12.2 want: 1.12.2
2315 silly placeDep ROOT @unrs/resolver-binding-linux-x64-gnu@1.12.2 OK for: unrs-resolver@1.12.2 want: 1.12.2
2316 silly placeDep ROOT @unrs/resolver-binding-linux-x64-musl@1.12.2 OK for: unrs-resolver@1.12.2 want: 1.12.2
2317 silly placeDep ROOT @unrs/resolver-binding-openharmony-arm64@1.12.2 OK for: unrs-resolver@1.12.2 want: 1.12.2
2318 silly placeDep ROOT @unrs/resolver-binding-wasm32-wasi@1.12.2 OK for: unrs-resolver@1.12.2 want: 1.12.2
2319 silly placeDep ROOT @unrs/resolver-binding-win32-arm64-msvc@1.12.2 OK for: unrs-resolver@1.12.2 want: 1.12.2
2320 silly placeDep ROOT @unrs/resolver-binding-win32-ia32-msvc@1.12.2 OK for: unrs-resolver@1.12.2 want: 1.12.2
2321 silly placeDep ROOT @unrs/resolver-binding-win32-x64-msvc@1.12.2 OK for: unrs-resolver@1.12.2 want: 1.12.2
2322 silly placeDep ROOT napi-postinstall@0.3.4 OK for: unrs-resolver@1.12.2 want: ^0.3.4
2323 silly fetch manifest @napi-rs/wasm-runtime@^1.1.4
2324 silly packumentCache full:https://registry.npmjs.org/@napi-rs%2fwasm-runtime cache-miss
2325 silly fetch manifest @emnapi/core@1.10.0
2326 silly packumentCache full:https://registry.npmjs.org/@emnapi%2fcore cache-miss
2327 silly fetch manifest @emnapi/runtime@1.10.0
2328 silly packumentCache full:https://registry.npmjs.org/@emnapi%2fruntime cache-miss
2329 http cache https://registry.npmjs.org/@emnapi%2fruntime 11ms (cache hit)
2330 silly packumentCache full:https://registry.npmjs.org/@emnapi%2fruntime set size:118526 disposed:false
2331 http fetch GET 200 https://registry.npmjs.org/@emnapi%2fcore 247ms (cache miss)
2332 silly packumentCache full:https://registry.npmjs.org/@emnapi%2fcore set size:undefined disposed:false
2333 http fetch GET 200 https://registry.npmjs.org/@napi-rs%2fwasm-runtime 304ms (cache miss)
2334 silly packumentCache full:https://registry.npmjs.org/@napi-rs%2fwasm-runtime set size:undefined disposed:false
2335 silly placeDep ROOT @emnapi/core@1.10.0 OK for: @unrs/resolver-binding-wasm32-wasi@1.12.2 want: 1.10.0
2336 silly placeDep node_modules/@unrs/resolver-binding-wasm32-wasi @emnapi/runtime@1.10.0 OK for: @unrs/resolver-binding-wasm32-wasi@1.12.2 want: 1.10.0
2337 silly placeDep ROOT @napi-rs/wasm-runtime@1.1.6 OK for: @unrs/resolver-binding-wasm32-wasi@1.12.2 want: ^1.1.4
2338 silly fetch manifest @emnapi/wasi-threads@1.2.1
2339 silly packumentCache full:https://registry.npmjs.org/@emnapi%2fwasi-threads cache-miss
2340 silly fetch manifest @tybys/wasm-util@^0.10.3
2341 silly packumentCache full:https://registry.npmjs.org/@tybys%2fwasm-util cache-miss
2342 http fetch GET 200 https://registry.npmjs.org/@tybys%2fwasm-util 464ms (cache miss)
2343 silly packumentCache full:https://registry.npmjs.org/@tybys%2fwasm-util set size:undefined disposed:false
2344 http fetch GET 200 https://registry.npmjs.org/@emnapi%2fwasi-threads 716ms (cache miss)
2345 silly packumentCache full:https://registry.npmjs.org/@emnapi%2fwasi-threads set size:undefined disposed:false
2346 silly placeDep ROOT @emnapi/wasi-threads@1.2.1 OK for: @emnapi/core@1.10.0 want: 1.2.1
2347 silly placeDep ROOT @tybys/wasm-util@0.10.3 OK for: @napi-rs/wasm-runtime@1.1.6 want: ^0.10.3
2348 silly placeDep ROOT escalade@3.2.0 OK for: update-browserslist-db@1.2.3 want: ^3.2.0
2349 silly placeDep ROOT punycode@2.3.1 OK for: uri-js@4.4.1 want: ^2.1.0
2350 silly placeDep ROOT isexe@2.0.0 OK for: which@2.0.2 want: ^2.0.0
2351 silly placeDep ROOT is-bigint@1.1.0 OK for: which-boxed-primitive@1.1.1 want: ^1.1.0
2352 silly placeDep ROOT is-boolean-object@1.2.2 OK for: which-boxed-primitive@1.1.1 want: ^1.2.1
2353 silly placeDep ROOT is-number-object@1.1.1 OK for: which-boxed-primitive@1.1.1 want: ^1.1.1
2354 silly placeDep ROOT is-async-function@2.1.1 OK for: which-builtin-type@1.2.1 want: ^2.0.0
2355 silly placeDep ROOT is-finalizationregistry@1.1.1 OK for: which-builtin-type@1.2.1 want: ^1.1.0
2356 silly placeDep ROOT is-generator-function@1.1.2 OK for: which-builtin-type@1.2.1 want: ^1.0.10
2357 silly placeDep ROOT which-collection@1.0.2 OK for: which-builtin-type@1.2.1 want: ^1.0.2
2358 silly fetch manifest async-function@^1.0.0
2359 silly packumentCache full:https://registry.npmjs.org/async-function cache-miss
2360 silly fetch manifest generator-function@^2.0.0
2361 silly packumentCache full:https://registry.npmjs.org/generator-function cache-miss
2362 silly fetch manifest is-map@^2.0.3
2363 silly packumentCache full:https://registry.npmjs.org/is-map cache-miss
2364 silly fetch manifest is-weakmap@^2.0.2
2365 silly packumentCache full:https://registry.npmjs.org/is-weakmap cache-miss
2366 silly fetch manifest is-weakset@^2.0.3
2367 silly packumentCache full:https://registry.npmjs.org/is-weakset cache-miss
2368 http fetch GET 200 https://registry.npmjs.org/async-function 38ms (cache miss)
2369 silly packumentCache full:https://registry.npmjs.org/async-function set size:undefined disposed:false
2370 http fetch GET 200 https://registry.npmjs.org/generator-function 39ms (cache miss)
2371 silly packumentCache full:https://registry.npmjs.org/generator-function set size:undefined disposed:false
2372 http fetch GET 200 https://registry.npmjs.org/is-map 283ms (cache miss)
2373 silly packumentCache full:https://registry.npmjs.org/is-map set size:undefined disposed:false
2374 http fetch GET 200 https://registry.npmjs.org/is-weakmap 285ms (cache miss)
2375 silly packumentCache full:https://registry.npmjs.org/is-weakmap set size:undefined disposed:false
2376 http fetch GET 200 https://registry.npmjs.org/is-weakset 290ms (cache miss)
2377 silly packumentCache full:https://registry.npmjs.org/is-weakset set size:undefined disposed:false
2378 silly placeDep ROOT async-function@1.0.0 OK for: is-async-function@2.1.1 want: ^1.0.0
2379 silly placeDep ROOT generator-function@2.0.1 OK for: is-generator-function@1.1.2 want: ^2.0.0
2380 silly placeDep ROOT is-map@2.0.3 OK for: which-collection@1.0.2 want: ^2.0.3
2381 silly placeDep ROOT is-weakmap@2.0.2 OK for: which-collection@1.0.2 want: ^2.0.2
2382 silly placeDep ROOT is-weakset@2.0.4 OK for: which-collection@1.0.2 want: ^2.0.3
2383 silly placeDep node_modules/@typescript-eslint/typescript-estree brace-expansion@5.0.7 OK for: minimatch@10.2.5 want: ^5.0.5
2384 silly fetch manifest balanced-match@^4.0.2
2385 silly packumentCache full:https://registry.npmjs.org/balanced-match cache-miss
2386 http cache https://registry.npmjs.org/balanced-match 10ms (cache hit)
2387 silly packumentCache full:https://registry.npmjs.org/balanced-match set size:39082 disposed:false
2388 silly placeDep node_modules/@typescript-eslint/typescript-estree balanced-match@4.0.4 OK for: brace-expansion@5.0.7 want: ^4.0.2
2389 silly placeDep node_modules/tailwindcss/node_modules/fast-glob glob-parent@5.1.2 OK for: fast-glob@3.3.3 want: ^5.1.2
2390 silly reify moves {}
2391 silly audit bulk request {
2391 silly audit   '@types/node': [ '22.20.0' ],
2391 silly audit   '@types/react': [ '19.2.17' ],
2391 silly audit   '@types/react-dom': [ '19.2.3' ],
2391 silly audit   autoprefixer: [ '10.5.2' ],
2391 silly audit   postcss: [ '8.5.16', '8.4.31' ],
2391 silly audit   eslint: [ '9.39.4' ],
2391 silly audit   'eslint-config-next': [ '15.5.20' ],
2391 silly audit   'lucide-react': [ '0.468.0' ],
2391 silly audit   react: [ '19.2.7' ],
2391 silly audit   next: [ '15.5.20' ],
2391 silly audit   'react-dom': [ '19.2.7' ],
2391 silly audit   tailwindcss: [ '3.4.19' ],
2391 silly audit   typescript: [ '5.9.3' ],
2391 silly audit   'undici-types': [ '6.21.0' ],
2391 silly audit   csstype: [ '3.2.3' ],
2391 silly audit   browserslist: [ '4.28.4' ],
2391 silly audit   'caniuse-lite': [ '1.0.30001800' ],
2391 silly audit   'fraction.js': [ '5.3.4' ],
2391 silly audit   picocolors: [ '1.1.1' ],
2391 silly audit   'postcss-value-parser': [ '4.2.0' ],
2391 silly audit   'baseline-browser-mapping': [ '2.10.42' ],
2391 silly audit   'electron-to-chromium': [ '1.5.387' ],
2391 silly audit   'node-releases': [ '2.0.50' ],
2391 silly audit   'update-browserslist-db': [ '1.2.3' ],
2391 silly audit   '@eslint-community/eslint-utils': [ '4.9.1' ],
2391 silly audit   '@eslint-community/regexpp': [ '4.12.2' ],
2391 silly audit   '@eslint/config-array': [ '0.21.2' ],
2391 silly audit   '@eslint/config-helpers': [ '0.4.2' ],
2391 silly audit   '@eslint/core': [ '0.17.0' ],
2391 silly audit   '@eslint/eslintrc': [ '3.3.5' ],
2391 silly audit   '@eslint/js': [ '9.39.4' ],
2391 silly audit   '@eslint/plugin-kit': [ '0.4.1' ],
2391 silly audit   '@humanfs/node': [ '0.16.8' ],
2391 silly audit   '@humanwhocodes/module-importer': [ '1.0.1' ],
2391 silly audit   '@humanwhocodes/retry': [ '0.4.3' ],
2391 silly audit   '@types/estree': [ '1.0.9' ],
2391 silly audit   ajv: [ '6.15.0' ],
2391 silly audit   chalk: [ '4.1.2' ],
2391 silly audit   'cross-spawn': [ '7.0.6' ],
2391 silly audit   debug: [ '4.4.3', '3.2.7' ],
2391 silly audit   'escape-string-regexp': [ '4.0.0' ],
2391 silly audit   'eslint-scope': [ '8.4.0' ],
2391 silly audit   'eslint-visitor-keys': [ '4.2.1', '3.4.3', '5.0.1' ],
2391 silly audit   espree: [ '10.4.0' ],
2391 silly audit   esquery: [ '1.7.0' ],
2391 silly audit   esutils: [ '2.0.3' ],
2391 silly audit   'fast-deep-equal': [ '3.1.3' ],
2391 silly audit   'file-entry-cache': [ '8.0.0' ],
2391 silly audit   'find-up': [ '5.0.0' ],
2391 silly audit   'glob-parent': [ '6.0.2', '5.1.2' ],
2391 silly audit   ignore: [ '5.3.2', '7.0.5' ],
2391 silly audit   imurmurhash: [ '0.1.4' ],
2391 silly audit   'is-glob': [ '4.0.3' ],
2391 silly audit   'json-stable-stringify-without-jsonify': [ '1.0.1' ],
2391 silly audit   'lodash.merge': [ '4.6.2' ],
2391 silly audit   minimatch: [ '3.1.5', '10.2.5' ],
2391 silly audit   'natural-compare': [ '1.4.0' ],
2391 silly audit   optionator: [ '0.9.4' ],
2391 silly audit   '@eslint/object-schema': [ '2.1.7' ],
2391 silly audit   '@types/json-schema': [ '7.0.15' ],
2391 silly audit   globals: [ '14.0.0' ],
2391 silly audit   'import-fresh': [ '3.3.1' ],
2391 silly audit   'js-yaml': [ '4.3.0' ],
2391 silly audit   'strip-json-comments': [ '3.1.1' ],
2391 silly audit   levn: [ '0.4.1' ],
2391 silly audit   '@humanfs/core': [ '0.19.2' ],
2391 silly audit   '@humanfs/types': [ '0.15.0' ],
2391 silly audit   'fast-json-stable-stringify': [ '2.1.0' ],
2391 silly audit   'json-schema-traverse': [ '0.4.1' ],
2391 silly audit   'uri-js': [ '4.4.1' ],
2391 silly audit   'ansi-styles': [ '4.3.0' ],
2391 silly audit   'supports-color': [ '7.2.0' ],
2391 silly audit   'color-convert': [ '2.0.1' ],
2391 silly audit   'color-name': [ '1.1.4' ],
2391 silly audit   'path-key': [ '3.1.1' ],
2391 silly audit   'shebang-command': [ '2.0.0' ],
2391 silly audit   which: [ '2.0.2' ],
2391 silly audit   ms: [ '2.1.3' ],
2391 silly audit   '@next/eslint-plugin-next': [ '15.5.20' ],
2391 silly audit   '@rushstack/eslint-patch': [ '1.16.1' ],
2391 silly audit   '@typescript-eslint/eslint-plugin': [ '8.62.1' ],
2391 silly audit   '@typescript-eslint/parser': [ '8.62.1' ],
2391 silly audit   'eslint-import-resolver-node': [ '0.3.10' ],
2391 silly audit   'eslint-import-resolver-typescript': [ '3.10.1' ],
2391 silly audit   'eslint-plugin-import': [ '2.32.0' ],
2391 silly audit   'eslint-plugin-jsx-a11y': [ '6.10.2' ],
2391 silly audit   'eslint-plugin-react': [ '7.37.5' ],
2391 silly audit   'eslint-plugin-react-hooks': [ '5.2.0' ],
2391 silly audit   'fast-glob': [ '3.3.1', '3.3.3' ],
2391 silly audit   '@typescript-eslint/scope-manager': [ '8.62.1' ],
2391 silly audit   '@typescript-eslint/type-utils': [ '8.62.1' ],
2391 silly audit   '@typescript-eslint/utils': [ '8.62.1' ],
2391 silly audit   '@typescript-eslint/visitor-keys': [ '8.62.1' ],
2391 silly audit   'ts-api-utils': [ '2.5.0' ],
2391 silly audit   '@typescript-eslint/types': [ '8.62.1' ],
2391 silly audit   '@typescript-eslint/typescript-estree': [ '8.62.1' ],
2391 silly audit   '@typescript-eslint/project-service': [ '8.62.1' ],
2391 silly audit   '@typescript-eslint/tsconfig-utils': [ '8.62.1' ],
2391 silly audit   semver: [ '7.8.5', '6.3.1' ],
2391 silly audit   tinyglobby: [ '0.2.17' ],
2391 silly audit   'is-core-module': [ '2.16.2' ],
2391 silly audit   resolve: [ '2.0.0-next.7', '1.22.12' ],
2391 silly audit   '@nolyfill/is-core-module': [ '1.0.39' ],
2391 silly audit   'get-tsconfig': [ '4.14.0' ],
2391 silly audit   'is-bun-module': [ '2.0.0' ],
2391 silly audit   'stable-hash': [ '0.0.5' ],
2391 silly audit   'unrs-resolver': [ '1.12.2' ],
2391 silly audit   '@rtsao/scc': [ '1.1.0' ],
2391 silly audit   'array-includes': [ '3.1.9' ],
2391 silly audit   'array.prototype.findlastindex': [ '1.2.6' ],
2391 silly audit   'array.prototype.flat': [ '1.3.3' ],
2391 silly audit   'array.prototype.flatmap': [ '1.3.3' ],
2391 silly audit   doctrine: [ '2.1.0' ],
2391 silly audit   'eslint-module-utils': [ '2.14.0' ],
2391 silly audit   hasown: [ '2.0.4' ],
2391 silly audit   'object.fromentries': [ '2.0.8' ],
2391 silly audit   'object.groupby': [ '1.0.3' ],
2391 silly audit   'object.values': [ '1.2.1' ],
2391 silly audit   'string.prototype.trimend': [ '1.0.10' ],
2391 silly audit   'tsconfig-paths': [ '3.15.0' ],
2391 silly audit   'call-bind': [ '1.0.9' ],
2391 silly audit   'call-bound': [ '1.0.4' ],
2391 silly audit   'define-properties': [ '1.2.1' ],
2391 silly audit   'es-abstract': [ '1.24.2' ],
2391 silly audit   'es-object-atoms': [ '1.1.2' ],
2391 silly audit   'get-intrinsic': [ '1.3.0' ],
2391 silly audit   'is-string': [ '1.1.1' ],
2391 silly audit   'math-intrinsics': [ '1.1.0' ],
2391 silly audit   'es-errors': [ '1.3.0' ],
2391 silly audit   'es-shim-unscopables': [ '1.1.0' ],
2391 silly audit   'call-bind-apply-helpers': [ '1.0.2' ],
2391 silly audit   'es-define-property': [ '1.0.1' ],
2391 silly audit   'set-function-length': [ '1.2.2' ],
2391 silly audit   'function-bind': [ '1.1.2' ],
2391 silly audit   'define-data-property': [ '1.1.4' ],
2391 silly audit   'has-property-descriptors': [ '1.0.2' ],
2391 silly audit   'object-keys': [ '1.1.1' ],
2391 silly audit   gopd: [ '1.2.0' ],
2391 silly audit   'array-buffer-byte-length': [ '1.0.2' ],
2391 silly audit   'arraybuffer.prototype.slice': [ '1.0.4' ],
2391 silly audit   'available-typed-arrays': [ '1.0.7' ],
2391 silly audit   'data-view-buffer': [ '1.0.2' ],
2391 silly audit   'data-view-byte-length': [ '1.0.2' ],
2391 silly audit   'data-view-byte-offset': [ '1.0.1' ],
2391 silly audit   'es-set-tostringtag': [ '2.1.0' ],
2391 silly audit   'es-to-primitive': [ '1.3.4' ],
2391 silly audit   'function.prototype.name': [ '1.2.0' ],
2391 silly audit   'get-proto': [ '1.0.1' ],
2391 silly audit   'get-symbol-description': [ '1.1.0' ],
2391 silly audit   globalthis: [ '1.0.4' ],
2391 silly audit   'has-proto': [ '1.2.0' ],
2391 silly audit   'has-symbols': [ '1.1.0' ],
2391 silly audit   'internal-slot': [ '1.1.0' ],
2391 silly audit   'is-array-buffer': [ '3.0.5' ],
2391 silly audit   'is-callable': [ '1.2.7' ],
2391 silly audit   'is-data-view': [ '1.0.2' ],
2391 silly audit   'is-negative-zero': [ '2.0.3' ],
2391 silly audit   'is-regex': [ '1.2.1' ],
2391 silly audit   'is-set': [ '2.0.3' ],
2391 silly audit   'is-shared-array-buffer': [ '1.0.4' ],
2391 silly audit   'is-typed-array': [ '1.1.15' ],
2391 silly audit   'is-weakref': [ '1.1.1' ],
2391 silly audit   'object-inspect': [ '1.13.4' ],
2391 silly audit   'object.assign': [ '4.1.7' ],
2391 silly audit   'own-keys': [ '1.0.1' ],
2391 silly audit   'regexp.prototype.flags': [ '1.5.4' ],
2391 silly audit   'safe-array-concat': [ '1.1.4' ],
2391 silly audit   'safe-push-apply': [ '1.0.0' ],
2391 silly audit   'safe-regex-test': [ '1.1.0' ],
2391 silly audit   'set-proto': [ '1.0.0' ],
2391 silly audit   'stop-iteration-iterator': [ '1.1.0' ],
2391 silly audit   'string.prototype.trim': [ '1.2.11' ],
2391 silly audit   'string.prototype.trimstart': [ '1.0.8' ],
2391 silly audit   'typed-array-buffer': [ '1.0.3' ],
2391 silly audit   'typed-array-byte-length': [ '1.0.3' ],
2391 silly audit   'typed-array-byte-offset': [ '1.0.4' ],
2391 silly audit   'typed-array-length': [ '1.0.8' ],
2391 silly audit   'unbox-primitive': [ '1.1.0' ],
2391 silly audit   'which-typed-array': [ '1.1.22' ],
2391 silly audit   'possible-typed-array-names': [ '1.1.0' ],
2391 silly audit   'has-tostringtag': [ '1.0.2' ],
2391 silly audit   'es-abstract-get': [ '1.0.0' ],
2391 silly audit   'is-date-object': [ '1.1.0' ],
2391 silly audit   'is-symbol': [ '1.1.1' ],
2391 silly audit   'aria-query': [ '5.3.2' ],
2391 silly audit   'ast-types-flow': [ '0.0.8' ],
2391 silly audit   'axe-core': [ '4.12.1' ],
2391 silly audit   'axobject-query': [ '4.1.0' ],
2391 silly audit   'damerau-levenshtein': [ '1.0.8' ],
2391 silly audit   'emoji-regex': [ '9.2.2' ],
2391 silly audit   'jsx-ast-utils': [ '3.3.5' ],
2391 silly audit   'language-tags': [ '1.0.9' ],
2391 silly audit   'string.prototype.includes': [ '2.0.1' ],
2391 silly audit   'array.prototype.findlast': [ '1.2.5' ],
2391 silly audit   'array.prototype.tosorted': [ '1.1.4' ],
2391 silly audit   'es-iterator-helpers': [ '1.3.3' ],
2391 silly audit   estraverse: [ '5.3.0' ],
2391 silly audit   'object.entries': [ '1.1.9' ],
2391 silly audit   'prop-types': [ '15.8.1' ],
2391 silly audit   'string.prototype.matchall': [ '4.0.12' ],
2391 silly audit   'string.prototype.repeat': [ '1.0.0' ],
2391 silly audit   'iterator.prototype': [ '1.1.5' ],
2391 silly audit   esrecurse: [ '4.3.0' ],
2391 silly audit   acorn: [ '8.17.0' ],
2391 silly audit   'acorn-jsx': [ '5.3.2' ],
2391 silly audit   '@nodelib/fs.stat': [ '2.0.5' ],
2391 silly audit   '@nodelib/fs.walk': [ '1.2.8' ],
2391 silly audit   merge2: [ '1.4.1' ],
2391 silly audit   micromatch: [ '4.0.8' ],
2391 silly audit   '@nodelib/fs.scandir': [ '2.1.5' ],
2391 silly audit   fastq: [ '1.20.1' ],
2391 silly audit   'run-parallel': [ '1.2.0' ],
2391 silly audit   reusify: [ '1.1.0' ],
2391 silly audit   'flat-cache': [ '4.0.1' ],
2391 silly audit   'locate-path': [ '6.0.0' ],
2391 silly audit   'path-exists': [ '4.0.0' ],
2391 silly audit   flatted: [ '3.4.2' ],
2391 silly audit   keyv: [ '4.5.4' ],
2391 silly audit   'functions-have-names': [ '1.2.3' ],
2391 silly audit   'is-document.all': [ '1.0.0' ],
2391 silly audit   'dunder-proto': [ '1.0.1' ],
2391 silly audit   'resolve-pkg-maps': [ '1.0.0' ],
2391 silly audit   'parent-module': [ '1.0.1' ],
2391 silly audit   'resolve-from': [ '4.0.0' ],
2391 silly audit   'side-channel': [ '1.1.1' ],
2391 silly audit   'is-extglob': [ '2.1.1' ],
2391 silly audit   'set-function-name': [ '2.0.2' ],
2391 silly audit   argparse: [ '2.0.1' ],
2391 silly audit   'json-buffer': [ '3.0.1' ],
2391 silly audit   'language-subtag-registry': [ '0.3.23' ],
2391 silly audit   'prelude-ls': [ '1.2.1' ],
2391 silly audit   'type-check': [ '0.4.0' ],
2391 silly audit   'p-locate': [ '5.0.0' ],
2391 silly audit   braces: [ '3.0.3' ],
2391 silly audit   picomatch: [ '2.3.2', '4.0.5' ],
2391 silly audit   'fill-range': [ '7.1.1' ],
2391 silly audit   'to-regex-range': [ '5.0.1' ],
2391 silly audit   'brace-expansion': [ '1.1.15', '5.0.7' ],
2391 silly audit   'balanced-match': [ '1.0.2', '4.0.4' ],
2391 silly audit   'concat-map': [ '0.0.1' ],
2391 silly audit   '@next/env': [ '15.5.20' ],
2391 silly audit   '@next/swc-darwin-arm64': [ '15.5.20' ],
2391 silly audit   '@next/swc-darwin-x64': [ '15.5.20' ],
2391 silly audit   '@next/swc-linux-arm64-gnu': [ '15.5.20' ],
2391 silly audit   '@next/swc-linux-arm64-musl': [ '15.5.20' ],
2391 silly audit   '@next/swc-linux-x64-gnu': [ '15.5.20' ],
2391 silly audit   '@next/swc-linux-x64-musl': [ '15.5.20' ],
2391 silly audit   '@next/swc-win32-arm64-msvc': [ '15.5.20' ],
2391 silly audit   '@next/swc-win32-x64-msvc': [ '15.5.20' ],
2391 silly audit   '@swc/helpers': [ '0.5.15' ],
2391 silly audit   sharp: [ '0.34.5' ],
2391 silly audit   'styled-jsx': [ '5.1.6' ],
2391 silly audit   tslib: [ '2.8.1' ],
2391 silly audit   'deep-is': [ '0.1.4' ],
2391 silly audit   'fast-levenshtein': [ '2.0.6' ],
2391 silly audit   'word-wrap': [ '1.2.5' ],
2391 silly audit   'p-limit': [ '3.1.0' ],
2391 silly audit   'yocto-queue': [ '0.1.0' ],
2391 silly audit   callsites: [ '3.1.0' ],
2391 silly audit   nanoid: [ '3.3.15' ],
2391 silly audit   'source-map-js': [ '1.2.1' ],
2391 silly audit   'loose-envify': [ '1.4.0' ],
2391 silly audit   'object-assign': [ '4.1.1' ],
2391 silly audit   'react-is': [ '16.13.1' ],
2391 silly audit   'js-tokens': [ '4.0.0' ],
2391 silly audit   scheduler: [ '0.27.0' ],
2391 silly audit   'node-exports-info': [ '1.6.2' ],
2391 silly audit   'path-parse': [ '1.0.7' ],
2391 silly audit   'supports-preserve-symlinks-flag': [ '1.0.0' ],
2391 silly audit   'queue-microtask': [ '1.2.3' ],
2391 silly audit   isarray: [ '2.0.5' ],
2391 silly audit   '@img/colour': [ '1.1.0' ],
2391 silly audit   '@img/sharp-darwin-arm64': [ '0.34.5' ],
2391 silly audit   '@img/sharp-darwin-x64': [ '0.34.5' ],
2391 silly audit   '@img/sharp-libvips-darwin-arm64': [ '1.2.4' ],
2391 silly audit   '@img/sharp-libvips-darwin-x64': [ '1.2.4' ],
2391 silly audit   '@img/sharp-libvips-linux-arm': [ '1.2.4' ],
2391 silly audit   '@img/sharp-libvips-linux-arm64': [ '1.2.4' ],
2391 silly audit   '@img/sharp-libvips-linux-ppc64': [ '1.2.4' ],
2391 silly audit   '@img/sharp-libvips-linux-riscv64': [ '1.2.4' ],
2391 silly audit   '@img/sharp-libvips-linux-s390x': [ '1.2.4' ],
2391 silly audit   '@img/sharp-libvips-linux-x64': [ '1.2.4' ],
2391 silly audit   '@img/sharp-libvips-linuxmusl-arm64': [ '1.2.4' ],
2391 silly audit   '@img/sharp-libvips-linuxmusl-x64': [ '1.2.4' ],
2391 silly audit   '@img/sharp-linux-arm': [ '0.34.5' ],
2391 silly audit   '@img/sharp-linux-arm64': [ '0.34.5' ],
2391 silly audit   '@img/sharp-linux-ppc64': [ '0.34.5' ],
2391 silly audit   '@img/sharp-linux-riscv64': [ '0.34.5' ],
2391 silly audit   '@img/sharp-linux-s390x': [ '0.34.5' ],
2391 silly audit   '@img/sharp-linux-x64': [ '0.34.5' ],
2391 silly audit   '@img/sharp-linuxmusl-arm64': [ '0.34.5' ],
2391 silly audit   '@img/sharp-linuxmusl-x64': [ '0.34.5' ],
2391 silly audit   '@img/sharp-wasm32': [ '0.34.5' ],
2391 silly audit   '@img/sharp-win32-arm64': [ '0.34.5' ],
2391 silly audit   '@img/sharp-win32-ia32': [ '0.34.5' ],
2391 silly audit   '@img/sharp-win32-x64': [ '0.34.5' ],
2391 silly audit   'detect-libc': [ '2.1.2' ],
2391 silly audit   '@emnapi/runtime': [ '1.11.2', '1.10.0' ],
2391 silly audit   'shebang-regex': [ '3.0.0' ],
2391 silly audit   'side-channel-list': [ '1.0.1' ],
2391 silly audit   'side-channel-map': [ '1.0.1' ],
2391 silly audit   'side-channel-weakmap': [ '1.0.2' ],
2391 silly audit   'client-only': [ '0.0.1' ],
2391 silly audit   'has-flag': [ '4.0.0' ],
2391 silly audit   '@alloc/quick-lru': [ '5.2.0' ],
2391 silly audit   arg: [ '5.0.2' ],
2391 silly audit   chokidar: [ '3.6.0' ],
2391 silly audit   didyoumean: [ '1.2.2' ],
2391 silly audit   dlv: [ '1.1.3' ],
2391 silly audit   jiti: [ '1.21.7' ],
2391 silly audit   lilconfig: [ '3.1.3' ],
2391 silly audit   'normalize-path': [ '3.0.0' ],
2391 silly audit   'object-hash': [ '3.0.0' ],
2391 silly audit   'postcss-import': [ '15.1.0' ],
2391 silly audit   'postcss-js': [ '4.1.0' ],
2391 silly audit   'postcss-load-config': [ '6.0.1' ],
2391 silly audit   'postcss-nested': [ '6.2.0' ],
2391 silly audit   'postcss-selector-parser': [ '6.1.4' ],
2391 silly audit   sucrase: [ '3.35.1' ],
2391 silly audit   anymatch: [ '3.1.3' ],
2391 silly audit   fsevents: [ '2.3.3' ],
2391 silly audit   'is-binary-path': [ '2.1.0' ],
2391 silly audit   readdirp: [ '3.6.0' ],
2391 silly audit   'binary-extensions': [ '2.3.0' ],
2391 silly audit   'read-cache': [ '1.0.0' ],
2391 silly audit   'camelcase-css': [ '2.0.1' ],
2391 silly audit   cssesc: [ '3.0.0' ],
2391 silly audit   'util-deprecate': [ '1.0.2' ],
2391 silly audit   pify: [ '2.3.0' ],
2391 silly audit   '@jridgewell/gen-mapping': [ '0.3.13' ],
2391 silly audit   commander: [ '4.1.1' ],
2391 silly audit   'lines-and-columns': [ '1.2.4' ],
2391 silly audit   mz: [ '2.7.0' ],
2391 silly audit   pirates: [ '4.0.7' ],
2391 silly audit   'ts-interface-checker': [ '0.1.13' ],
2391 silly audit   '@jridgewell/sourcemap-codec': [ '1.5.5' ],
2391 silly audit   '@jridgewell/trace-mapping': [ '0.3.31' ],
2391 silly audit   '@jridgewell/resolve-uri': [ '3.1.2' ],
2391 silly audit   'any-promise': [ '1.3.0' ],
2391 silly audit   'thenify-all': [ '1.6.0' ],
2391 silly audit   thenify: [ '3.3.1' ],
2391 silly audit   fdir: [ '6.5.0' ],
2391 silly audit   'is-number': [ '7.0.0' ],
2391 silly audit   '@types/json5': [ '0.0.29' ],
2391 silly audit   json5: [ '1.0.2' ],
2391 silly audit   minimist: [ '1.2.8' ],
2391 silly audit   'strip-bom': [ '3.0.0' ],
2391 silly audit   'for-each': [ '0.3.5' ],
2391 silly audit   'reflect.getprototypeof': [ '1.0.10' ],
2391 silly audit   'which-builtin-type': [ '1.2.1' ],
2391 silly audit   'has-bigints': [ '1.1.0' ],
2391 silly audit   'which-boxed-primitive': [ '1.1.1' ],
2391 silly audit   '@unrs/resolver-binding-android-arm-eabi': [ '1.12.2' ],
2391 silly audit   '@unrs/resolver-binding-android-arm64': [ '1.12.2' ],
2391 silly audit   '@unrs/resolver-binding-darwin-arm64': [ '1.12.2' ],
2391 silly audit   '@unrs/resolver-binding-darwin-x64': [ '1.12.2' ],
2391 silly audit   '@unrs/resolver-binding-freebsd-x64': [ '1.12.2' ],
2391 silly audit   '@unrs/resolver-binding-linux-arm-gnueabihf': [ '1.12.2' ],
2391 silly audit   '@unrs/resolver-binding-linux-arm-musleabihf': [ '1.12.2' ],
2391 silly audit   '@unrs/resolver-binding-linux-arm64-gnu': [ '1.12.2' ],
2391 silly audit   '@unrs/resolver-binding-linux-arm64-musl': [ '1.12.2' ],
2391 silly audit   '@unrs/resolver-binding-linux-loong64-gnu': [ '1.12.2' ],
2391 silly audit   '@unrs/resolver-binding-linux-loong64-musl': [ '1.12.2' ],
2391 silly audit   '@unrs/resolver-binding-linux-ppc64-gnu': [ '1.12.2' ],
2391 silly audit   '@unrs/resolver-binding-linux-riscv64-gnu': [ '1.12.2' ],
2391 silly audit   '@unrs/resolver-binding-linux-riscv64-musl': [ '1.12.2' ],
2391 silly audit   '@unrs/resolver-binding-linux-s390x-gnu': [ '1.12.2' ],
2391 silly audit   '@unrs/resolver-binding-linux-x64-gnu': [ '1.12.2' ],
2391 silly audit   '@unrs/resolver-binding-linux-x64-musl': [ '1.12.2' ],
2391 silly audit   '@unrs/resolver-binding-openharmony-arm64': [ '1.12.2' ],
2391 silly audit   '@unrs/resolver-binding-wasm32-wasi': [ '1.12.2' ],
2391 silly audit   '@unrs/resolver-binding-win32-arm64-msvc': [ '1.12.2' ],
2391 silly audit   '@unrs/resolver-binding-win32-ia32-msvc': [ '1.12.2' ],
2391 silly audit   '@unrs/resolver-binding-win32-x64-msvc': [ '1.12.2' ],
2391 silly audit   'napi-postinstall': [ '0.3.4' ],
2391 silly audit   '@emnapi/core': [ '1.10.0' ],
2391 silly audit   '@napi-rs/wasm-runtime': [ '1.1.6' ],
2391 silly audit   '@emnapi/wasi-threads': [ '1.2.1' ],
2391 silly audit   '@tybys/wasm-util': [ '0.10.3' ],
2391 silly audit   escalade: [ '3.2.0' ],
2391 silly audit   punycode: [ '2.3.1' ],
2391 silly audit   isexe: [ '2.0.0' ],
2391 silly audit   'is-bigint': [ '1.1.0' ],
2391 silly audit   'is-boolean-object': [ '1.2.2' ],
2391 silly audit   'is-number-object': [ '1.1.1' ],
2391 silly audit   'is-async-function': [ '2.1.1' ],
2391 silly audit   'is-finalizationregistry': [ '1.1.1' ],
2391 silly audit   'is-generator-function': [ '1.1.2' ],
2391 silly audit   'which-collection': [ '1.0.2' ],
2391 silly audit   'async-function': [ '1.0.0' ],
2391 silly audit   'generator-function': [ '2.0.1' ],
2391 silly audit   'is-map': [ '2.0.3' ],
2391 silly audit   'is-weakmap': [ '2.0.2' ],
2391 silly audit   'is-weakset': [ '2.0.4' ]
2391 silly audit }
2392 http cache is-weakset@https://registry.npmjs.org/is-weakset/-/is-weakset-2.0.4.tgz 0ms (cache hit)
2393 http cache async-function@https://registry.npmjs.org/async-function/-/async-function-1.0.0.tgz 0ms (cache hit)
2394 http cache is-map@https://registry.npmjs.org/is-map/-/is-map-2.0.3.tgz 0ms (cache hit)
2395 http cache is-generator-function@https://registry.npmjs.org/is-generator-function/-/is-generator-function-1.1.2.tgz 0ms (cache hit)
2396 http cache which-collection@https://registry.npmjs.org/which-collection/-/which-collection-1.0.2.tgz 0ms (cache hit)
2397 http cache is-weakmap@https://registry.npmjs.org/is-weakmap/-/is-weakmap-2.0.2.tgz 0ms (cache hit)
2398 http cache is-finalizationregistry@https://registry.npmjs.org/is-finalizationregistry/-/is-finalizationregistry-1.1.1.tgz 0ms (cache hit)
2399 http cache is-async-function@https://registry.npmjs.org/is-async-function/-/is-async-function-2.1.1.tgz 0ms (cache hit)
2400 http cache is-boolean-object@https://registry.npmjs.org/is-boolean-object/-/is-boolean-object-1.2.2.tgz 0ms (cache hit)
2401 http cache is-number-object@https://registry.npmjs.org/is-number-object/-/is-number-object-1.1.1.tgz 0ms (cache hit)
2402 http cache is-bigint@https://registry.npmjs.org/is-bigint/-/is-bigint-1.1.0.tgz 0ms (cache hit)
2403 http cache isexe@https://registry.npmjs.org/isexe/-/isexe-2.0.0.tgz 0ms (cache hit)
2404 http cache generator-function@https://registry.npmjs.org/generator-function/-/generator-function-2.0.1.tgz 0ms (cache hit)
2405 http cache escalade@https://registry.npmjs.org/escalade/-/escalade-3.2.0.tgz 0ms (cache hit)
2406 http cache @unrs/resolver-binding-win32-x64-msvc@https://registry.npmjs.org/@unrs/resolver-binding-win32-x64-msvc/-/resolver-binding-win32-x64-msvc-1.12.2.tgz 0ms (cache hit)
2407 http cache napi-postinstall@https://registry.npmjs.org/napi-postinstall/-/napi-postinstall-0.3.4.tgz 0ms (cache hit)
2408 http cache has-bigints@https://registry.npmjs.org/has-bigints/-/has-bigints-1.1.0.tgz 0ms (cache hit)
2409 http cache which-boxed-primitive@https://registry.npmjs.org/which-boxed-primitive/-/which-boxed-primitive-1.1.1.tgz 0ms (cache hit)
2410 http cache punycode@https://registry.npmjs.org/punycode/-/punycode-2.3.1.tgz 0ms (cache hit)
2411 http cache reflect.getprototypeof@https://registry.npmjs.org/reflect.getprototypeof/-/reflect.getprototypeof-1.0.10.tgz 0ms (cache hit)
2412 http cache which-builtin-type@https://registry.npmjs.org/which-builtin-type/-/which-builtin-type-1.2.1.tgz 0ms (cache hit)
2413 http cache minimist@https://registry.npmjs.org/minimist/-/minimist-1.2.8.tgz 0ms (cache hit)
2414 http cache for-each@https://registry.npmjs.org/for-each/-/for-each-0.3.5.tgz 0ms (cache hit)
2415 http cache strip-bom@https://registry.npmjs.org/strip-bom/-/strip-bom-3.0.0.tgz 0ms (cache hit)
2416 http cache is-number@https://registry.npmjs.org/is-number/-/is-number-7.0.0.tgz 0ms (cache hit)
2417 http cache @types/json5@https://registry.npmjs.org/@types/json5/-/json5-0.0.29.tgz 0ms (cache hit)
2418 http cache @jridgewell/resolve-uri@https://registry.npmjs.org/@jridgewell/resolve-uri/-/resolve-uri-3.1.2.tgz 0ms (cache hit)
2419 http cache json5@https://registry.npmjs.org/json5/-/json5-1.0.2.tgz 0ms (cache hit)
2420 http cache @jridgewell/trace-mapping@https://registry.npmjs.org/@jridgewell/trace-mapping/-/trace-mapping-0.3.31.tgz 0ms (cache hit)
2421 http cache thenify-all@https://registry.npmjs.org/thenify-all/-/thenify-all-1.6.0.tgz 0ms (cache hit)
2422 http cache any-promise@https://registry.npmjs.org/any-promise/-/any-promise-1.3.0.tgz 0ms (cache hit)
2423 http cache @jridgewell/sourcemap-codec@https://registry.npmjs.org/@jridgewell/sourcemap-codec/-/sourcemap-codec-1.5.5.tgz 0ms (cache hit)
2424 http cache @jridgewell/gen-mapping@https://registry.npmjs.org/@jridgewell/gen-mapping/-/gen-mapping-0.3.13.tgz 0ms (cache hit)
2425 http cache ts-interface-checker@https://registry.npmjs.org/ts-interface-checker/-/ts-interface-checker-0.1.13.tgz 0ms (cache hit)
2426 http cache pirates@https://registry.npmjs.org/pirates/-/pirates-4.0.7.tgz 0ms (cache hit)
2427 http cache mz@https://registry.npmjs.org/mz/-/mz-2.7.0.tgz 0ms (cache hit)
2428 http cache commander@https://registry.npmjs.org/commander/-/commander-4.1.1.tgz 0ms (cache hit)
2429 http cache lines-and-columns@https://registry.npmjs.org/lines-and-columns/-/lines-and-columns-1.2.4.tgz 0ms (cache hit)
2430 http cache pify@https://registry.npmjs.org/pify/-/pify-2.3.0.tgz 0ms (cache hit)
2431 http cache cssesc@https://registry.npmjs.org/cssesc/-/cssesc-3.0.0.tgz 0ms (cache hit)
2432 http cache util-deprecate@https://registry.npmjs.org/util-deprecate/-/util-deprecate-1.0.2.tgz 0ms (cache hit)
2433 http cache read-cache@https://registry.npmjs.org/read-cache/-/read-cache-1.0.0.tgz 0ms (cache hit)
2434 http cache camelcase-css@https://registry.npmjs.org/camelcase-css/-/camelcase-css-2.0.1.tgz 0ms (cache hit)
2435 http cache readdirp@https://registry.npmjs.org/readdirp/-/readdirp-3.6.0.tgz 0ms (cache hit)
2436 http cache thenify@https://registry.npmjs.org/thenify/-/thenify-3.3.1.tgz 0ms (cache hit)
2437 http cache is-binary-path@https://registry.npmjs.org/is-binary-path/-/is-binary-path-2.1.0.tgz 0ms (cache hit)
2438 http cache anymatch@https://registry.npmjs.org/anymatch/-/anymatch-3.1.3.tgz 0ms (cache hit)
2439 http cache postcss-selector-parser@https://registry.npmjs.org/postcss-selector-parser/-/postcss-selector-parser-6.1.4.tgz 0ms (cache hit)
2440 http cache sucrase@https://registry.npmjs.org/sucrase/-/sucrase-3.35.1.tgz 0ms (cache hit)
2441 http cache binary-extensions@https://registry.npmjs.org/binary-extensions/-/binary-extensions-2.3.0.tgz 0ms (cache hit)
2442 http cache postcss-nested@https://registry.npmjs.org/postcss-nested/-/postcss-nested-6.2.0.tgz 0ms (cache hit)
2443 http cache postcss-load-config@https://registry.npmjs.org/postcss-load-config/-/postcss-load-config-6.0.1.tgz 0ms (cache hit)
2444 http cache postcss-import@https://registry.npmjs.org/postcss-import/-/postcss-import-15.1.0.tgz 0ms (cache hit)
2445 http cache postcss-js@https://registry.npmjs.org/postcss-js/-/postcss-js-4.1.0.tgz 0ms (cache hit)
2446 http cache object-hash@https://registry.npmjs.org/object-hash/-/object-hash-3.0.0.tgz 0ms (cache hit)
2447 http cache lilconfig@https://registry.npmjs.org/lilconfig/-/lilconfig-3.1.3.tgz 0ms (cache hit)
2448 http cache dlv@https://registry.npmjs.org/dlv/-/dlv-1.1.3.tgz 0ms (cache hit)
2449 http cache arg@https://registry.npmjs.org/arg/-/arg-5.0.2.tgz 0ms (cache hit)
2450 http cache chokidar@https://registry.npmjs.org/chokidar/-/chokidar-3.6.0.tgz 0ms (cache hit)
2451 http cache jiti@https://registry.npmjs.org/jiti/-/jiti-1.21.7.tgz 0ms (cache hit)
2452 http cache didyoumean@https://registry.npmjs.org/didyoumean/-/didyoumean-1.2.2.tgz 0ms (cache hit)
2453 http cache normalize-path@https://registry.npmjs.org/normalize-path/-/normalize-path-3.0.0.tgz 0ms (cache hit)
2454 http cache @alloc/quick-lru@https://registry.npmjs.org/@alloc/quick-lru/-/quick-lru-5.2.0.tgz 0ms (cache hit)
2455 http cache side-channel-weakmap@https://registry.npmjs.org/side-channel-weakmap/-/side-channel-weakmap-1.0.2.tgz 0ms (cache hit)
2456 http cache client-only@https://registry.npmjs.org/client-only/-/client-only-0.0.1.tgz 0ms (cache hit)
2457 http cache side-channel-map@https://registry.npmjs.org/side-channel-map/-/side-channel-map-1.0.1.tgz 0ms (cache hit)
2458 http cache @emnapi/runtime@https://registry.npmjs.org/@emnapi/runtime/-/runtime-1.11.2.tgz 0ms (cache hit)
2459 http cache @img/sharp-win32-x64@https://registry.npmjs.org/@img/sharp-win32-x64/-/sharp-win32-x64-0.34.5.tgz 0ms (cache hit)
2460 http cache has-flag@https://registry.npmjs.org/has-flag/-/has-flag-4.0.0.tgz 0ms (cache hit)
2461 http cache @img/colour@https://registry.npmjs.org/@img/colour/-/colour-1.1.0.tgz 0ms (cache hit)
2462 http cache shebang-regex@https://registry.npmjs.org/shebang-regex/-/shebang-regex-3.0.0.tgz 0ms (cache hit)
2463 http cache side-channel-list@https://registry.npmjs.org/side-channel-list/-/side-channel-list-1.0.1.tgz 0ms (cache hit)
2464 http cache isarray@https://registry.npmjs.org/isarray/-/isarray-2.0.5.tgz 0ms (cache hit)
2465 http cache supports-preserve-symlinks-flag@https://registry.npmjs.org/supports-preserve-symlinks-flag/-/supports-preserve-symlinks-flag-1.0.0.tgz 0ms (cache hit)
2466 http cache queue-microtask@https://registry.npmjs.org/queue-microtask/-/queue-microtask-1.2.3.tgz 0ms (cache hit)
2467 http cache detect-libc@https://registry.npmjs.org/detect-libc/-/detect-libc-2.1.2.tgz 0ms (cache hit)
2468 http cache path-parse@https://registry.npmjs.org/path-parse/-/path-parse-1.0.7.tgz 0ms (cache hit)
2469 http cache node-exports-info@https://registry.npmjs.org/node-exports-info/-/node-exports-info-1.6.2.tgz 0ms (cache hit)
2470 http cache scheduler@https://registry.npmjs.org/scheduler/-/scheduler-0.27.0.tgz 0ms (cache hit)
2471 http cache react-is@https://registry.npmjs.org/react-is/-/react-is-16.13.1.tgz 0ms (cache hit)
2472 http cache js-tokens@https://registry.npmjs.org/js-tokens/-/js-tokens-4.0.0.tgz 0ms (cache hit)
2473 http cache object-assign@https://registry.npmjs.org/object-assign/-/object-assign-4.1.1.tgz 0ms (cache hit)
2474 http cache loose-envify@https://registry.npmjs.org/loose-envify/-/loose-envify-1.4.0.tgz 0ms (cache hit)
2475 http cache source-map-js@https://registry.npmjs.org/source-map-js/-/source-map-js-1.2.1.tgz 0ms (cache hit)
2476 http cache nanoid@https://registry.npmjs.org/nanoid/-/nanoid-3.3.15.tgz 0ms (cache hit)
2477 http cache callsites@https://registry.npmjs.org/callsites/-/callsites-3.1.0.tgz 0ms (cache hit)
2478 http cache yocto-queue@https://registry.npmjs.org/yocto-queue/-/yocto-queue-0.1.0.tgz 0ms (cache hit)
2479 http cache p-limit@https://registry.npmjs.org/p-limit/-/p-limit-3.1.0.tgz 0ms (cache hit)
2480 http cache word-wrap@https://registry.npmjs.org/word-wrap/-/word-wrap-1.2.5.tgz 0ms (cache hit)
2481 http cache fast-levenshtein@https://registry.npmjs.org/fast-levenshtein/-/fast-levenshtein-2.0.6.tgz 0ms (cache hit)
2482 http cache deep-is@https://registry.npmjs.org/deep-is/-/deep-is-0.1.4.tgz 0ms (cache hit)
2483 http cache tslib@https://registry.npmjs.org/tslib/-/tslib-2.8.1.tgz 0ms (cache hit)
2484 http cache styled-jsx@https://registry.npmjs.org/styled-jsx/-/styled-jsx-5.1.6.tgz 0ms (cache hit)
2485 http cache sharp@https://registry.npmjs.org/sharp/-/sharp-0.34.5.tgz 0ms (cache hit)
2486 http cache @next/swc-win32-x64-msvc@https://registry.npmjs.org/@next/swc-win32-x64-msvc/-/swc-win32-x64-msvc-15.5.20.tgz 0ms (cache hit)
2487 http cache @next/env@https://registry.npmjs.org/@next/env/-/env-15.5.20.tgz 0ms (cache hit)
2488 http cache concat-map@https://registry.npmjs.org/concat-map/-/concat-map-0.0.1.tgz 0ms (cache hit)
2489 http cache balanced-match@https://registry.npmjs.org/balanced-match/-/balanced-match-1.0.2.tgz 0ms (cache hit)
2490 http cache @swc/helpers@https://registry.npmjs.org/@swc/helpers/-/helpers-0.5.15.tgz 0ms (cache hit)
2491 http cache to-regex-range@https://registry.npmjs.org/to-regex-range/-/to-regex-range-5.0.1.tgz 0ms (cache hit)
2492 http cache brace-expansion@https://registry.npmjs.org/brace-expansion/-/brace-expansion-1.1.15.tgz 0ms (cache hit)
2493 http cache fill-range@https://registry.npmjs.org/fill-range/-/fill-range-7.1.1.tgz 0ms (cache hit)
2494 http cache picomatch@https://registry.npmjs.org/picomatch/-/picomatch-2.3.2.tgz 0ms (cache hit)
2495 http cache braces@https://registry.npmjs.org/braces/-/braces-3.0.3.tgz 0ms (cache hit)
2496 http cache type-check@https://registry.npmjs.org/type-check/-/type-check-0.4.0.tgz 0ms (cache hit)
2497 http cache prelude-ls@https://registry.npmjs.org/prelude-ls/-/prelude-ls-1.2.1.tgz 0ms (cache hit)
2498 http cache json-buffer@https://registry.npmjs.org/json-buffer/-/json-buffer-3.0.1.tgz 0ms (cache hit)
2499 http cache p-locate@https://registry.npmjs.org/p-locate/-/p-locate-5.0.0.tgz 0ms (cache hit)
2500 http cache argparse@https://registry.npmjs.org/argparse/-/argparse-2.0.1.tgz 0ms (cache hit)
2501 http cache set-function-name@https://registry.npmjs.org/set-function-name/-/set-function-name-2.0.2.tgz 0ms (cache hit)
2502 http cache language-subtag-registry@https://registry.npmjs.org/language-subtag-registry/-/language-subtag-registry-0.3.23.tgz 0ms (cache hit)
2503 http cache is-extglob@https://registry.npmjs.org/is-extglob/-/is-extglob-2.1.1.tgz 0ms (cache hit)
2504 http cache side-channel@https://registry.npmjs.org/side-channel/-/side-channel-1.1.1.tgz 0ms (cache hit)
2505 http cache resolve-from@https://registry.npmjs.org/resolve-from/-/resolve-from-4.0.0.tgz 0ms (cache hit)
2506 http cache resolve-pkg-maps@https://registry.npmjs.org/resolve-pkg-maps/-/resolve-pkg-maps-1.0.0.tgz 0ms (cache hit)
2507 http cache dunder-proto@https://registry.npmjs.org/dunder-proto/-/dunder-proto-1.0.1.tgz 0ms (cache hit)
2508 http cache is-document.all@https://registry.npmjs.org/is-document.all/-/is-document.all-1.0.0.tgz 0ms (cache hit)
2509 http cache functions-have-names@https://registry.npmjs.org/functions-have-names/-/functions-have-names-1.2.3.tgz 0ms (cache hit)
2510 http cache flatted@https://registry.npmjs.org/flatted/-/flatted-3.4.2.tgz 0ms (cache hit)
2511 http cache parent-module@https://registry.npmjs.org/parent-module/-/parent-module-1.0.1.tgz 0ms (cache hit)
2512 http cache flat-cache@https://registry.npmjs.org/flat-cache/-/flat-cache-4.0.1.tgz 0ms (cache hit)
2513 http cache locate-path@https://registry.npmjs.org/locate-path/-/locate-path-6.0.0.tgz 0ms (cache hit)
2514 http cache path-exists@https://registry.npmjs.org/path-exists/-/path-exists-4.0.0.tgz 0ms (cache hit)
2515 http cache keyv@https://registry.npmjs.org/keyv/-/keyv-4.5.4.tgz 0ms (cache hit)
2516 http cache reusify@https://registry.npmjs.org/reusify/-/reusify-1.1.0.tgz 0ms (cache hit)
2517 http cache run-parallel@https://registry.npmjs.org/run-parallel/-/run-parallel-1.2.0.tgz 0ms (cache hit)
2518 http cache @nodelib/fs.scandir@https://registry.npmjs.org/@nodelib/fs.scandir/-/fs.scandir-2.1.5.tgz 0ms (cache hit)
2519 http cache @nodelib/fs.walk@https://registry.npmjs.org/@nodelib/fs.walk/-/fs.walk-1.2.8.tgz 0ms (cache hit)
2520 http cache @nodelib/fs.stat@https://registry.npmjs.org/@nodelib/fs.stat/-/fs.stat-2.0.5.tgz 0ms (cache hit)
2521 http cache fastq@https://registry.npmjs.org/fastq/-/fastq-1.20.1.tgz 0ms (cache hit)
2522 http cache merge2@https://registry.npmjs.org/merge2/-/merge2-1.4.1.tgz 0ms (cache hit)
2523 http cache micromatch@https://registry.npmjs.org/micromatch/-/micromatch-4.0.8.tgz 0ms (cache hit)
2524 http cache acorn@https://registry.npmjs.org/acorn/-/acorn-8.17.0.tgz 0ms (cache hit)
2525 http cache acorn-jsx@https://registry.npmjs.org/acorn-jsx/-/acorn-jsx-5.3.2.tgz 0ms (cache hit)
2526 http cache esrecurse@https://registry.npmjs.org/esrecurse/-/esrecurse-4.3.0.tgz 0ms (cache hit)
2527 http cache iterator.prototype@https://registry.npmjs.org/iterator.prototype/-/iterator.prototype-1.1.5.tgz 0ms (cache hit)
2528 http cache prop-types@https://registry.npmjs.org/prop-types/-/prop-types-15.8.1.tgz 0ms (cache hit)
2529 http cache string.prototype.matchall@https://registry.npmjs.org/string.prototype.matchall/-/string.prototype.matchall-4.0.12.tgz 0ms (cache hit)
2530 http cache string.prototype.repeat@https://registry.npmjs.org/string.prototype.repeat/-/string.prototype.repeat-1.0.0.tgz 0ms (cache hit)
2531 http cache object.entries@https://registry.npmjs.org/object.entries/-/object.entries-1.1.9.tgz 0ms (cache hit)
2532 http cache es-iterator-helpers@https://registry.npmjs.org/es-iterator-helpers/-/es-iterator-helpers-1.3.3.tgz 0ms (cache hit)
2533 http cache estraverse@https://registry.npmjs.org/estraverse/-/estraverse-5.3.0.tgz 0ms (cache hit)
2534 http cache array.prototype.tosorted@https://registry.npmjs.org/array.prototype.tosorted/-/array.prototype.tosorted-1.1.4.tgz 0ms (cache hit)
2535 http cache string.prototype.includes@https://registry.npmjs.org/string.prototype.includes/-/string.prototype.includes-2.0.1.tgz 0ms (cache hit)
2536 http cache array.prototype.findlast@https://registry.npmjs.org/array.prototype.findlast/-/array.prototype.findlast-1.2.5.tgz 0ms (cache hit)
2537 http cache jsx-ast-utils@https://registry.npmjs.org/jsx-ast-utils/-/jsx-ast-utils-3.3.5.tgz 0ms (cache hit)
2538 http cache emoji-regex@https://registry.npmjs.org/emoji-regex/-/emoji-regex-9.2.2.tgz 0ms (cache hit)
2539 http cache damerau-levenshtein@https://registry.npmjs.org/damerau-levenshtein/-/damerau-levenshtein-1.0.8.tgz 0ms (cache hit)
2540 http cache axe-core@https://registry.npmjs.org/axe-core/-/axe-core-4.12.1.tgz 0ms (cache hit)
2541 http cache ast-types-flow@https://registry.npmjs.org/ast-types-flow/-/ast-types-flow-0.0.8.tgz 0ms (cache hit)
2542 http cache aria-query@https://registry.npmjs.org/aria-query/-/aria-query-5.3.2.tgz 0ms (cache hit)
2543 http cache is-symbol@https://registry.npmjs.org/is-symbol/-/is-symbol-1.1.1.tgz 0ms (cache hit)
2544 http cache is-date-object@https://registry.npmjs.org/is-date-object/-/is-date-object-1.1.0.tgz 0ms (cache hit)
2545 http cache axobject-query@https://registry.npmjs.org/axobject-query/-/axobject-query-4.1.0.tgz 0ms (cache hit)
2546 http cache has-tostringtag@https://registry.npmjs.org/has-tostringtag/-/has-tostringtag-1.0.2.tgz 0ms (cache hit)
2547 http cache which-typed-array@https://registry.npmjs.org/which-typed-array/-/which-typed-array-1.1.22.tgz 0ms (cache hit)
2548 http cache es-abstract-get@https://registry.npmjs.org/es-abstract-get/-/es-abstract-get-1.0.0.tgz 0ms (cache hit)
2549 http cache unbox-primitive@https://registry.npmjs.org/unbox-primitive/-/unbox-primitive-1.1.0.tgz 0ms (cache hit)
2550 http cache typed-array-length@https://registry.npmjs.org/typed-array-length/-/typed-array-length-1.0.8.tgz 0ms (cache hit)
2551 http cache language-tags@https://registry.npmjs.org/language-tags/-/language-tags-1.0.9.tgz 0ms (cache hit)
2552 http cache possible-typed-array-names@https://registry.npmjs.org/possible-typed-array-names/-/possible-typed-array-names-1.1.0.tgz 0ms (cache hit)
2553 http cache typed-array-byte-length@https://registry.npmjs.org/typed-array-byte-length/-/typed-array-byte-length-1.0.3.tgz 0ms (cache hit)
2554 http cache typed-array-buffer@https://registry.npmjs.org/typed-array-buffer/-/typed-array-buffer-1.0.3.tgz 0ms (cache hit)
2555 http cache typed-array-byte-offset@https://registry.npmjs.org/typed-array-byte-offset/-/typed-array-byte-offset-1.0.4.tgz 0ms (cache hit)
2556 http cache string.prototype.trim@https://registry.npmjs.org/string.prototype.trim/-/string.prototype.trim-1.2.11.tgz 0ms (cache hit)
2557 http cache string.prototype.trimstart@https://registry.npmjs.org/string.prototype.trimstart/-/string.prototype.trimstart-1.0.8.tgz 0ms (cache hit)
2558 http cache stop-iteration-iterator@https://registry.npmjs.org/stop-iteration-iterator/-/stop-iteration-iterator-1.1.0.tgz 0ms (cache hit)
2559 http cache set-proto@https://registry.npmjs.org/set-proto/-/set-proto-1.0.0.tgz 0ms (cache hit)
2560 http cache safe-regex-test@https://registry.npmjs.org/safe-regex-test/-/safe-regex-test-1.1.0.tgz 0ms (cache hit)
2561 http cache safe-array-concat@https://registry.npmjs.org/safe-array-concat/-/safe-array-concat-1.1.4.tgz 0ms (cache hit)
2562 http cache safe-push-apply@https://registry.npmjs.org/safe-push-apply/-/safe-push-apply-1.0.0.tgz 0ms (cache hit)
2563 http cache regexp.prototype.flags@https://registry.npmjs.org/regexp.prototype.flags/-/regexp.prototype.flags-1.5.4.tgz 0ms (cache hit)
2564 http cache own-keys@https://registry.npmjs.org/own-keys/-/own-keys-1.0.1.tgz 0ms (cache hit)
2565 http cache object.assign@https://registry.npmjs.org/object.assign/-/object.assign-4.1.7.tgz 0ms (cache hit)
2566 http cache object-inspect@https://registry.npmjs.org/object-inspect/-/object-inspect-1.13.4.tgz 0ms (cache hit)
2567 http cache is-weakref@https://registry.npmjs.org/is-weakref/-/is-weakref-1.1.1.tgz 0ms (cache hit)
2568 http cache is-shared-array-buffer@https://registry.npmjs.org/is-shared-array-buffer/-/is-shared-array-buffer-1.0.4.tgz 0ms (cache hit)
2569 http cache is-typed-array@https://registry.npmjs.org/is-typed-array/-/is-typed-array-1.1.15.tgz 0ms (cache hit)
2570 http cache is-set@https://registry.npmjs.org/is-set/-/is-set-2.0.3.tgz 0ms (cache hit)
2571 http cache is-regex@https://registry.npmjs.org/is-regex/-/is-regex-1.2.1.tgz 0ms (cache hit)
2572 http cache is-data-view@https://registry.npmjs.org/is-data-view/-/is-data-view-1.0.2.tgz 0ms (cache hit)
2573 http cache is-negative-zero@https://registry.npmjs.org/is-negative-zero/-/is-negative-zero-2.0.3.tgz 0ms (cache hit)
2574 http cache is-array-buffer@https://registry.npmjs.org/is-array-buffer/-/is-array-buffer-3.0.5.tgz 0ms (cache hit)
2575 http cache is-callable@https://registry.npmjs.org/is-callable/-/is-callable-1.2.7.tgz 0ms (cache hit)
2576 http cache internal-slot@https://registry.npmjs.org/internal-slot/-/internal-slot-1.1.0.tgz 0ms (cache hit)
2577 http cache has-symbols@https://registry.npmjs.org/has-symbols/-/has-symbols-1.1.0.tgz 0ms (cache hit)
2578 http cache globalthis@https://registry.npmjs.org/globalthis/-/globalthis-1.0.4.tgz 0ms (cache hit)
2579 http cache has-proto@https://registry.npmjs.org/has-proto/-/has-proto-1.2.0.tgz 0ms (cache hit)
2580 http cache get-symbol-description@https://registry.npmjs.org/get-symbol-description/-/get-symbol-description-1.1.0.tgz 0ms (cache hit)
2581 http cache function.prototype.name@https://registry.npmjs.org/function.prototype.name/-/function.prototype.name-1.2.0.tgz 0ms (cache hit)
2582 http cache get-proto@https://registry.npmjs.org/get-proto/-/get-proto-1.0.1.tgz 0ms (cache hit)
2583 http cache es-set-tostringtag@https://registry.npmjs.org/es-set-tostringtag/-/es-set-tostringtag-2.1.0.tgz 0ms (cache hit)
2584 http cache data-view-byte-offset@https://registry.npmjs.org/data-view-byte-offset/-/data-view-byte-offset-1.0.1.tgz 0ms (cache hit)
2585 http cache data-view-buffer@https://registry.npmjs.org/data-view-buffer/-/data-view-buffer-1.0.2.tgz 0ms (cache hit)
2586 http cache data-view-byte-length@https://registry.npmjs.org/data-view-byte-length/-/data-view-byte-length-1.0.2.tgz 0ms (cache hit)
2587 http cache available-typed-arrays@https://registry.npmjs.org/available-typed-arrays/-/available-typed-arrays-1.0.7.tgz 0ms (cache hit)
2588 http cache arraybuffer.prototype.slice@https://registry.npmjs.org/arraybuffer.prototype.slice/-/arraybuffer.prototype.slice-1.0.4.tgz 0ms (cache hit)
2589 http cache array-buffer-byte-length@https://registry.npmjs.org/array-buffer-byte-length/-/array-buffer-byte-length-1.0.2.tgz 0ms (cache hit)
2590 http cache gopd@https://registry.npmjs.org/gopd/-/gopd-1.2.0.tgz 0ms (cache hit)
2591 http cache object-keys@https://registry.npmjs.org/object-keys/-/object-keys-1.1.1.tgz 0ms (cache hit)
2592 http cache has-property-descriptors@https://registry.npmjs.org/has-property-descriptors/-/has-property-descriptors-1.0.2.tgz 0ms (cache hit)
2593 http cache define-data-property@https://registry.npmjs.org/define-data-property/-/define-data-property-1.1.4.tgz 0ms (cache hit)
2594 http cache function-bind@https://registry.npmjs.org/function-bind/-/function-bind-1.1.2.tgz 0ms (cache hit)
2595 http cache set-function-length@https://registry.npmjs.org/set-function-length/-/set-function-length-1.2.2.tgz 0ms (cache hit)
2596 http cache es-define-property@https://registry.npmjs.org/es-define-property/-/es-define-property-1.0.1.tgz 0ms (cache hit)
2597 http cache es-shim-unscopables@https://registry.npmjs.org/es-shim-unscopables/-/es-shim-unscopables-1.1.0.tgz 0ms (cache hit)
2598 http cache es-errors@https://registry.npmjs.org/es-errors/-/es-errors-1.3.0.tgz 0ms (cache hit)
2599 http cache call-bind-apply-helpers@https://registry.npmjs.org/call-bind-apply-helpers/-/call-bind-apply-helpers-1.0.2.tgz 0ms (cache hit)
2600 http cache math-intrinsics@https://registry.npmjs.org/math-intrinsics/-/math-intrinsics-1.1.0.tgz 0ms (cache hit)
2601 http cache get-intrinsic@https://registry.npmjs.org/get-intrinsic/-/get-intrinsic-1.3.0.tgz 0ms (cache hit)
2602 http cache is-string@https://registry.npmjs.org/is-string/-/is-string-1.1.1.tgz 0ms (cache hit)
2603 http cache es-object-atoms@https://registry.npmjs.org/es-object-atoms/-/es-object-atoms-1.1.2.tgz 0ms (cache hit)
2604 http cache es-abstract@https://registry.npmjs.org/es-abstract/-/es-abstract-1.24.2.tgz 0ms (cache hit)
2605 http cache define-properties@https://registry.npmjs.org/define-properties/-/define-properties-1.2.1.tgz 0ms (cache hit)
2606 http cache call-bind@https://registry.npmjs.org/call-bind/-/call-bind-1.0.9.tgz 0ms (cache hit)
2607 http cache tsconfig-paths@https://registry.npmjs.org/tsconfig-paths/-/tsconfig-paths-3.15.0.tgz 0ms (cache hit)
2608 http cache string.prototype.trimend@https://registry.npmjs.org/string.prototype.trimend/-/string.prototype.trimend-1.0.10.tgz 0ms (cache hit)
2609 http cache object.values@https://registry.npmjs.org/object.values/-/object.values-1.2.1.tgz 0ms (cache hit)
2610 http cache object.groupby@https://registry.npmjs.org/object.groupby/-/object.groupby-1.0.3.tgz 0ms (cache hit)
2611 http cache object.fromentries@https://registry.npmjs.org/object.fromentries/-/object.fromentries-2.0.8.tgz 0ms (cache hit)
2612 http cache eslint-module-utils@https://registry.npmjs.org/eslint-module-utils/-/eslint-module-utils-2.14.0.tgz 0ms (cache hit)
2613 http cache doctrine@https://registry.npmjs.org/doctrine/-/doctrine-2.1.0.tgz 0ms (cache hit)
2614 http cache array.prototype.flatmap@https://registry.npmjs.org/array.prototype.flatmap/-/array.prototype.flatmap-1.3.3.tgz 0ms (cache hit)
2615 http cache @rtsao/scc@https://registry.npmjs.org/@rtsao/scc/-/scc-1.1.0.tgz 0ms (cache hit)
2616 http cache hasown@https://registry.npmjs.org/hasown/-/hasown-2.0.4.tgz 0ms (cache hit)
2617 http cache array.prototype.flat@https://registry.npmjs.org/array.prototype.flat/-/array.prototype.flat-1.3.3.tgz 0ms (cache hit)
2618 http cache array.prototype.findlastindex@https://registry.npmjs.org/array.prototype.findlastindex/-/array.prototype.findlastindex-1.2.6.tgz 0ms (cache hit)
2619 http cache array-includes@https://registry.npmjs.org/array-includes/-/array-includes-3.1.9.tgz 0ms (cache hit)
2620 http cache @nolyfill/is-core-module@https://registry.npmjs.org/@nolyfill/is-core-module/-/is-core-module-1.0.39.tgz 0ms (cache hit)
2621 http cache stable-hash@https://registry.npmjs.org/stable-hash/-/stable-hash-0.0.5.tgz 0ms (cache hit)
2622 http cache get-tsconfig@https://registry.npmjs.org/get-tsconfig/-/get-tsconfig-4.14.0.tgz 0ms (cache hit)
2623 http cache unrs-resolver@https://registry.npmjs.org/unrs-resolver/-/unrs-resolver-1.12.2.tgz 0ms (cache hit)
2624 http cache is-bun-module@https://registry.npmjs.org/is-bun-module/-/is-bun-module-2.0.0.tgz 0ms (cache hit)
2625 http cache resolve@https://registry.npmjs.org/resolve/-/resolve-2.0.0-next.7.tgz 0ms (cache hit)
2626 http cache is-core-module@https://registry.npmjs.org/is-core-module/-/is-core-module-2.16.2.tgz 0ms (cache hit)
2627 http cache tinyglobby@https://registry.npmjs.org/tinyglobby/-/tinyglobby-0.2.17.tgz 0ms (cache hit)
2628 http cache @typescript-eslint/tsconfig-utils@https://registry.npmjs.org/@typescript-eslint/tsconfig-utils/-/tsconfig-utils-8.62.1.tgz 0ms (cache hit)
2629 http cache semver@https://registry.npmjs.org/semver/-/semver-7.8.5.tgz 0ms (cache hit)
2630 http cache ts-api-utils@https://registry.npmjs.org/ts-api-utils/-/ts-api-utils-2.5.0.tgz 0ms (cache hit)
2631 http cache @typescript-eslint/project-service@https://registry.npmjs.org/@typescript-eslint/project-service/-/project-service-8.62.1.tgz 1ms (cache hit)
2632 http cache @typescript-eslint/types@https://registry.npmjs.org/@typescript-eslint/types/-/types-8.62.1.tgz 0ms (cache hit)
2633 http cache es-to-primitive@https://registry.npmjs.org/es-to-primitive/-/es-to-primitive-1.3.4.tgz 0ms (cache hit)
2634 http cache @typescript-eslint/typescript-estree@https://registry.npmjs.org/@typescript-eslint/typescript-estree/-/typescript-estree-8.62.1.tgz 0ms (cache hit)
2635 http cache @typescript-eslint/utils@https://registry.npmjs.org/@typescript-eslint/utils/-/utils-8.62.1.tgz 0ms (cache hit)
2636 http cache eslint-plugin-react-hooks@https://registry.npmjs.org/eslint-plugin-react-hooks/-/eslint-plugin-react-hooks-5.2.0.tgz 0ms (cache hit)
2637 http cache @typescript-eslint/type-utils@https://registry.npmjs.org/@typescript-eslint/type-utils/-/type-utils-8.62.1.tgz 0ms (cache hit)
2638 http cache @typescript-eslint/visitor-keys@https://registry.npmjs.org/@typescript-eslint/visitor-keys/-/visitor-keys-8.62.1.tgz 0ms (cache hit)
2639 http cache @typescript-eslint/scope-manager@https://registry.npmjs.org/@typescript-eslint/scope-manager/-/scope-manager-8.62.1.tgz 0ms (cache hit)
2640 http cache eslint-plugin-jsx-a11y@https://registry.npmjs.org/eslint-plugin-jsx-a11y/-/eslint-plugin-jsx-a11y-6.10.2.tgz 0ms (cache hit)
2641 http cache @typescript-eslint/parser@https://registry.npmjs.org/@typescript-eslint/parser/-/parser-8.62.1.tgz 0ms (cache hit)
2642 http cache eslint-plugin-react@https://registry.npmjs.org/eslint-plugin-react/-/eslint-plugin-react-7.37.5.tgz 0ms (cache hit)
2643 http cache fast-glob@https://registry.npmjs.org/fast-glob/-/fast-glob-3.3.1.tgz 0ms (cache hit)
2644 http cache eslint-import-resolver-typescript@https://registry.npmjs.org/eslint-import-resolver-typescript/-/eslint-import-resolver-typescript-3.10.1.tgz 0ms (cache hit)
2645 http cache call-bound@https://registry.npmjs.org/call-bound/-/call-bound-1.0.4.tgz 0ms (cache hit)
2646 http cache eslint-plugin-import@https://registry.npmjs.org/eslint-plugin-import/-/eslint-plugin-import-2.32.0.tgz 0ms (cache hit)
2647 http cache eslint-import-resolver-node@https://registry.npmjs.org/eslint-import-resolver-node/-/eslint-import-resolver-node-0.3.10.tgz 0ms (cache hit)
2648 http cache @typescript-eslint/eslint-plugin@https://registry.npmjs.org/@typescript-eslint/eslint-plugin/-/eslint-plugin-8.62.1.tgz 0ms (cache hit)
2649 http cache @rushstack/eslint-patch@https://registry.npmjs.org/@rushstack/eslint-patch/-/eslint-patch-1.16.1.tgz 0ms (cache hit)
2650 http cache which@https://registry.npmjs.org/which/-/which-2.0.2.tgz 0ms (cache hit)
2651 http cache @next/eslint-plugin-next@https://registry.npmjs.org/@next/eslint-plugin-next/-/eslint-plugin-next-15.5.20.tgz 0ms (cache hit)
2652 http cache ms@https://registry.npmjs.org/ms/-/ms-2.1.3.tgz 0ms (cache hit)
2653 http cache shebang-command@https://registry.npmjs.org/shebang-command/-/shebang-command-2.0.0.tgz 0ms (cache hit)
2654 http cache path-key@https://registry.npmjs.org/path-key/-/path-key-3.1.1.tgz 0ms (cache hit)
2655 http cache color-convert@https://registry.npmjs.org/color-convert/-/color-convert-2.0.1.tgz 0ms (cache hit)
2656 http cache supports-color@https://registry.npmjs.org/supports-color/-/supports-color-7.2.0.tgz 0ms (cache hit)
2657 http cache ansi-styles@https://registry.npmjs.org/ansi-styles/-/ansi-styles-4.3.0.tgz 0ms (cache hit)
2658 http cache color-name@https://registry.npmjs.org/color-name/-/color-name-1.1.4.tgz 0ms (cache hit)
2659 http cache @humanfs/types@https://registry.npmjs.org/@humanfs/types/-/types-0.15.0.tgz 0ms (cache hit)
2660 http cache @humanfs/core@https://registry.npmjs.org/@humanfs/core/-/core-0.19.2.tgz 0ms (cache hit)
2661 http cache uri-js@https://registry.npmjs.org/uri-js/-/uri-js-4.4.1.tgz 0ms (cache hit)
2662 http cache json-schema-traverse@https://registry.npmjs.org/json-schema-traverse/-/json-schema-traverse-0.4.1.tgz 0ms (cache hit)
2663 http cache fast-json-stable-stringify@https://registry.npmjs.org/fast-json-stable-stringify/-/fast-json-stable-stringify-2.1.0.tgz 0ms (cache hit)
2664 http cache levn@https://registry.npmjs.org/levn/-/levn-0.4.1.tgz 0ms (cache hit)
2665 http cache strip-json-comments@https://registry.npmjs.org/strip-json-comments/-/strip-json-comments-3.1.1.tgz 0ms (cache hit)
2666 http cache @types/json-schema@https://registry.npmjs.org/@types/json-schema/-/json-schema-7.0.15.tgz 0ms (cache hit)
2667 http cache js-yaml@https://registry.npmjs.org/js-yaml/-/js-yaml-4.3.0.tgz 0ms (cache hit)
2668 http cache import-fresh@https://registry.npmjs.org/import-fresh/-/import-fresh-3.3.1.tgz 0ms (cache hit)
2669 http cache @eslint/object-schema@https://registry.npmjs.org/@eslint/object-schema/-/object-schema-2.1.7.tgz 0ms (cache hit)
2670 http cache globals@https://registry.npmjs.org/globals/-/globals-14.0.0.tgz 0ms (cache hit)
2671 http cache natural-compare@https://registry.npmjs.org/natural-compare/-/natural-compare-1.4.0.tgz 0ms (cache hit)
2672 http cache optionator@https://registry.npmjs.org/optionator/-/optionator-0.9.4.tgz 0ms (cache hit)
2673 http cache minimatch@https://registry.npmjs.org/minimatch/-/minimatch-3.1.5.tgz 0ms (cache hit)
2674 http cache lodash.merge@https://registry.npmjs.org/lodash.merge/-/lodash.merge-4.6.2.tgz 0ms (cache hit)
2675 http cache json-stable-stringify-without-jsonify@https://registry.npmjs.org/json-stable-stringify-without-jsonify/-/json-stable-stringify-without-jsonify-1.0.1.tgz 0ms (cache hit)
2676 http cache is-glob@https://registry.npmjs.org/is-glob/-/is-glob-4.0.3.tgz 0ms (cache hit)
2677 http cache imurmurhash@https://registry.npmjs.org/imurmurhash/-/imurmurhash-0.1.4.tgz 0ms (cache hit)
2678 http cache ignore@https://registry.npmjs.org/ignore/-/ignore-5.3.2.tgz 0ms (cache hit)
2679 http cache glob-parent@https://registry.npmjs.org/glob-parent/-/glob-parent-6.0.2.tgz 0ms (cache hit)
2680 http cache find-up@https://registry.npmjs.org/find-up/-/find-up-5.0.0.tgz 0ms (cache hit)
2681 http cache fast-deep-equal@https://registry.npmjs.org/fast-deep-equal/-/fast-deep-equal-3.1.3.tgz 0ms (cache hit)
2682 http cache esquery@https://registry.npmjs.org/esquery/-/esquery-1.7.0.tgz 0ms (cache hit)
2683 http cache espree@https://registry.npmjs.org/espree/-/espree-10.4.0.tgz 0ms (cache hit)
2684 http cache esutils@https://registry.npmjs.org/esutils/-/esutils-2.0.3.tgz 0ms (cache hit)
2685 http cache file-entry-cache@https://registry.npmjs.org/file-entry-cache/-/file-entry-cache-8.0.0.tgz 0ms (cache hit)
2686 http cache eslint-visitor-keys@https://registry.npmjs.org/eslint-visitor-keys/-/eslint-visitor-keys-4.2.1.tgz 0ms (cache hit)
2687 http cache escape-string-regexp@https://registry.npmjs.org/escape-string-regexp/-/escape-string-regexp-4.0.0.tgz 0ms (cache hit)
2688 http cache eslint-scope@https://registry.npmjs.org/eslint-scope/-/eslint-scope-8.4.0.tgz 0ms (cache hit)
2689 http cache @types/estree@https://registry.npmjs.org/@types/estree/-/estree-1.0.9.tgz 0ms (cache hit)
2690 http cache debug@https://registry.npmjs.org/debug/-/debug-4.4.3.tgz 0ms (cache hit)
2691 http cache @humanwhocodes/retry@https://registry.npmjs.org/@humanwhocodes/retry/-/retry-0.4.3.tgz 0ms (cache hit)
2692 http cache cross-spawn@https://registry.npmjs.org/cross-spawn/-/cross-spawn-7.0.6.tgz 0ms (cache hit)
2693 http cache @humanfs/node@https://registry.npmjs.org/@humanfs/node/-/node-0.16.8.tgz 0ms (cache hit)
2694 http cache chalk@https://registry.npmjs.org/chalk/-/chalk-4.1.2.tgz 0ms (cache hit)
2695 http cache @humanwhocodes/module-importer@https://registry.npmjs.org/@humanwhocodes/module-importer/-/module-importer-1.0.1.tgz 0ms (cache hit)
2696 http cache ajv@https://registry.npmjs.org/ajv/-/ajv-6.15.0.tgz 0ms (cache hit)
2697 http cache @eslint/js@https://registry.npmjs.org/@eslint/js/-/js-9.39.4.tgz 0ms (cache hit)
2698 http cache @eslint/plugin-kit@https://registry.npmjs.org/@eslint/plugin-kit/-/plugin-kit-0.4.1.tgz 0ms (cache hit)
2699 http cache @eslint/core@https://registry.npmjs.org/@eslint/core/-/core-0.17.0.tgz 0ms (cache hit)
2700 http cache @eslint/eslintrc@https://registry.npmjs.org/@eslint/eslintrc/-/eslintrc-3.3.5.tgz 0ms (cache hit)
2701 http cache @eslint/config-helpers@https://registry.npmjs.org/@eslint/config-helpers/-/config-helpers-0.4.2.tgz 0ms (cache hit)
2702 http cache update-browserslist-db@https://registry.npmjs.org/update-browserslist-db/-/update-browserslist-db-1.2.3.tgz 0ms (cache hit)
2703 http cache @eslint/config-array@https://registry.npmjs.org/@eslint/config-array/-/config-array-0.21.2.tgz 0ms (cache hit)
2704 http cache @eslint-community/regexpp@https://registry.npmjs.org/@eslint-community/regexpp/-/regexpp-4.12.2.tgz 0ms (cache hit)
2705 http cache @eslint-community/eslint-utils@https://registry.npmjs.org/@eslint-community/eslint-utils/-/eslint-utils-4.9.1.tgz 0ms (cache hit)
2706 http cache node-releases@https://registry.npmjs.org/node-releases/-/node-releases-2.0.50.tgz 0ms (cache hit)
2707 http cache electron-to-chromium@https://registry.npmjs.org/electron-to-chromium/-/electron-to-chromium-1.5.387.tgz 0ms (cache hit)
2708 http cache baseline-browser-mapping@https://registry.npmjs.org/baseline-browser-mapping/-/baseline-browser-mapping-2.10.42.tgz 0ms (cache hit)
2709 http cache postcss-value-parser@https://registry.npmjs.org/postcss-value-parser/-/postcss-value-parser-4.2.0.tgz 0ms (cache hit)
2710 http cache picocolors@https://registry.npmjs.org/picocolors/-/picocolors-1.1.1.tgz 0ms (cache hit)
2711 http cache fraction.js@https://registry.npmjs.org/fraction.js/-/fraction.js-5.3.4.tgz 0ms (cache hit)
2712 http cache caniuse-lite@https://registry.npmjs.org/caniuse-lite/-/caniuse-lite-1.0.30001800.tgz 0ms (cache hit)
2713 http cache undici-types@https://registry.npmjs.org/undici-types/-/undici-types-6.21.0.tgz 0ms (cache hit)
2714 http cache typescript@https://registry.npmjs.org/typescript/-/typescript-5.9.3.tgz 0ms (cache hit)
2715 http cache tailwindcss@https://registry.npmjs.org/tailwindcss/-/tailwindcss-3.4.19.tgz 0ms (cache hit)
2716 http cache csstype@https://registry.npmjs.org/csstype/-/csstype-3.2.3.tgz 0ms (cache hit)
2717 http cache react-dom@https://registry.npmjs.org/react-dom/-/react-dom-19.2.7.tgz 0ms (cache hit)
2718 http cache browserslist@https://registry.npmjs.org/browserslist/-/browserslist-4.28.4.tgz 0ms (cache hit)
2719 http cache next@https://registry.npmjs.org/next/-/next-15.5.20.tgz 0ms (cache hit)
2720 http cache react@https://registry.npmjs.org/react/-/react-19.2.7.tgz 0ms (cache hit)
2721 http cache lucide-react@https://registry.npmjs.org/lucide-react/-/lucide-react-0.468.0.tgz 0ms (cache hit)
2722 http cache eslint-config-next@https://registry.npmjs.org/eslint-config-next/-/eslint-config-next-15.5.20.tgz 0ms (cache hit)
2723 http cache eslint@https://registry.npmjs.org/eslint/-/eslint-9.39.4.tgz 0ms (cache hit)
2724 http cache autoprefixer@https://registry.npmjs.org/autoprefixer/-/autoprefixer-10.5.2.tgz 0ms (cache hit)
2725 http cache @types/react-dom@https://registry.npmjs.org/@types/react-dom/-/react-dom-19.2.3.tgz 0ms (cache hit)
2726 http cache resolve@https://registry.npmjs.org/resolve/-/resolve-1.22.12.tgz 0ms (cache hit)
2727 http cache postcss@https://registry.npmjs.org/postcss/-/postcss-8.5.16.tgz 0ms (cache hit)
2728 http cache @types/react@https://registry.npmjs.org/@types/react/-/react-19.2.17.tgz 0ms (cache hit)
2729 http cache glob-parent@https://registry.npmjs.org/glob-parent/-/glob-parent-5.1.2.tgz 0ms (cache hit)
2730 http cache @types/node@https://registry.npmjs.org/@types/node/-/node-22.20.0.tgz 0ms (cache hit)
2731 http cache semver@https://registry.npmjs.org/semver/-/semver-6.3.1.tgz 0ms (cache hit)
2732 http cache debug@https://registry.npmjs.org/debug/-/debug-3.2.7.tgz 0ms (cache hit)
2733 http cache picomatch@https://registry.npmjs.org/picomatch/-/picomatch-4.0.5.tgz 0ms (cache hit)
2734 http cache fdir@https://registry.npmjs.org/fdir/-/fdir-6.5.0.tgz 0ms (cache hit)
2735 http cache glob-parent@https://registry.npmjs.org/glob-parent/-/glob-parent-5.1.2.tgz 0ms (cache hit)
2736 http cache semver@https://registry.npmjs.org/semver/-/semver-6.3.1.tgz 0ms (cache hit)
2737 http cache eslint-visitor-keys@https://registry.npmjs.org/eslint-visitor-keys/-/eslint-visitor-keys-5.0.1.tgz 0ms (cache hit)
2738 http cache semver@https://registry.npmjs.org/semver/-/semver-6.3.1.tgz 0ms (cache hit)
2739 http cache brace-expansion@https://registry.npmjs.org/brace-expansion/-/brace-expansion-5.0.7.tgz 0ms (cache hit)
2740 http cache debug@https://registry.npmjs.org/debug/-/debug-3.2.7.tgz 0ms (cache hit)
2741 http cache balanced-match@https://registry.npmjs.org/balanced-match/-/balanced-match-4.0.4.tgz 0ms (cache hit)
2742 http cache minimatch@https://registry.npmjs.org/minimatch/-/minimatch-10.2.5.tgz 0ms (cache hit)
2743 http cache eslint-visitor-keys@https://registry.npmjs.org/eslint-visitor-keys/-/eslint-visitor-keys-3.4.3.tgz 0ms (cache hit)
2744 http cache debug@https://registry.npmjs.org/debug/-/debug-3.2.7.tgz 0ms (cache hit)
2745 http cache ignore@https://registry.npmjs.org/ignore/-/ignore-7.0.5.tgz 0ms (cache hit)
2746 http cache resolve@https://registry.npmjs.org/resolve/-/resolve-1.22.12.tgz 0ms (cache hit)
2747 silly tarball no local data for is-weakset@https://registry.npmjs.org/is-weakset/-/is-weakset-2.0.4.tgz. Extracting by manifest.
2748 silly tarball no local data for async-function@https://registry.npmjs.org/async-function/-/async-function-1.0.0.tgz. Extracting by manifest.
2749 http cache glob-parent@https://registry.npmjs.org/glob-parent/-/glob-parent-5.1.2.tgz 0ms (cache hit)
2750 http cache postcss@https://registry.npmjs.org/postcss/-/postcss-8.4.31.tgz 0ms (cache hit)
2751 silly tarball no local data for is-map@https://registry.npmjs.org/is-map/-/is-map-2.0.3.tgz. Extracting by manifest.
2752 silly tarball no local data for is-generator-function@https://registry.npmjs.org/is-generator-function/-/is-generator-function-1.1.2.tgz. Extracting by manifest.
2753 silly tarball no local data for which-collection@https://registry.npmjs.org/which-collection/-/which-collection-1.0.2.tgz. Extracting by manifest.
2754 silly tarball no local data for is-weakmap@https://registry.npmjs.org/is-weakmap/-/is-weakmap-2.0.2.tgz. Extracting by manifest.
2755 silly tarball no local data for is-finalizationregistry@https://registry.npmjs.org/is-finalizationregistry/-/is-finalizationregistry-1.1.1.tgz. Extracting by manifest.
2756 http cache fast-glob@https://registry.npmjs.org/fast-glob/-/fast-glob-3.3.3.tgz 0ms (cache hit)
2757 silly tarball no local data for is-async-function@https://registry.npmjs.org/is-async-function/-/is-async-function-2.1.1.tgz. Extracting by manifest.
2758 silly tarball no local data for is-boolean-object@https://registry.npmjs.org/is-boolean-object/-/is-boolean-object-1.2.2.tgz. Extracting by manifest.
2759 silly tarball no local data for is-number-object@https://registry.npmjs.org/is-number-object/-/is-number-object-1.1.1.tgz. Extracting by manifest.
2760 silly tarball no local data for is-bigint@https://registry.npmjs.org/is-bigint/-/is-bigint-1.1.0.tgz. Extracting by manifest.
2761 silly tarball no local data for isexe@https://registry.npmjs.org/isexe/-/isexe-2.0.0.tgz. Extracting by manifest.
2762 silly tarball no local data for generator-function@https://registry.npmjs.org/generator-function/-/generator-function-2.0.1.tgz. Extracting by manifest.
2763 silly tarball no local data for escalade@https://registry.npmjs.org/escalade/-/escalade-3.2.0.tgz. Extracting by manifest.
2764 silly tarball no local data for @unrs/resolver-binding-win32-x64-msvc@https://registry.npmjs.org/@unrs/resolver-binding-win32-x64-msvc/-/resolver-binding-win32-x64-msvc-1.12.2.tgz. Extracting by manifest.
2765 silly tarball no local data for napi-postinstall@https://registry.npmjs.org/napi-postinstall/-/napi-postinstall-0.3.4.tgz. Extracting by manifest.
2766 silly tarball no local data for has-bigints@https://registry.npmjs.org/has-bigints/-/has-bigints-1.1.0.tgz. Extracting by manifest.
2767 silly tarball no local data for which-boxed-primitive@https://registry.npmjs.org/which-boxed-primitive/-/which-boxed-primitive-1.1.1.tgz. Extracting by manifest.
2768 silly tarball no local data for punycode@https://registry.npmjs.org/punycode/-/punycode-2.3.1.tgz. Extracting by manifest.
2769 silly tarball no local data for reflect.getprototypeof@https://registry.npmjs.org/reflect.getprototypeof/-/reflect.getprototypeof-1.0.10.tgz. Extracting by manifest.
2770 silly tarball no local data for which-builtin-type@https://registry.npmjs.org/which-builtin-type/-/which-builtin-type-1.2.1.tgz. Extracting by manifest.
2771 silly tarball no local data for minimist@https://registry.npmjs.org/minimist/-/minimist-1.2.8.tgz. Extracting by manifest.
2772 silly tarball no local data for for-each@https://registry.npmjs.org/for-each/-/for-each-0.3.5.tgz. Extracting by manifest.
2773 silly tarball no local data for strip-bom@https://registry.npmjs.org/strip-bom/-/strip-bom-3.0.0.tgz. Extracting by manifest.
2774 silly tarball no local data for is-number@https://registry.npmjs.org/is-number/-/is-number-7.0.0.tgz. Extracting by manifest.
2775 silly tarball no local data for @types/json5@https://registry.npmjs.org/@types/json5/-/json5-0.0.29.tgz. Extracting by manifest.
2776 silly tarball no local data for @jridgewell/resolve-uri@https://registry.npmjs.org/@jridgewell/resolve-uri/-/resolve-uri-3.1.2.tgz. Extracting by manifest.
2777 silly tarball no local data for json5@https://registry.npmjs.org/json5/-/json5-1.0.2.tgz. Extracting by manifest.
2778 silly tarball no local data for @jridgewell/trace-mapping@https://registry.npmjs.org/@jridgewell/trace-mapping/-/trace-mapping-0.3.31.tgz. Extracting by manifest.
2779 silly tarball no local data for thenify-all@https://registry.npmjs.org/thenify-all/-/thenify-all-1.6.0.tgz. Extracting by manifest.
2780 silly tarball no local data for any-promise@https://registry.npmjs.org/any-promise/-/any-promise-1.3.0.tgz. Extracting by manifest.
2781 silly tarball no local data for @jridgewell/sourcemap-codec@https://registry.npmjs.org/@jridgewell/sourcemap-codec/-/sourcemap-codec-1.5.5.tgz. Extracting by manifest.
2782 silly tarball no local data for @jridgewell/gen-mapping@https://registry.npmjs.org/@jridgewell/gen-mapping/-/gen-mapping-0.3.13.tgz. Extracting by manifest.
2783 silly tarball no local data for ts-interface-checker@https://registry.npmjs.org/ts-interface-checker/-/ts-interface-checker-0.1.13.tgz. Extracting by manifest.
2784 silly tarball no local data for pirates@https://registry.npmjs.org/pirates/-/pirates-4.0.7.tgz. Extracting by manifest.
2785 silly tarball no local data for mz@https://registry.npmjs.org/mz/-/mz-2.7.0.tgz. Extracting by manifest.
2786 silly tarball no local data for commander@https://registry.npmjs.org/commander/-/commander-4.1.1.tgz. Extracting by manifest.
2787 silly tarball no local data for lines-and-columns@https://registry.npmjs.org/lines-and-columns/-/lines-and-columns-1.2.4.tgz. Extracting by manifest.
2788 silly tarball no local data for pify@https://registry.npmjs.org/pify/-/pify-2.3.0.tgz. Extracting by manifest.
2789 silly tarball no local data for cssesc@https://registry.npmjs.org/cssesc/-/cssesc-3.0.0.tgz. Extracting by manifest.
2790 silly tarball no local data for util-deprecate@https://registry.npmjs.org/util-deprecate/-/util-deprecate-1.0.2.tgz. Extracting by manifest.
2791 silly tarball no local data for read-cache@https://registry.npmjs.org/read-cache/-/read-cache-1.0.0.tgz. Extracting by manifest.
2792 silly tarball no local data for camelcase-css@https://registry.npmjs.org/camelcase-css/-/camelcase-css-2.0.1.tgz. Extracting by manifest.
2793 silly tarball no local data for readdirp@https://registry.npmjs.org/readdirp/-/readdirp-3.6.0.tgz. Extracting by manifest.
2794 silly tarball no local data for thenify@https://registry.npmjs.org/thenify/-/thenify-3.3.1.tgz. Extracting by manifest.
2795 silly tarball no local data for is-binary-path@https://registry.npmjs.org/is-binary-path/-/is-binary-path-2.1.0.tgz. Extracting by manifest.
2796 silly tarball no local data for anymatch@https://registry.npmjs.org/anymatch/-/anymatch-3.1.3.tgz. Extracting by manifest.
2797 silly tarball no local data for postcss-selector-parser@https://registry.npmjs.org/postcss-selector-parser/-/postcss-selector-parser-6.1.4.tgz. Extracting by manifest.
2798 silly tarball no local data for sucrase@https://registry.npmjs.org/sucrase/-/sucrase-3.35.1.tgz. Extracting by manifest.
2799 silly tarball no local data for binary-extensions@https://registry.npmjs.org/binary-extensions/-/binary-extensions-2.3.0.tgz. Extracting by manifest.
2800 silly tarball no local data for postcss-nested@https://registry.npmjs.org/postcss-nested/-/postcss-nested-6.2.0.tgz. Extracting by manifest.
2801 silly tarball no local data for postcss-load-config@https://registry.npmjs.org/postcss-load-config/-/postcss-load-config-6.0.1.tgz. Extracting by manifest.
2802 silly tarball no local data for postcss-import@https://registry.npmjs.org/postcss-import/-/postcss-import-15.1.0.tgz. Extracting by manifest.
2803 silly tarball no local data for postcss-js@https://registry.npmjs.org/postcss-js/-/postcss-js-4.1.0.tgz. Extracting by manifest.
2804 silly tarball no local data for object-hash@https://registry.npmjs.org/object-hash/-/object-hash-3.0.0.tgz. Extracting by manifest.
2805 silly tarball no local data for lilconfig@https://registry.npmjs.org/lilconfig/-/lilconfig-3.1.3.tgz. Extracting by manifest.
2806 silly tarball no local data for dlv@https://registry.npmjs.org/dlv/-/dlv-1.1.3.tgz. Extracting by manifest.
2807 silly tarball no local data for arg@https://registry.npmjs.org/arg/-/arg-5.0.2.tgz. Extracting by manifest.
2808 silly tarball no local data for chokidar@https://registry.npmjs.org/chokidar/-/chokidar-3.6.0.tgz. Extracting by manifest.
2809 silly tarball no local data for jiti@https://registry.npmjs.org/jiti/-/jiti-1.21.7.tgz. Extracting by manifest.
2810 silly tarball no local data for didyoumean@https://registry.npmjs.org/didyoumean/-/didyoumean-1.2.2.tgz. Extracting by manifest.
2811 silly tarball no local data for normalize-path@https://registry.npmjs.org/normalize-path/-/normalize-path-3.0.0.tgz. Extracting by manifest.
2812 silly tarball no local data for @alloc/quick-lru@https://registry.npmjs.org/@alloc/quick-lru/-/quick-lru-5.2.0.tgz. Extracting by manifest.
2813 silly tarball no local data for side-channel-weakmap@https://registry.npmjs.org/side-channel-weakmap/-/side-channel-weakmap-1.0.2.tgz. Extracting by manifest.
2814 silly tarball no local data for client-only@https://registry.npmjs.org/client-only/-/client-only-0.0.1.tgz. Extracting by manifest.
2815 silly tarball no local data for side-channel-map@https://registry.npmjs.org/side-channel-map/-/side-channel-map-1.0.1.tgz. Extracting by manifest.
2816 silly tarball no local data for @emnapi/runtime@https://registry.npmjs.org/@emnapi/runtime/-/runtime-1.11.2.tgz. Extracting by manifest.
2817 silly tarball no local data for @img/sharp-win32-x64@https://registry.npmjs.org/@img/sharp-win32-x64/-/sharp-win32-x64-0.34.5.tgz. Extracting by manifest.
2818 silly tarball no local data for has-flag@https://registry.npmjs.org/has-flag/-/has-flag-4.0.0.tgz. Extracting by manifest.
2819 silly tarball no local data for @img/colour@https://registry.npmjs.org/@img/colour/-/colour-1.1.0.tgz. Extracting by manifest.
2820 silly tarball no local data for shebang-regex@https://registry.npmjs.org/shebang-regex/-/shebang-regex-3.0.0.tgz. Extracting by manifest.
2821 silly tarball no local data for side-channel-list@https://registry.npmjs.org/side-channel-list/-/side-channel-list-1.0.1.tgz. Extracting by manifest.
2822 silly tarball no local data for isarray@https://registry.npmjs.org/isarray/-/isarray-2.0.5.tgz. Extracting by manifest.
2823 silly tarball no local data for supports-preserve-symlinks-flag@https://registry.npmjs.org/supports-preserve-symlinks-flag/-/supports-preserve-symlinks-flag-1.0.0.tgz. Extracting by manifest.
2824 silly tarball no local data for queue-microtask@https://registry.npmjs.org/queue-microtask/-/queue-microtask-1.2.3.tgz. Extracting by manifest.
2825 silly tarball no local data for detect-libc@https://registry.npmjs.org/detect-libc/-/detect-libc-2.1.2.tgz. Extracting by manifest.
2826 silly tarball no local data for path-parse@https://registry.npmjs.org/path-parse/-/path-parse-1.0.7.tgz. Extracting by manifest.
2827 silly tarball no local data for node-exports-info@https://registry.npmjs.org/node-exports-info/-/node-exports-info-1.6.2.tgz. Extracting by manifest.
2828 silly tarball no local data for scheduler@https://registry.npmjs.org/scheduler/-/scheduler-0.27.0.tgz. Extracting by manifest.
2829 silly tarball no local data for react-is@https://registry.npmjs.org/react-is/-/react-is-16.13.1.tgz. Extracting by manifest.
2830 silly tarball no local data for js-tokens@https://registry.npmjs.org/js-tokens/-/js-tokens-4.0.0.tgz. Extracting by manifest.
2831 silly tarball no local data for object-assign@https://registry.npmjs.org/object-assign/-/object-assign-4.1.1.tgz. Extracting by manifest.
2832 silly tarball no local data for loose-envify@https://registry.npmjs.org/loose-envify/-/loose-envify-1.4.0.tgz. Extracting by manifest.
2833 silly tarball no local data for source-map-js@https://registry.npmjs.org/source-map-js/-/source-map-js-1.2.1.tgz. Extracting by manifest.
2834 silly tarball no local data for nanoid@https://registry.npmjs.org/nanoid/-/nanoid-3.3.15.tgz. Extracting by manifest.
2835 silly tarball no local data for callsites@https://registry.npmjs.org/callsites/-/callsites-3.1.0.tgz. Extracting by manifest.
2836 silly tarball no local data for yocto-queue@https://registry.npmjs.org/yocto-queue/-/yocto-queue-0.1.0.tgz. Extracting by manifest.
2837 silly tarball no local data for p-limit@https://registry.npmjs.org/p-limit/-/p-limit-3.1.0.tgz. Extracting by manifest.
2838 silly tarball no local data for word-wrap@https://registry.npmjs.org/word-wrap/-/word-wrap-1.2.5.tgz. Extracting by manifest.
2839 silly tarball no local data for fast-levenshtein@https://registry.npmjs.org/fast-levenshtein/-/fast-levenshtein-2.0.6.tgz. Extracting by manifest.
2840 silly tarball no local data for deep-is@https://registry.npmjs.org/deep-is/-/deep-is-0.1.4.tgz. Extracting by manifest.
2841 silly tarball no local data for tslib@https://registry.npmjs.org/tslib/-/tslib-2.8.1.tgz. Extracting by manifest.
2842 silly tarball no local data for styled-jsx@https://registry.npmjs.org/styled-jsx/-/styled-jsx-5.1.6.tgz. Extracting by manifest.
2843 silly tarball no local data for sharp@https://registry.npmjs.org/sharp/-/sharp-0.34.5.tgz. Extracting by manifest.
2844 silly tarball no local data for @next/swc-win32-x64-msvc@https://registry.npmjs.org/@next/swc-win32-x64-msvc/-/swc-win32-x64-msvc-15.5.20.tgz. Extracting by manifest.
2845 silly tarball no local data for @next/env@https://registry.npmjs.org/@next/env/-/env-15.5.20.tgz. Extracting by manifest.
2846 silly tarball no local data for concat-map@https://registry.npmjs.org/concat-map/-/concat-map-0.0.1.tgz. Extracting by manifest.
2847 silly tarball no local data for balanced-match@https://registry.npmjs.org/balanced-match/-/balanced-match-1.0.2.tgz. Extracting by manifest.
2848 silly tarball no local data for @swc/helpers@https://registry.npmjs.org/@swc/helpers/-/helpers-0.5.15.tgz. Extracting by manifest.
2849 silly tarball no local data for to-regex-range@https://registry.npmjs.org/to-regex-range/-/to-regex-range-5.0.1.tgz. Extracting by manifest.
2850 silly tarball no local data for brace-expansion@https://registry.npmjs.org/brace-expansion/-/brace-expansion-1.1.15.tgz. Extracting by manifest.
2851 silly tarball no local data for fill-range@https://registry.npmjs.org/fill-range/-/fill-range-7.1.1.tgz. Extracting by manifest.
2852 silly tarball no local data for picomatch@https://registry.npmjs.org/picomatch/-/picomatch-2.3.2.tgz. Extracting by manifest.
2853 silly tarball no local data for braces@https://registry.npmjs.org/braces/-/braces-3.0.3.tgz. Extracting by manifest.
2854 silly tarball no local data for type-check@https://registry.npmjs.org/type-check/-/type-check-0.4.0.tgz. Extracting by manifest.
2855 silly tarball no local data for prelude-ls@https://registry.npmjs.org/prelude-ls/-/prelude-ls-1.2.1.tgz. Extracting by manifest.
2856 silly tarball no local data for json-buffer@https://registry.npmjs.org/json-buffer/-/json-buffer-3.0.1.tgz. Extracting by manifest.
2857 silly tarball no local data for p-locate@https://registry.npmjs.org/p-locate/-/p-locate-5.0.0.tgz. Extracting by manifest.
2858 silly tarball no local data for argparse@https://registry.npmjs.org/argparse/-/argparse-2.0.1.tgz. Extracting by manifest.
2859 silly tarball no local data for set-function-name@https://registry.npmjs.org/set-function-name/-/set-function-name-2.0.2.tgz. Extracting by manifest.
2860 silly tarball no local data for language-subtag-registry@https://registry.npmjs.org/language-subtag-registry/-/language-subtag-registry-0.3.23.tgz. Extracting by manifest.
2861 silly tarball no local data for is-extglob@https://registry.npmjs.org/is-extglob/-/is-extglob-2.1.1.tgz. Extracting by manifest.
2862 silly tarball no local data for side-channel@https://registry.npmjs.org/side-channel/-/side-channel-1.1.1.tgz. Extracting by manifest.
2863 silly tarball no local data for resolve-from@https://registry.npmjs.org/resolve-from/-/resolve-from-4.0.0.tgz. Extracting by manifest.
2864 silly tarball no local data for resolve-pkg-maps@https://registry.npmjs.org/resolve-pkg-maps/-/resolve-pkg-maps-1.0.0.tgz. Extracting by manifest.
2865 silly tarball no local data for dunder-proto@https://registry.npmjs.org/dunder-proto/-/dunder-proto-1.0.1.tgz. Extracting by manifest.
2866 silly tarball no local data for is-document.all@https://registry.npmjs.org/is-document.all/-/is-document.all-1.0.0.tgz. Extracting by manifest.
2867 silly tarball no local data for functions-have-names@https://registry.npmjs.org/functions-have-names/-/functions-have-names-1.2.3.tgz. Extracting by manifest.
2868 silly tarball no local data for flatted@https://registry.npmjs.org/flatted/-/flatted-3.4.2.tgz. Extracting by manifest.
2869 silly tarball no local data for parent-module@https://registry.npmjs.org/parent-module/-/parent-module-1.0.1.tgz. Extracting by manifest.
2870 silly tarball no local data for flat-cache@https://registry.npmjs.org/flat-cache/-/flat-cache-4.0.1.tgz. Extracting by manifest.
2871 silly tarball no local data for locate-path@https://registry.npmjs.org/locate-path/-/locate-path-6.0.0.tgz. Extracting by manifest.
2872 silly tarball no local data for path-exists@https://registry.npmjs.org/path-exists/-/path-exists-4.0.0.tgz. Extracting by manifest.
2873 silly tarball no local data for keyv@https://registry.npmjs.org/keyv/-/keyv-4.5.4.tgz. Extracting by manifest.
2874 silly tarball no local data for reusify@https://registry.npmjs.org/reusify/-/reusify-1.1.0.tgz. Extracting by manifest.
2875 silly tarball no local data for run-parallel@https://registry.npmjs.org/run-parallel/-/run-parallel-1.2.0.tgz. Extracting by manifest.
2876 silly tarball no local data for @nodelib/fs.scandir@https://registry.npmjs.org/@nodelib/fs.scandir/-/fs.scandir-2.1.5.tgz. Extracting by manifest.
2877 silly tarball no local data for @nodelib/fs.walk@https://registry.npmjs.org/@nodelib/fs.walk/-/fs.walk-1.2.8.tgz. Extracting by manifest.
2878 silly tarball no local data for @nodelib/fs.stat@https://registry.npmjs.org/@nodelib/fs.stat/-/fs.stat-2.0.5.tgz. Extracting by manifest.
2879 silly tarball no local data for fastq@https://registry.npmjs.org/fastq/-/fastq-1.20.1.tgz. Extracting by manifest.
2880 silly tarball no local data for merge2@https://registry.npmjs.org/merge2/-/merge2-1.4.1.tgz. Extracting by manifest.
2881 silly tarball no local data for micromatch@https://registry.npmjs.org/micromatch/-/micromatch-4.0.8.tgz. Extracting by manifest.
2882 silly tarball no local data for acorn@https://registry.npmjs.org/acorn/-/acorn-8.17.0.tgz. Extracting by manifest.
2883 silly tarball no local data for acorn-jsx@https://registry.npmjs.org/acorn-jsx/-/acorn-jsx-5.3.2.tgz. Extracting by manifest.
2884 silly tarball no local data for esrecurse@https://registry.npmjs.org/esrecurse/-/esrecurse-4.3.0.tgz. Extracting by manifest.
2885 silly tarball no local data for iterator.prototype@https://registry.npmjs.org/iterator.prototype/-/iterator.prototype-1.1.5.tgz. Extracting by manifest.
2886 silly tarball no local data for prop-types@https://registry.npmjs.org/prop-types/-/prop-types-15.8.1.tgz. Extracting by manifest.
2887 silly tarball no local data for string.prototype.matchall@https://registry.npmjs.org/string.prototype.matchall/-/string.prototype.matchall-4.0.12.tgz. Extracting by manifest.
2888 silly tarball no local data for string.prototype.repeat@https://registry.npmjs.org/string.prototype.repeat/-/string.prototype.repeat-1.0.0.tgz. Extracting by manifest.
2889 silly tarball no local data for object.entries@https://registry.npmjs.org/object.entries/-/object.entries-1.1.9.tgz. Extracting by manifest.
2890 silly tarball no local data for es-iterator-helpers@https://registry.npmjs.org/es-iterator-helpers/-/es-iterator-helpers-1.3.3.tgz. Extracting by manifest.
2891 silly tarball no local data for estraverse@https://registry.npmjs.org/estraverse/-/estraverse-5.3.0.tgz. Extracting by manifest.
2892 silly tarball no local data for array.prototype.tosorted@https://registry.npmjs.org/array.prototype.tosorted/-/array.prototype.tosorted-1.1.4.tgz. Extracting by manifest.
2893 silly tarball no local data for string.prototype.includes@https://registry.npmjs.org/string.prototype.includes/-/string.prototype.includes-2.0.1.tgz. Extracting by manifest.
2894 silly tarball no local data for array.prototype.findlast@https://registry.npmjs.org/array.prototype.findlast/-/array.prototype.findlast-1.2.5.tgz. Extracting by manifest.
2895 silly tarball no local data for jsx-ast-utils@https://registry.npmjs.org/jsx-ast-utils/-/jsx-ast-utils-3.3.5.tgz. Extracting by manifest.
2896 silly tarball no local data for emoji-regex@https://registry.npmjs.org/emoji-regex/-/emoji-regex-9.2.2.tgz. Extracting by manifest.
2897 silly tarball no local data for damerau-levenshtein@https://registry.npmjs.org/damerau-levenshtein/-/damerau-levenshtein-1.0.8.tgz. Extracting by manifest.
2898 silly tarball no local data for axe-core@https://registry.npmjs.org/axe-core/-/axe-core-4.12.1.tgz. Extracting by manifest.
2899 silly tarball no local data for ast-types-flow@https://registry.npmjs.org/ast-types-flow/-/ast-types-flow-0.0.8.tgz. Extracting by manifest.
2900 silly tarball no local data for aria-query@https://registry.npmjs.org/aria-query/-/aria-query-5.3.2.tgz. Extracting by manifest.
2901 silly tarball no local data for is-symbol@https://registry.npmjs.org/is-symbol/-/is-symbol-1.1.1.tgz. Extracting by manifest.
2902 silly tarball no local data for is-date-object@https://registry.npmjs.org/is-date-object/-/is-date-object-1.1.0.tgz. Extracting by manifest.
2903 silly tarball no local data for axobject-query@https://registry.npmjs.org/axobject-query/-/axobject-query-4.1.0.tgz. Extracting by manifest.
2904 silly tarball no local data for has-tostringtag@https://registry.npmjs.org/has-tostringtag/-/has-tostringtag-1.0.2.tgz. Extracting by manifest.
2905 silly tarball no local data for which-typed-array@https://registry.npmjs.org/which-typed-array/-/which-typed-array-1.1.22.tgz. Extracting by manifest.
2906 silly tarball no local data for es-abstract-get@https://registry.npmjs.org/es-abstract-get/-/es-abstract-get-1.0.0.tgz. Extracting by manifest.
2907 silly tarball no local data for unbox-primitive@https://registry.npmjs.org/unbox-primitive/-/unbox-primitive-1.1.0.tgz. Extracting by manifest.
2908 silly tarball no local data for typed-array-length@https://registry.npmjs.org/typed-array-length/-/typed-array-length-1.0.8.tgz. Extracting by manifest.
2909 silly tarball no local data for language-tags@https://registry.npmjs.org/language-tags/-/language-tags-1.0.9.tgz. Extracting by manifest.
2910 silly tarball no local data for possible-typed-array-names@https://registry.npmjs.org/possible-typed-array-names/-/possible-typed-array-names-1.1.0.tgz. Extracting by manifest.
2911 silly tarball no local data for typed-array-byte-length@https://registry.npmjs.org/typed-array-byte-length/-/typed-array-byte-length-1.0.3.tgz. Extracting by manifest.
2912 silly tarball no local data for typed-array-buffer@https://registry.npmjs.org/typed-array-buffer/-/typed-array-buffer-1.0.3.tgz. Extracting by manifest.
2913 silly tarball no local data for typed-array-byte-offset@https://registry.npmjs.org/typed-array-byte-offset/-/typed-array-byte-offset-1.0.4.tgz. Extracting by manifest.
2914 silly tarball no local data for string.prototype.trim@https://registry.npmjs.org/string.prototype.trim/-/string.prototype.trim-1.2.11.tgz. Extracting by manifest.
2915 silly tarball no local data for string.prototype.trimstart@https://registry.npmjs.org/string.prototype.trimstart/-/string.prototype.trimstart-1.0.8.tgz. Extracting by manifest.
2916 silly tarball no local data for stop-iteration-iterator@https://registry.npmjs.org/stop-iteration-iterator/-/stop-iteration-iterator-1.1.0.tgz. Extracting by manifest.
2917 silly tarball no local data for set-proto@https://registry.npmjs.org/set-proto/-/set-proto-1.0.0.tgz. Extracting by manifest.
2918 silly tarball no local data for safe-regex-test@https://registry.npmjs.org/safe-regex-test/-/safe-regex-test-1.1.0.tgz. Extracting by manifest.
2919 silly tarball no local data for safe-array-concat@https://registry.npmjs.org/safe-array-concat/-/safe-array-concat-1.1.4.tgz. Extracting by manifest.
2920 silly tarball no local data for safe-push-apply@https://registry.npmjs.org/safe-push-apply/-/safe-push-apply-1.0.0.tgz. Extracting by manifest.
2921 silly tarball no local data for regexp.prototype.flags@https://registry.npmjs.org/regexp.prototype.flags/-/regexp.prototype.flags-1.5.4.tgz. Extracting by manifest.
2922 silly tarball no local data for own-keys@https://registry.npmjs.org/own-keys/-/own-keys-1.0.1.tgz. Extracting by manifest.
2923 silly tarball no local data for object.assign@https://registry.npmjs.org/object.assign/-/object.assign-4.1.7.tgz. Extracting by manifest.
2924 silly tarball no local data for object-inspect@https://registry.npmjs.org/object-inspect/-/object-inspect-1.13.4.tgz. Extracting by manifest.
2925 silly tarball no local data for is-weakref@https://registry.npmjs.org/is-weakref/-/is-weakref-1.1.1.tgz. Extracting by manifest.
2926 silly tarball no local data for is-shared-array-buffer@https://registry.npmjs.org/is-shared-array-buffer/-/is-shared-array-buffer-1.0.4.tgz. Extracting by manifest.
2927 silly tarball no local data for is-typed-array@https://registry.npmjs.org/is-typed-array/-/is-typed-array-1.1.15.tgz. Extracting by manifest.
2928 silly tarball no local data for is-set@https://registry.npmjs.org/is-set/-/is-set-2.0.3.tgz. Extracting by manifest.
2929 silly tarball no local data for is-regex@https://registry.npmjs.org/is-regex/-/is-regex-1.2.1.tgz. Extracting by manifest.
2930 silly tarball no local data for is-data-view@https://registry.npmjs.org/is-data-view/-/is-data-view-1.0.2.tgz. Extracting by manifest.
2931 silly tarball no local data for is-negative-zero@https://registry.npmjs.org/is-negative-zero/-/is-negative-zero-2.0.3.tgz. Extracting by manifest.
2932 silly tarball no local data for is-array-buffer@https://registry.npmjs.org/is-array-buffer/-/is-array-buffer-3.0.5.tgz. Extracting by manifest.
2933 silly tarball no local data for is-callable@https://registry.npmjs.org/is-callable/-/is-callable-1.2.7.tgz. Extracting by manifest.
2934 silly tarball no local data for internal-slot@https://registry.npmjs.org/internal-slot/-/internal-slot-1.1.0.tgz. Extracting by manifest.
2935 silly tarball no local data for has-symbols@https://registry.npmjs.org/has-symbols/-/has-symbols-1.1.0.tgz. Extracting by manifest.
2936 silly tarball no local data for globalthis@https://registry.npmjs.org/globalthis/-/globalthis-1.0.4.tgz. Extracting by manifest.
2937 silly tarball no local data for has-proto@https://registry.npmjs.org/has-proto/-/has-proto-1.2.0.tgz. Extracting by manifest.
2938 silly tarball no local data for get-symbol-description@https://registry.npmjs.org/get-symbol-description/-/get-symbol-description-1.1.0.tgz. Extracting by manifest.
2939 silly tarball no local data for function.prototype.name@https://registry.npmjs.org/function.prototype.name/-/function.prototype.name-1.2.0.tgz. Extracting by manifest.
2940 silly tarball no local data for get-proto@https://registry.npmjs.org/get-proto/-/get-proto-1.0.1.tgz. Extracting by manifest.
2941 silly tarball no local data for es-set-tostringtag@https://registry.npmjs.org/es-set-tostringtag/-/es-set-tostringtag-2.1.0.tgz. Extracting by manifest.
2942 silly tarball no local data for data-view-byte-offset@https://registry.npmjs.org/data-view-byte-offset/-/data-view-byte-offset-1.0.1.tgz. Extracting by manifest.
2943 silly tarball no local data for data-view-buffer@https://registry.npmjs.org/data-view-buffer/-/data-view-buffer-1.0.2.tgz. Extracting by manifest.
2944 silly tarball no local data for data-view-byte-length@https://registry.npmjs.org/data-view-byte-length/-/data-view-byte-length-1.0.2.tgz. Extracting by manifest.
2945 silly tarball no local data for available-typed-arrays@https://registry.npmjs.org/available-typed-arrays/-/available-typed-arrays-1.0.7.tgz. Extracting by manifest.
2946 silly tarball no local data for arraybuffer.prototype.slice@https://registry.npmjs.org/arraybuffer.prototype.slice/-/arraybuffer.prototype.slice-1.0.4.tgz. Extracting by manifest.
2947 silly tarball no local data for array-buffer-byte-length@https://registry.npmjs.org/array-buffer-byte-length/-/array-buffer-byte-length-1.0.2.tgz. Extracting by manifest.
2948 silly tarball no local data for gopd@https://registry.npmjs.org/gopd/-/gopd-1.2.0.tgz. Extracting by manifest.
2949 silly tarball no local data for object-keys@https://registry.npmjs.org/object-keys/-/object-keys-1.1.1.tgz. Extracting by manifest.
2950 silly tarball no local data for has-property-descriptors@https://registry.npmjs.org/has-property-descriptors/-/has-property-descriptors-1.0.2.tgz. Extracting by manifest.
2951 silly tarball no local data for define-data-property@https://registry.npmjs.org/define-data-property/-/define-data-property-1.1.4.tgz. Extracting by manifest.
2952 silly tarball no local data for function-bind@https://registry.npmjs.org/function-bind/-/function-bind-1.1.2.tgz. Extracting by manifest.
2953 silly tarball no local data for set-function-length@https://registry.npmjs.org/set-function-length/-/set-function-length-1.2.2.tgz. Extracting by manifest.
2954 silly tarball no local data for es-define-property@https://registry.npmjs.org/es-define-property/-/es-define-property-1.0.1.tgz. Extracting by manifest.
2955 silly tarball no local data for es-shim-unscopables@https://registry.npmjs.org/es-shim-unscopables/-/es-shim-unscopables-1.1.0.tgz. Extracting by manifest.
2956 silly tarball no local data for es-errors@https://registry.npmjs.org/es-errors/-/es-errors-1.3.0.tgz. Extracting by manifest.
2957 silly tarball no local data for call-bind-apply-helpers@https://registry.npmjs.org/call-bind-apply-helpers/-/call-bind-apply-helpers-1.0.2.tgz. Extracting by manifest.
2958 silly tarball no local data for math-intrinsics@https://registry.npmjs.org/math-intrinsics/-/math-intrinsics-1.1.0.tgz. Extracting by manifest.
2959 silly tarball no local data for get-intrinsic@https://registry.npmjs.org/get-intrinsic/-/get-intrinsic-1.3.0.tgz. Extracting by manifest.
2960 silly tarball no local data for is-string@https://registry.npmjs.org/is-string/-/is-string-1.1.1.tgz. Extracting by manifest.
2961 silly tarball no local data for es-object-atoms@https://registry.npmjs.org/es-object-atoms/-/es-object-atoms-1.1.2.tgz. Extracting by manifest.
2962 silly tarball no local data for es-abstract@https://registry.npmjs.org/es-abstract/-/es-abstract-1.24.2.tgz. Extracting by manifest.
2963 silly tarball no local data for define-properties@https://registry.npmjs.org/define-properties/-/define-properties-1.2.1.tgz. Extracting by manifest.
2964 silly tarball no local data for call-bind@https://registry.npmjs.org/call-bind/-/call-bind-1.0.9.tgz. Extracting by manifest.
2965 silly tarball no local data for tsconfig-paths@https://registry.npmjs.org/tsconfig-paths/-/tsconfig-paths-3.15.0.tgz. Extracting by manifest.
2966 silly tarball no local data for string.prototype.trimend@https://registry.npmjs.org/string.prototype.trimend/-/string.prototype.trimend-1.0.10.tgz. Extracting by manifest.
2967 silly tarball no local data for object.values@https://registry.npmjs.org/object.values/-/object.values-1.2.1.tgz. Extracting by manifest.
2968 silly tarball no local data for object.groupby@https://registry.npmjs.org/object.groupby/-/object.groupby-1.0.3.tgz. Extracting by manifest.
2969 silly tarball no local data for object.fromentries@https://registry.npmjs.org/object.fromentries/-/object.fromentries-2.0.8.tgz. Extracting by manifest.
2970 silly tarball no local data for eslint-module-utils@https://registry.npmjs.org/eslint-module-utils/-/eslint-module-utils-2.14.0.tgz. Extracting by manifest.
2971 silly tarball no local data for doctrine@https://registry.npmjs.org/doctrine/-/doctrine-2.1.0.tgz. Extracting by manifest.
2972 silly tarball no local data for array.prototype.flatmap@https://registry.npmjs.org/array.prototype.flatmap/-/array.prototype.flatmap-1.3.3.tgz. Extracting by manifest.
2973 silly tarball no local data for @rtsao/scc@https://registry.npmjs.org/@rtsao/scc/-/scc-1.1.0.tgz. Extracting by manifest.
2974 silly tarball no local data for hasown@https://registry.npmjs.org/hasown/-/hasown-2.0.4.tgz. Extracting by manifest.
2975 silly tarball no local data for array.prototype.flat@https://registry.npmjs.org/array.prototype.flat/-/array.prototype.flat-1.3.3.tgz. Extracting by manifest.
2976 silly tarball no local data for array.prototype.findlastindex@https://registry.npmjs.org/array.prototype.findlastindex/-/array.prototype.findlastindex-1.2.6.tgz. Extracting by manifest.
2977 silly tarball no local data for array-includes@https://registry.npmjs.org/array-includes/-/array-includes-3.1.9.tgz. Extracting by manifest.
2978 silly tarball no local data for @nolyfill/is-core-module@https://registry.npmjs.org/@nolyfill/is-core-module/-/is-core-module-1.0.39.tgz. Extracting by manifest.
2979 silly tarball no local data for stable-hash@https://registry.npmjs.org/stable-hash/-/stable-hash-0.0.5.tgz. Extracting by manifest.
2980 silly tarball no local data for get-tsconfig@https://registry.npmjs.org/get-tsconfig/-/get-tsconfig-4.14.0.tgz. Extracting by manifest.
2981 silly tarball no local data for unrs-resolver@https://registry.npmjs.org/unrs-resolver/-/unrs-resolver-1.12.2.tgz. Extracting by manifest.
2982 silly tarball no local data for is-bun-module@https://registry.npmjs.org/is-bun-module/-/is-bun-module-2.0.0.tgz. Extracting by manifest.
2983 silly tarball no local data for resolve@https://registry.npmjs.org/resolve/-/resolve-2.0.0-next.7.tgz. Extracting by manifest.
2984 silly tarball no local data for is-core-module@https://registry.npmjs.org/is-core-module/-/is-core-module-2.16.2.tgz. Extracting by manifest.
2985 silly tarball no local data for tinyglobby@https://registry.npmjs.org/tinyglobby/-/tinyglobby-0.2.17.tgz. Extracting by manifest.
2986 silly tarball no local data for @typescript-eslint/tsconfig-utils@https://registry.npmjs.org/@typescript-eslint/tsconfig-utils/-/tsconfig-utils-8.62.1.tgz. Extracting by manifest.
2987 silly tarball no local data for semver@https://registry.npmjs.org/semver/-/semver-7.8.5.tgz. Extracting by manifest.
2988 silly tarball no local data for ts-api-utils@https://registry.npmjs.org/ts-api-utils/-/ts-api-utils-2.5.0.tgz. Extracting by manifest.
2989 silly tarball no local data for @typescript-eslint/project-service@https://registry.npmjs.org/@typescript-eslint/project-service/-/project-service-8.62.1.tgz. Extracting by manifest.
2990 silly tarball no local data for @typescript-eslint/types@https://registry.npmjs.org/@typescript-eslint/types/-/types-8.62.1.tgz. Extracting by manifest.
2991 silly tarball no local data for es-to-primitive@https://registry.npmjs.org/es-to-primitive/-/es-to-primitive-1.3.4.tgz. Extracting by manifest.
2992 silly tarball no local data for @typescript-eslint/typescript-estree@https://registry.npmjs.org/@typescript-eslint/typescript-estree/-/typescript-estree-8.62.1.tgz. Extracting by manifest.
2993 silly tarball no local data for @typescript-eslint/utils@https://registry.npmjs.org/@typescript-eslint/utils/-/utils-8.62.1.tgz. Extracting by manifest.
2994 silly tarball no local data for eslint-plugin-react-hooks@https://registry.npmjs.org/eslint-plugin-react-hooks/-/eslint-plugin-react-hooks-5.2.0.tgz. Extracting by manifest.
2995 silly tarball no local data for @typescript-eslint/type-utils@https://registry.npmjs.org/@typescript-eslint/type-utils/-/type-utils-8.62.1.tgz. Extracting by manifest.
2996 silly tarball no local data for @typescript-eslint/visitor-keys@https://registry.npmjs.org/@typescript-eslint/visitor-keys/-/visitor-keys-8.62.1.tgz. Extracting by manifest.
2997 silly tarball no local data for @typescript-eslint/scope-manager@https://registry.npmjs.org/@typescript-eslint/scope-manager/-/scope-manager-8.62.1.tgz. Extracting by manifest.
2998 silly tarball no local data for eslint-plugin-jsx-a11y@https://registry.npmjs.org/eslint-plugin-jsx-a11y/-/eslint-plugin-jsx-a11y-6.10.2.tgz. Extracting by manifest.
2999 silly tarball no local data for @typescript-eslint/parser@https://registry.npmjs.org/@typescript-eslint/parser/-/parser-8.62.1.tgz. Extracting by manifest.
3000 silly tarball no local data for eslint-plugin-react@https://registry.npmjs.org/eslint-plugin-react/-/eslint-plugin-react-7.37.5.tgz. Extracting by manifest.
3001 silly tarball no local data for fast-glob@https://registry.npmjs.org/fast-glob/-/fast-glob-3.3.1.tgz. Extracting by manifest.
3002 silly tarball no local data for eslint-import-resolver-typescript@https://registry.npmjs.org/eslint-import-resolver-typescript/-/eslint-import-resolver-typescript-3.10.1.tgz. Extracting by manifest.
3003 silly tarball no local data for call-bound@https://registry.npmjs.org/call-bound/-/call-bound-1.0.4.tgz. Extracting by manifest.
3004 silly tarball no local data for eslint-plugin-import@https://registry.npmjs.org/eslint-plugin-import/-/eslint-plugin-import-2.32.0.tgz. Extracting by manifest.
3005 silly tarball no local data for eslint-import-resolver-node@https://registry.npmjs.org/eslint-import-resolver-node/-/eslint-import-resolver-node-0.3.10.tgz. Extracting by manifest.
3006 silly tarball no local data for @typescript-eslint/eslint-plugin@https://registry.npmjs.org/@typescript-eslint/eslint-plugin/-/eslint-plugin-8.62.1.tgz. Extracting by manifest.
3007 silly tarball no local data for @rushstack/eslint-patch@https://registry.npmjs.org/@rushstack/eslint-patch/-/eslint-patch-1.16.1.tgz. Extracting by manifest.
3008 silly tarball no local data for which@https://registry.npmjs.org/which/-/which-2.0.2.tgz. Extracting by manifest.
3009 silly tarball no local data for @next/eslint-plugin-next@https://registry.npmjs.org/@next/eslint-plugin-next/-/eslint-plugin-next-15.5.20.tgz. Extracting by manifest.
3010 silly tarball no local data for ms@https://registry.npmjs.org/ms/-/ms-2.1.3.tgz. Extracting by manifest.
3011 silly tarball no local data for shebang-command@https://registry.npmjs.org/shebang-command/-/shebang-command-2.0.0.tgz. Extracting by manifest.
3012 silly tarball no local data for path-key@https://registry.npmjs.org/path-key/-/path-key-3.1.1.tgz. Extracting by manifest.
3013 silly tarball no local data for color-convert@https://registry.npmjs.org/color-convert/-/color-convert-2.0.1.tgz. Extracting by manifest.
3014 silly tarball no local data for supports-color@https://registry.npmjs.org/supports-color/-/supports-color-7.2.0.tgz. Extracting by manifest.
3015 silly tarball no local data for ansi-styles@https://registry.npmjs.org/ansi-styles/-/ansi-styles-4.3.0.tgz. Extracting by manifest.
3016 silly tarball no local data for color-name@https://registry.npmjs.org/color-name/-/color-name-1.1.4.tgz. Extracting by manifest.
3017 silly tarball no local data for @humanfs/types@https://registry.npmjs.org/@humanfs/types/-/types-0.15.0.tgz. Extracting by manifest.
3018 silly tarball no local data for @humanfs/core@https://registry.npmjs.org/@humanfs/core/-/core-0.19.2.tgz. Extracting by manifest.
3019 silly tarball no local data for uri-js@https://registry.npmjs.org/uri-js/-/uri-js-4.4.1.tgz. Extracting by manifest.
3020 silly tarball no local data for json-schema-traverse@https://registry.npmjs.org/json-schema-traverse/-/json-schema-traverse-0.4.1.tgz. Extracting by manifest.
3021 silly tarball no local data for fast-json-stable-stringify@https://registry.npmjs.org/fast-json-stable-stringify/-/fast-json-stable-stringify-2.1.0.tgz. Extracting by manifest.
3022 silly tarball no local data for levn@https://registry.npmjs.org/levn/-/levn-0.4.1.tgz. Extracting by manifest.
3023 silly tarball no local data for strip-json-comments@https://registry.npmjs.org/strip-json-comments/-/strip-json-comments-3.1.1.tgz. Extracting by manifest.
3024 silly tarball no local data for @types/json-schema@https://registry.npmjs.org/@types/json-schema/-/json-schema-7.0.15.tgz. Extracting by manifest.
3025 silly tarball no local data for js-yaml@https://registry.npmjs.org/js-yaml/-/js-yaml-4.3.0.tgz. Extracting by manifest.
3026 silly tarball no local data for import-fresh@https://registry.npmjs.org/import-fresh/-/import-fresh-3.3.1.tgz. Extracting by manifest.
3027 silly tarball no local data for @eslint/object-schema@https://registry.npmjs.org/@eslint/object-schema/-/object-schema-2.1.7.tgz. Extracting by manifest.
3028 silly tarball no local data for globals@https://registry.npmjs.org/globals/-/globals-14.0.0.tgz. Extracting by manifest.
3029 silly tarball no local data for natural-compare@https://registry.npmjs.org/natural-compare/-/natural-compare-1.4.0.tgz. Extracting by manifest.
3030 silly tarball no local data for optionator@https://registry.npmjs.org/optionator/-/optionator-0.9.4.tgz. Extracting by manifest.
3031 silly tarball no local data for minimatch@https://registry.npmjs.org/minimatch/-/minimatch-3.1.5.tgz. Extracting by manifest.
3032 silly tarball no local data for lodash.merge@https://registry.npmjs.org/lodash.merge/-/lodash.merge-4.6.2.tgz. Extracting by manifest.
3033 silly tarball no local data for json-stable-stringify-without-jsonify@https://registry.npmjs.org/json-stable-stringify-without-jsonify/-/json-stable-stringify-without-jsonify-1.0.1.tgz. Extracting by manifest.
3034 silly tarball no local data for is-glob@https://registry.npmjs.org/is-glob/-/is-glob-4.0.3.tgz. Extracting by manifest.
3035 silly tarball no local data for imurmurhash@https://registry.npmjs.org/imurmurhash/-/imurmurhash-0.1.4.tgz. Extracting by manifest.
3036 silly tarball no local data for ignore@https://registry.npmjs.org/ignore/-/ignore-5.3.2.tgz. Extracting by manifest.
3037 silly tarball no local data for glob-parent@https://registry.npmjs.org/glob-parent/-/glob-parent-6.0.2.tgz. Extracting by manifest.
3038 silly tarball no local data for find-up@https://registry.npmjs.org/find-up/-/find-up-5.0.0.tgz. Extracting by manifest.
3039 silly tarball no local data for fast-deep-equal@https://registry.npmjs.org/fast-deep-equal/-/fast-deep-equal-3.1.3.tgz. Extracting by manifest.
3040 silly tarball no local data for esquery@https://registry.npmjs.org/esquery/-/esquery-1.7.0.tgz. Extracting by manifest.
3041 silly tarball no local data for espree@https://registry.npmjs.org/espree/-/espree-10.4.0.tgz. Extracting by manifest.
3042 silly tarball no local data for esutils@https://registry.npmjs.org/esutils/-/esutils-2.0.3.tgz. Extracting by manifest.
3043 silly tarball no local data for file-entry-cache@https://registry.npmjs.org/file-entry-cache/-/file-entry-cache-8.0.0.tgz. Extracting by manifest.
3044 silly tarball no local data for eslint-visitor-keys@https://registry.npmjs.org/eslint-visitor-keys/-/eslint-visitor-keys-4.2.1.tgz. Extracting by manifest.
3045 silly tarball no local data for escape-string-regexp@https://registry.npmjs.org/escape-string-regexp/-/escape-string-regexp-4.0.0.tgz. Extracting by manifest.
3046 silly tarball no local data for eslint-scope@https://registry.npmjs.org/eslint-scope/-/eslint-scope-8.4.0.tgz. Extracting by manifest.
3047 silly tarball no local data for @types/estree@https://registry.npmjs.org/@types/estree/-/estree-1.0.9.tgz. Extracting by manifest.
3048 silly tarball no local data for debug@https://registry.npmjs.org/debug/-/debug-4.4.3.tgz. Extracting by manifest.
3049 silly tarball no local data for @humanwhocodes/retry@https://registry.npmjs.org/@humanwhocodes/retry/-/retry-0.4.3.tgz. Extracting by manifest.
3050 silly tarball no local data for cross-spawn@https://registry.npmjs.org/cross-spawn/-/cross-spawn-7.0.6.tgz. Extracting by manifest.
3051 silly tarball no local data for @humanfs/node@https://registry.npmjs.org/@humanfs/node/-/node-0.16.8.tgz. Extracting by manifest.
3052 silly tarball no local data for chalk@https://registry.npmjs.org/chalk/-/chalk-4.1.2.tgz. Extracting by manifest.
3053 silly tarball no local data for @humanwhocodes/module-importer@https://registry.npmjs.org/@humanwhocodes/module-importer/-/module-importer-1.0.1.tgz. Extracting by manifest.
3054 silly tarball no local data for ajv@https://registry.npmjs.org/ajv/-/ajv-6.15.0.tgz. Extracting by manifest.
3055 silly tarball no local data for @eslint/js@https://registry.npmjs.org/@eslint/js/-/js-9.39.4.tgz. Extracting by manifest.
3056 silly tarball no local data for @eslint/plugin-kit@https://registry.npmjs.org/@eslint/plugin-kit/-/plugin-kit-0.4.1.tgz. Extracting by manifest.
3057 silly tarball no local data for @eslint/core@https://registry.npmjs.org/@eslint/core/-/core-0.17.0.tgz. Extracting by manifest.
3058 silly tarball no local data for @eslint/eslintrc@https://registry.npmjs.org/@eslint/eslintrc/-/eslintrc-3.3.5.tgz. Extracting by manifest.
3059 silly tarball no local data for @eslint/config-helpers@https://registry.npmjs.org/@eslint/config-helpers/-/config-helpers-0.4.2.tgz. Extracting by manifest.
3060 silly tarball no local data for update-browserslist-db@https://registry.npmjs.org/update-browserslist-db/-/update-browserslist-db-1.2.3.tgz. Extracting by manifest.
3061 silly tarball no local data for @eslint/config-array@https://registry.npmjs.org/@eslint/config-array/-/config-array-0.21.2.tgz. Extracting by manifest.
3062 silly tarball no local data for @eslint-community/regexpp@https://registry.npmjs.org/@eslint-community/regexpp/-/regexpp-4.12.2.tgz. Extracting by manifest.
3063 silly tarball no local data for @eslint-community/eslint-utils@https://registry.npmjs.org/@eslint-community/eslint-utils/-/eslint-utils-4.9.1.tgz. Extracting by manifest.
3064 silly tarball no local data for node-releases@https://registry.npmjs.org/node-releases/-/node-releases-2.0.50.tgz. Extracting by manifest.
3065 silly tarball no local data for electron-to-chromium@https://registry.npmjs.org/electron-to-chromium/-/electron-to-chromium-1.5.387.tgz. Extracting by manifest.
3066 silly tarball no local data for baseline-browser-mapping@https://registry.npmjs.org/baseline-browser-mapping/-/baseline-browser-mapping-2.10.42.tgz. Extracting by manifest.
3067 silly tarball no local data for postcss-value-parser@https://registry.npmjs.org/postcss-value-parser/-/postcss-value-parser-4.2.0.tgz. Extracting by manifest.
3068 silly tarball no local data for picocolors@https://registry.npmjs.org/picocolors/-/picocolors-1.1.1.tgz. Extracting by manifest.
3069 silly tarball no local data for fraction.js@https://registry.npmjs.org/fraction.js/-/fraction.js-5.3.4.tgz. Extracting by manifest.
3070 silly tarball no local data for caniuse-lite@https://registry.npmjs.org/caniuse-lite/-/caniuse-lite-1.0.30001800.tgz. Extracting by manifest.
3071 silly tarball no local data for undici-types@https://registry.npmjs.org/undici-types/-/undici-types-6.21.0.tgz. Extracting by manifest.
3072 silly tarball no local data for typescript@https://registry.npmjs.org/typescript/-/typescript-5.9.3.tgz. Extracting by manifest.
3073 silly tarball no local data for tailwindcss@https://registry.npmjs.org/tailwindcss/-/tailwindcss-3.4.19.tgz. Extracting by manifest.
3074 silly tarball no local data for csstype@https://registry.npmjs.org/csstype/-/csstype-3.2.3.tgz. Extracting by manifest.
3075 silly tarball no local data for react-dom@https://registry.npmjs.org/react-dom/-/react-dom-19.2.7.tgz. Extracting by manifest.
3076 silly tarball no local data for browserslist@https://registry.npmjs.org/browserslist/-/browserslist-4.28.4.tgz. Extracting by manifest.
3077 silly tarball no local data for next@https://registry.npmjs.org/next/-/next-15.5.20.tgz. Extracting by manifest.
3078 silly tarball no local data for react@https://registry.npmjs.org/react/-/react-19.2.7.tgz. Extracting by manifest.
3079 silly tarball no local data for lucide-react@https://registry.npmjs.org/lucide-react/-/lucide-react-0.468.0.tgz. Extracting by manifest.
3080 silly tarball no local data for eslint-config-next@https://registry.npmjs.org/eslint-config-next/-/eslint-config-next-15.5.20.tgz. Extracting by manifest.
3081 silly tarball no local data for eslint@https://registry.npmjs.org/eslint/-/eslint-9.39.4.tgz. Extracting by manifest.
3082 silly tarball no local data for autoprefixer@https://registry.npmjs.org/autoprefixer/-/autoprefixer-10.5.2.tgz. Extracting by manifest.
3083 silly tarball no local data for @types/react-dom@https://registry.npmjs.org/@types/react-dom/-/react-dom-19.2.3.tgz. Extracting by manifest.
3084 silly tarball no local data for resolve@https://registry.npmjs.org/resolve/-/resolve-1.22.12.tgz. Extracting by manifest.
3085 silly tarball no local data for postcss@https://registry.npmjs.org/postcss/-/postcss-8.5.16.tgz. Extracting by manifest.
3086 silly tarball no local data for @types/react@https://registry.npmjs.org/@types/react/-/react-19.2.17.tgz. Extracting by manifest.
3087 silly tarball no local data for glob-parent@https://registry.npmjs.org/glob-parent/-/glob-parent-5.1.2.tgz. Extracting by manifest.
3088 silly tarball no local data for @types/node@https://registry.npmjs.org/@types/node/-/node-22.20.0.tgz. Extracting by manifest.
3089 silly tarball no local data for semver@https://registry.npmjs.org/semver/-/semver-6.3.1.tgz. Extracting by manifest.
3090 silly tarball no local data for debug@https://registry.npmjs.org/debug/-/debug-3.2.7.tgz. Extracting by manifest.
3091 silly tarball no local data for picomatch@https://registry.npmjs.org/picomatch/-/picomatch-4.0.5.tgz. Extracting by manifest.
3092 silly tarball no local data for fdir@https://registry.npmjs.org/fdir/-/fdir-6.5.0.tgz. Extracting by manifest.
3093 silly tarball no local data for glob-parent@https://registry.npmjs.org/glob-parent/-/glob-parent-5.1.2.tgz. Extracting by manifest.
3094 silly tarball no local data for semver@https://registry.npmjs.org/semver/-/semver-6.3.1.tgz. Extracting by manifest.
3095 silly tarball no local data for eslint-visitor-keys@https://registry.npmjs.org/eslint-visitor-keys/-/eslint-visitor-keys-5.0.1.tgz. Extracting by manifest.
3096 silly tarball no local data for semver@https://registry.npmjs.org/semver/-/semver-6.3.1.tgz. Extracting by manifest.
3097 silly tarball no local data for brace-expansion@https://registry.npmjs.org/brace-expansion/-/brace-expansion-5.0.7.tgz. Extracting by manifest.
3098 silly tarball no local data for debug@https://registry.npmjs.org/debug/-/debug-3.2.7.tgz. Extracting by manifest.
3099 silly tarball no local data for balanced-match@https://registry.npmjs.org/balanced-match/-/balanced-match-4.0.4.tgz. Extracting by manifest.
3100 silly tarball no local data for minimatch@https://registry.npmjs.org/minimatch/-/minimatch-10.2.5.tgz. Extracting by manifest.
3101 silly tarball no local data for eslint-visitor-keys@https://registry.npmjs.org/eslint-visitor-keys/-/eslint-visitor-keys-3.4.3.tgz. Extracting by manifest.
3102 silly tarball no local data for debug@https://registry.npmjs.org/debug/-/debug-3.2.7.tgz. Extracting by manifest.
3103 silly tarball no local data for ignore@https://registry.npmjs.org/ignore/-/ignore-7.0.5.tgz. Extracting by manifest.
3104 silly tarball no local data for resolve@https://registry.npmjs.org/resolve/-/resolve-1.22.12.tgz. Extracting by manifest.
3105 silly tarball no local data for glob-parent@https://registry.npmjs.org/glob-parent/-/glob-parent-5.1.2.tgz. Extracting by manifest.
3106 silly tarball no local data for postcss@https://registry.npmjs.org/postcss/-/postcss-8.4.31.tgz. Extracting by manifest.
3107 silly tarball no local data for fast-glob@https://registry.npmjs.org/fast-glob/-/fast-glob-3.3.3.tgz. Extracting by manifest.
3108 http fetch POST 200 https://registry.npmjs.org/-/npm/v1/security/advisories/bulk 896ms
3109 silly audit report {
3109 silly audit report   postcss: [
3109 silly audit report     {
3109 silly audit report       id: 1117015,
3109 silly audit report       url: 'https://github.com/advisories/GHSA-qx2v-qp2m-jg93',
3109 silly audit report       title: 'PostCSS has XSS via Unescaped </style> in its CSS Stringify Output',
3109 silly audit report       severity: 'moderate',
3109 silly audit report       vulnerable_versions: '<8.5.10',
3109 silly audit report       cwe: [Array],
3109 silly audit report       cvss: [Object]
3109 silly audit report     }
3109 silly audit report   ]
3109 silly audit report }
3110 silly packumentCache corgi:https://registry.npmjs.org/postcss cache-miss
3111 http fetch GET 200 https://registry.npmjs.org/is-weakset/-/is-weakset-2.0.4.tgz 1075ms (cache miss)
3112 http fetch GET 200 https://registry.npmjs.org/is-map/-/is-map-2.0.3.tgz 1073ms (cache miss)
3113 http fetch GET 200 https://registry.npmjs.org/is-boolean-object/-/is-boolean-object-1.2.2.tgz 1068ms (cache miss)
3114 http fetch GET 200 https://registry.npmjs.org/async-function/-/async-function-1.0.0.tgz 1077ms (cache miss)
3115 http fetch GET 200 https://registry.npmjs.org/is-async-function/-/is-async-function-2.1.1.tgz 1070ms (cache miss)
3116 http fetch GET 200 https://registry.npmjs.org/is-weakmap/-/is-weakmap-2.0.2.tgz 1073ms (cache miss)
3117 http fetch GET 200 https://registry.npmjs.org/is-finalizationregistry/-/is-finalizationregistry-1.1.1.tgz 1072ms (cache miss)
3118 http fetch GET 200 https://registry.npmjs.org/is-number-object/-/is-number-object-1.1.1.tgz 1070ms (cache miss)
3119 http fetch GET 200 https://registry.npmjs.org/which-collection/-/which-collection-1.0.2.tgz 1079ms (cache miss)
3120 http fetch GET 200 https://registry.npmjs.org/has-bigints/-/has-bigints-1.1.0.tgz 1091ms (cache miss)
3121 http fetch GET 200 https://registry.npmjs.org/reflect.getprototypeof/-/reflect.getprototypeof-1.0.10.tgz 1090ms (cache miss)
3122 http fetch GET 200 https://registry.npmjs.org/is-generator-function/-/is-generator-function-1.1.2.tgz 1138ms (cache miss)
3123 http fetch GET 200 https://registry.npmjs.org/is-bigint/-/is-bigint-1.1.0.tgz 1132ms (cache miss)
3124 http fetch GET 200 https://registry.npmjs.org/any-promise/-/any-promise-1.3.0.tgz 1113ms (cache miss)
3125 http fetch GET 200 https://registry.npmjs.org/which-boxed-primitive/-/which-boxed-primitive-1.1.1.tgz 1167ms (cache miss)
3126 http fetch GET 200 https://registry.npmjs.org/thenify-all/-/thenify-all-1.6.0.tgz 1161ms (cache miss)
3127 http fetch GET 200 https://registry.npmjs.org/pirates/-/pirates-4.0.7.tgz 1159ms (cache miss)
3128 http fetch GET 200 https://registry.npmjs.org/strip-bom/-/strip-bom-3.0.0.tgz 1233ms (cache miss)
3129 http fetch GET 200 https://registry.npmjs.org/is-number/-/is-number-7.0.0.tgz 1233ms (cache miss)
3130 http fetch GET 200 https://registry.npmjs.org/lines-and-columns/-/lines-and-columns-1.2.4.tgz 1226ms (cache miss)
3131 http fetch GET 200 https://registry.npmjs.org/mz/-/mz-2.7.0.tgz 1229ms (cache miss)
3132 http fetch GET 200 https://registry.npmjs.org/cssesc/-/cssesc-3.0.0.tgz 1226ms (cache miss)
3133 http fetch GET 200 https://registry.npmjs.org/napi-postinstall/-/napi-postinstall-0.3.4.tgz 1284ms (cache miss)
3134 http fetch GET 200 https://registry.npmjs.org/util-deprecate/-/util-deprecate-1.0.2.tgz 1269ms (cache miss)
3135 http fetch GET 200 https://registry.npmjs.org/read-cache/-/read-cache-1.0.0.tgz 1271ms (cache miss)
3136 http fetch GET 200 https://registry.npmjs.org/readdirp/-/readdirp-3.6.0.tgz 1272ms (cache miss)
3137 http fetch GET 200 https://registry.npmjs.org/thenify/-/thenify-3.3.1.tgz 1273ms (cache miss)
3138 http fetch GET 200 https://registry.npmjs.org/punycode/-/punycode-2.3.1.tgz 1333ms (cache miss)
3139 http fetch GET 200 https://registry.npmjs.org/postcss-nested/-/postcss-nested-6.2.0.tgz 1311ms (cache miss)
3140 http fetch GET 200 https://registry.npmjs.org/pify/-/pify-2.3.0.tgz 1364ms (cache miss)
3141 http fetch GET 200 https://registry.npmjs.org/postcss-load-config/-/postcss-load-config-6.0.1.tgz 1351ms (cache miss)
3142 http fetch GET 200 https://registry.npmjs.org/dlv/-/dlv-1.1.3.tgz 1348ms (cache miss)
3143 http fetch GET 200 https://registry.npmjs.org/lilconfig/-/lilconfig-3.1.3.tgz 1350ms (cache miss)
3144 http fetch GET 200 https://registry.npmjs.org/anymatch/-/anymatch-3.1.3.tgz 1405ms (cache miss)
3145 http fetch GET 200 https://registry.npmjs.org/binary-extensions/-/binary-extensions-2.3.0.tgz 1403ms (cache miss)
3146 http fetch GET 200 https://registry.npmjs.org/didyoumean/-/didyoumean-1.2.2.tgz 1393ms (cache miss)
3147 http fetch GET 200 https://registry.npmjs.org/is-binary-path/-/is-binary-path-2.1.0.tgz 1451ms (cache miss)
3148 http fetch GET 200 https://registry.npmjs.org/camelcase-css/-/camelcase-css-2.0.1.tgz 1457ms (cache miss)
3149 http fetch GET 200 https://registry.npmjs.org/postcss-import/-/postcss-import-15.1.0.tgz 1445ms (cache miss)
3150 http fetch GET 200 https://registry.npmjs.org/arg/-/arg-5.0.2.tgz 1442ms (cache miss)
3151 http fetch GET 200 https://registry.npmjs.org/client-only/-/client-only-0.0.1.tgz 1437ms (cache miss)
3152 http fetch GET 200 https://registry.npmjs.org/has-flag/-/has-flag-4.0.0.tgz 1433ms (cache miss)
3153 http fetch GET 200 https://registry.npmjs.org/side-channel-weakmap/-/side-channel-weakmap-1.0.2.tgz 1576ms (cache miss)
3154 http fetch GET 200 https://registry.npmjs.org/queue-microtask/-/queue-microtask-1.2.3.tgz 1577ms (cache miss)
3155 http fetch GET 200 https://registry.npmjs.org/normalize-path/-/normalize-path-3.0.0.tgz 1628ms (cache miss)
3156 http fetch GET 200 https://registry.npmjs.org/react-is/-/react-is-16.13.1.tgz 1614ms (cache miss)
3157 http fetch GET 200 https://registry.npmjs.org/path-parse/-/path-parse-1.0.7.tgz 1618ms (cache miss)
3158 http fetch GET 200 https://registry.npmjs.org/shebang-regex/-/shebang-regex-3.0.0.tgz 1627ms (cache miss)
3159 http fetch GET 200 https://registry.npmjs.org/node-exports-info/-/node-exports-info-1.6.2.tgz 1637ms (cache miss)
3160 http fetch GET 200 https://registry.npmjs.org/@types/json5/-/json5-0.0.29.tgz 1714ms (cache miss)
3161 http fetch GET 200 https://registry.npmjs.org/isarray/-/isarray-2.0.5.tgz 1672ms (cache miss)
3162 http fetch GET 200 https://registry.npmjs.org/p-limit/-/p-limit-3.1.0.tgz 1701ms (cache miss)
3163 http fetch GET 200 https://registry.npmjs.org/yocto-queue/-/yocto-queue-0.1.0.tgz 1704ms (cache miss)
3164 http fetch GET 200 https://registry.npmjs.org/callsites/-/callsites-3.1.0.tgz 1707ms (cache miss)
3165 http fetch GET 200 https://registry.npmjs.org/object-hash/-/object-hash-3.0.0.tgz 1779ms (cache miss)
3166 http fetch GET 200 https://registry.npmjs.org/object-assign/-/object-assign-4.1.1.tgz 1756ms (cache miss)
3167 http fetch GET 200 https://registry.npmjs.org/loose-envify/-/loose-envify-1.4.0.tgz 1758ms (cache miss)
3168 http fetch GET 200 https://registry.npmjs.org/@next/env/-/env-15.5.20.tgz 1745ms (cache miss)
3169 http fetch GET 200 https://registry.npmjs.org/word-wrap/-/word-wrap-1.2.5.tgz 1802ms (cache miss)
3170 http fetch GET 200 https://registry.npmjs.org/fast-levenshtein/-/fast-levenshtein-2.0.6.tgz 1804ms (cache miss)
3171 http fetch GET 200 https://registry.npmjs.org/concat-map/-/concat-map-0.0.1.tgz 1798ms (cache miss)
3172 http fetch GET 200 https://registry.npmjs.org/brace-expansion/-/brace-expansion-1.1.15.tgz 1798ms (cache miss)
3173 http fetch GET 200 https://registry.npmjs.org/type-check/-/type-check-0.4.0.tgz 1834ms (cache miss)
3174 http fetch GET 200 https://registry.npmjs.org/braces/-/braces-3.0.3.tgz 1837ms (cache miss)
3175 http fetch GET 200 https://registry.npmjs.org/commander/-/commander-4.1.1.tgz 1941ms (cache miss)
3176 http fetch GET 200 https://registry.npmjs.org/to-regex-range/-/to-regex-range-5.0.1.tgz 1886ms (cache miss)
3177 http fetch GET 200 https://registry.npmjs.org/fill-range/-/fill-range-7.1.1.tgz 1886ms (cache miss)
3178 http fetch GET 200 https://registry.npmjs.org/balanced-match/-/balanced-match-1.0.2.tgz 1893ms (cache miss)
3179 http fetch GET 200 https://registry.npmjs.org/json-buffer/-/json-buffer-3.0.1.tgz 1887ms (cache miss)
3180 http fetch GET 200 https://registry.npmjs.org/p-locate/-/p-locate-5.0.0.tgz 1888ms (cache miss)
3181 http fetch GET 200 https://registry.npmjs.org/set-function-name/-/set-function-name-2.0.2.tgz 1887ms (cache miss)
3182 http fetch GET 200 https://registry.npmjs.org/side-channel/-/side-channel-1.1.1.tgz 1910ms (cache miss)
3183 http fetch GET 200 https://registry.npmjs.org/dunder-proto/-/dunder-proto-1.0.1.tgz 1908ms (cache miss)
3184 http fetch GET 200 https://registry.npmjs.org/is-document.all/-/is-document.all-1.0.0.tgz 1910ms (cache miss)
3185 http fetch GET 200 https://registry.npmjs.org/is-extglob/-/is-extglob-2.1.1.tgz 1918ms (cache miss)
3186 http fetch GET 200 https://registry.npmjs.org/functions-have-names/-/functions-have-names-1.2.3.tgz 1913ms (cache miss)
3187 http fetch GET 200 https://registry.npmjs.org/parent-module/-/parent-module-1.0.1.tgz 1955ms (cache miss)
3188 http fetch GET 200 https://registry.npmjs.org/path-exists/-/path-exists-4.0.0.tgz 1953ms (cache miss)
3189 http fetch GET 200 https://registry.npmjs.org/run-parallel/-/run-parallel-1.2.0.tgz 1968ms (cache miss)
3190 http fetch GET 200 https://registry.npmjs.org/@img/colour/-/colour-1.1.0.tgz 2036ms (cache miss)
3191 http fetch GET 200 https://registry.npmjs.org/resolve-from/-/resolve-from-4.0.0.tgz 2012ms (cache miss)
3192 http fetch GET 200 https://registry.npmjs.org/resolve-pkg-maps/-/resolve-pkg-maps-1.0.0.tgz 2013ms (cache miss)
3193 http fetch GET 200 https://registry.npmjs.org/reusify/-/reusify-1.1.0.tgz 2003ms (cache miss)
3194 http fetch GET 200 https://registry.npmjs.org/@nodelib/fs.stat/-/fs.stat-2.0.5.tgz 2013ms (cache miss)
3195 http fetch GET 200 https://registry.npmjs.org/merge2/-/merge2-1.4.1.tgz 2012ms (cache miss)
3196 http fetch GET 200 https://registry.npmjs.org/@alloc/quick-lru/-/quick-lru-5.2.0.tgz 2104ms (cache miss)
3197 http fetch GET 200 https://registry.npmjs.org/flatted/-/flatted-3.4.2.tgz 2047ms (cache miss)
3198 http fetch GET 200 https://registry.npmjs.org/locate-path/-/locate-path-6.0.0.tgz 2044ms (cache miss)
3199 http fetch GET 200 https://registry.npmjs.org/iterator.prototype/-/iterator.prototype-1.1.5.tgz 2047ms (cache miss)
3200 http fetch GET 200 https://registry.npmjs.org/string.prototype.matchall/-/string.prototype.matchall-4.0.12.tgz 2047ms (cache miss)
3201 http fetch GET 200 https://registry.npmjs.org/isexe/-/isexe-2.0.0.tgz 2185ms (cache miss)
3202 http fetch GET 200 https://registry.npmjs.org/fastq/-/fastq-1.20.1.tgz 2088ms (cache miss)
3203 http fetch GET 200 https://registry.npmjs.org/@nodelib/fs.scandir/-/fs.scandir-2.1.5.tgz 2094ms (cache miss)
3204 http fetch GET 200 https://registry.npmjs.org/string.prototype.repeat/-/string.prototype.repeat-1.0.0.tgz 2080ms (cache miss)
3205 http fetch GET 200 https://registry.npmjs.org/estraverse/-/estraverse-5.3.0.tgz 2078ms (cache miss)
3206 http fetch GET 200 https://registry.npmjs.org/array.prototype.tosorted/-/array.prototype.tosorted-1.1.4.tgz 2078ms (cache miss)
3207 http fetch GET 200 https://registry.npmjs.org/array.prototype.findlast/-/array.prototype.findlast-1.2.5.tgz 2078ms (cache miss)
3208 http fetch GET 200 https://registry.npmjs.org/esrecurse/-/esrecurse-4.3.0.tgz 2111ms (cache miss)
3209 http fetch GET 200 https://registry.npmjs.org/damerau-levenshtein/-/damerau-levenshtein-1.0.8.tgz 2102ms (cache miss)
3210 http fetch GET 200 https://registry.npmjs.org/is-date-object/-/is-date-object-1.1.0.tgz 2100ms (cache miss)
3211 http fetch GET 200 https://registry.npmjs.org/has-tostringtag/-/has-tostringtag-1.0.2.tgz 2101ms (cache miss)
3212 http fetch GET 200 https://registry.npmjs.org/typed-array-byte-length/-/typed-array-byte-length-1.0.3.tgz 2101ms (cache miss)
3213 http fetch GET 200 https://registry.npmjs.org/es-abstract-get/-/es-abstract-get-1.0.0.tgz 2106ms (cache miss)
3214 http fetch GET 200 https://registry.npmjs.org/string.prototype.trim/-/string.prototype.trim-1.2.11.tgz 2102ms (cache miss)
3215 http fetch GET 200 https://registry.npmjs.org/typed-array-buffer/-/typed-array-buffer-1.0.3.tgz 2104ms (cache miss)
3216 http fetch GET 200 https://registry.npmjs.org/stop-iteration-iterator/-/stop-iteration-iterator-1.1.0.tgz 2103ms (cache miss)
3217 http fetch GET 200 https://registry.npmjs.org/typed-array-byte-offset/-/typed-array-byte-offset-1.0.4.tgz 2105ms (cache miss)
3218 http fetch GET 200 https://registry.npmjs.org/safe-regex-test/-/safe-regex-test-1.1.0.tgz 2103ms (cache miss)
3219 http fetch GET 200 https://registry.npmjs.org/set-proto/-/set-proto-1.0.0.tgz 2105ms (cache miss)
3220 http fetch GET 200 https://registry.npmjs.org/safe-push-apply/-/safe-push-apply-1.0.0.tgz 2103ms (cache miss)
3221 http fetch GET 200 https://registry.npmjs.org/safe-array-concat/-/safe-array-concat-1.1.4.tgz 2105ms (cache miss)
3222 http fetch GET 200 https://registry.npmjs.org/own-keys/-/own-keys-1.0.1.tgz 2104ms (cache miss)
3223 http fetch GET 200 https://registry.npmjs.org/is-shared-array-buffer/-/is-shared-array-buffer-1.0.4.tgz 2099ms (cache miss)
3224 http fetch GET 200 https://registry.npmjs.org/is-set/-/is-set-2.0.3.tgz 2097ms (cache miss)
3225 http fetch GET 200 https://registry.npmjs.org/is-array-buffer/-/is-array-buffer-3.0.5.tgz 2096ms (cache miss)
3226 http fetch GET 200 https://registry.npmjs.org/is-weakref/-/is-weakref-1.1.1.tgz 2103ms (cache miss)
3227 http fetch GET 200 https://registry.npmjs.org/is-callable/-/is-callable-1.2.7.tgz 2096ms (cache miss)
3228 http fetch GET 200 https://registry.npmjs.org/has-symbols/-/has-symbols-1.1.0.tgz 2094ms (cache miss)
3229 http fetch GET 200 https://registry.npmjs.org/internal-slot/-/internal-slot-1.1.0.tgz 2096ms (cache miss)
3230 http fetch GET 200 https://registry.npmjs.org/get-symbol-description/-/get-symbol-description-1.1.0.tgz 2093ms (cache miss)
3231 http fetch GET 200 https://registry.npmjs.org/globalthis/-/globalthis-1.0.4.tgz 2094ms (cache miss)
3232 http fetch GET 200 https://registry.npmjs.org/es-set-tostringtag/-/es-set-tostringtag-2.1.0.tgz 2106ms (cache miss)
3233 http fetch GET 200 https://registry.npmjs.org/data-view-buffer/-/data-view-buffer-1.0.2.tgz 2105ms (cache miss)
3234 http fetch GET 200 https://registry.npmjs.org/arraybuffer.prototype.slice/-/arraybuffer.prototype.slice-1.0.4.tgz 2104ms (cache miss)
3235 http fetch GET 200 https://registry.npmjs.org/object-keys/-/object-keys-1.1.1.tgz 2103ms (cache miss)
3236 http fetch GET 200 https://registry.npmjs.org/has-property-descriptors/-/has-property-descriptors-1.0.2.tgz 2105ms (cache miss)
3237 http fetch GET 200 https://registry.npmjs.org/available-typed-arrays/-/available-typed-arrays-1.0.7.tgz 2108ms (cache miss)
3238 http fetch GET 200 https://registry.npmjs.org/keyv/-/keyv-4.5.4.tgz 2187ms (cache miss)
3239 http fetch GET 200 https://registry.npmjs.org/define-data-property/-/define-data-property-1.1.4.tgz 2115ms (cache miss)
3240 http fetch GET 200 https://registry.npmjs.org/string.prototype.includes/-/string.prototype.includes-2.0.1.tgz 2168ms (cache miss)
3241 http fetch GET 200 https://registry.npmjs.org/emoji-regex/-/emoji-regex-9.2.2.tgz 2170ms (cache miss)
3242 http fetch GET 200 https://registry.npmjs.org/gopd/-/gopd-1.2.0.tgz 2124ms (cache miss)
3243 http fetch GET 200 https://registry.npmjs.org/set-function-length/-/set-function-length-1.2.2.tgz 2121ms (cache miss)
3244 http fetch GET 200 https://registry.npmjs.org/es-define-property/-/es-define-property-1.0.1.tgz 2122ms (cache miss)
3245 http fetch GET 200 https://registry.npmjs.org/es-shim-unscopables/-/es-shim-unscopables-1.1.0.tgz 2129ms (cache miss)
3246 http fetch GET 200 https://registry.npmjs.org/es-errors/-/es-errors-1.3.0.tgz 2129ms (cache miss)
3247 http fetch GET 200 https://registry.npmjs.org/micromatch/-/micromatch-4.0.8.tgz 2212ms (cache miss)
3248 http fetch GET 200 https://registry.npmjs.org/possible-typed-array-names/-/possible-typed-array-names-1.1.0.tgz 2186ms (cache miss)
3249 http fetch GET 200 https://registry.npmjs.org/which-typed-array/-/which-typed-array-1.1.22.tgz 2192ms (cache miss)
3250 http fetch GET 200 https://registry.npmjs.org/string.prototype.trimstart/-/string.prototype.trimstart-1.0.8.tgz 2187ms (cache miss)
3251 http fetch GET 200 https://registry.npmjs.org/is-data-view/-/is-data-view-1.0.2.tgz 2173ms (cache miss)
3252 http fetch GET 200 https://registry.npmjs.org/es-object-atoms/-/es-object-atoms-1.1.2.tgz 2160ms (cache miss)
3253 http fetch GET 200 https://registry.npmjs.org/array-buffer-byte-length/-/array-buffer-byte-length-1.0.2.tgz 2175ms (cache miss)
3254 http fetch GET 200 https://registry.npmjs.org/define-properties/-/define-properties-1.2.1.tgz 2160ms (cache miss)
3255 http fetch GET 200 https://registry.npmjs.org/which-builtin-type/-/which-builtin-type-1.2.1.tgz 2366ms (cache miss)
3256 http fetch GET 200 https://registry.npmjs.org/call-bind/-/call-bind-1.0.9.tgz 2196ms (cache miss)
3257 http fetch GET 200 https://registry.npmjs.org/object.values/-/object.values-1.2.1.tgz 2208ms (cache miss)
3258 http fetch GET 200 https://registry.npmjs.org/object.groupby/-/object.groupby-1.0.3.tgz 2209ms (cache miss)
3259 http fetch GET 200 https://registry.npmjs.org/object.fromentries/-/object.fromentries-2.0.8.tgz 2230ms (cache miss)
3260 http fetch GET 200 https://registry.npmjs.org/js-tokens/-/js-tokens-4.0.0.tgz 2381ms (cache miss)
3261 http fetch GET 200 https://registry.npmjs.org/array.prototype.flatmap/-/array.prototype.flatmap-1.3.3.tgz 2261ms (cache miss)
3262 http fetch GET 200 https://registry.npmjs.org/function.prototype.name/-/function.prototype.name-1.2.0.tgz 2294ms (cache miss)
3263 http fetch GET 200 https://registry.npmjs.org/data-view-byte-offset/-/data-view-byte-offset-1.0.1.tgz 2293ms (cache miss)
3264 http fetch GET 200 https://registry.npmjs.org/acorn-jsx/-/acorn-jsx-5.3.2.tgz 2355ms (cache miss)
3265 http fetch GET 200 https://registry.npmjs.org/@jridgewell/resolve-uri/-/resolve-uri-3.1.2.tgz 2470ms (cache miss)
3266 http fetch GET 200 https://registry.npmjs.org/postcss-js/-/postcss-js-4.1.0.tgz 2447ms (cache miss)
3267 http fetch GET 200 https://registry.npmjs.org/get-proto/-/get-proto-1.0.1.tgz 2372ms (cache miss)
3268 http fetch GET 200 https://registry.npmjs.org/data-view-byte-length/-/data-view-byte-length-1.0.2.tgz 2370ms (cache miss)
3269 http fetch GET 200 https://registry.npmjs.org/hasown/-/hasown-2.0.4.tgz 2341ms (cache miss)
3270 http fetch GET 200 https://registry.npmjs.org/has-proto/-/has-proto-1.2.0.tgz 2378ms (cache miss)
3271 http fetch GET 200 https://registry.npmjs.org/stable-hash/-/stable-hash-0.0.5.tgz 2337ms (cache miss)
3272 http fetch GET 200 https://registry.npmjs.org/is-core-module/-/is-core-module-2.16.2.tgz 2333ms (cache miss)
3273 http fetch GET 200 https://registry.npmjs.org/unrs-resolver/-/unrs-resolver-1.12.2.tgz 2337ms (cache miss)
3274 http fetch GET 200 https://registry.npmjs.org/array.prototype.flat/-/array.prototype.flat-1.3.3.tgz 2377ms (cache miss)
3275 http fetch GET 200 https://registry.npmjs.org/ast-types-flow/-/ast-types-flow-0.0.8.tgz 2456ms (cache miss)
3276 http fetch GET 200 https://registry.npmjs.org/is-bun-module/-/is-bun-module-2.0.0.tgz 2413ms (cache miss)
3277 http fetch GET 200 https://registry.npmjs.org/tinyglobby/-/tinyglobby-0.2.17.tgz 2411ms (cache miss)
3278 http fetch GET 200 https://registry.npmjs.org/detect-libc/-/detect-libc-2.1.2.tgz 2587ms (cache miss)
3279 http fetch GET 200 https://registry.npmjs.org/array-includes/-/array-includes-3.1.9.tgz 2454ms (cache miss)
3280 http fetch GET 200 https://registry.npmjs.org/supports-preserve-symlinks-flag/-/supports-preserve-symlinks-flag-1.0.0.tgz 2627ms (cache miss)
3281 http fetch GET 200 https://registry.npmjs.org/language-tags/-/language-tags-1.0.9.tgz 2571ms (cache miss)
3282 http fetch GET 200 https://registry.npmjs.org/@rtsao/scc/-/scc-1.1.0.tgz 2519ms (cache miss)
3283 http fetch GET 200 https://registry.npmjs.org/@nolyfill/is-core-module/-/is-core-module-1.0.39.tgz 2550ms (cache miss)
3284 http fetch GET 200 https://registry.npmjs.org/flat-cache/-/flat-cache-4.0.1.tgz 2693ms (cache miss)
3285 http fetch GET 200 https://registry.npmjs.org/call-bound/-/call-bound-1.0.4.tgz 2551ms (cache miss)
3286 http fetch GET 200 https://registry.npmjs.org/@typescript-eslint/tsconfig-utils/-/tsconfig-utils-8.62.1.tgz 2569ms (cache miss)
3287 http fetch GET 200 https://registry.npmjs.org/ts-interface-checker/-/ts-interface-checker-0.1.13.tgz 2824ms (cache miss)
3288 http fetch GET 200 https://registry.npmjs.org/@typescript-eslint/project-service/-/project-service-8.62.1.tgz 2614ms (cache miss)
3289 http fetch GET 200 https://registry.npmjs.org/eslint-import-resolver-node/-/eslint-import-resolver-node-0.3.10.tgz 2599ms (cache miss)
3290 http fetch GET 200 https://registry.npmjs.org/@typescript-eslint/visitor-keys/-/visitor-keys-8.62.1.tgz 2637ms (cache miss)
3291 http fetch GET 200 https://registry.npmjs.org/argparse/-/argparse-2.0.1.tgz 2793ms (cache miss)
3292 http fetch GET 200 https://registry.npmjs.org/which/-/which-2.0.2.tgz 2655ms (cache miss)
3293 http fetch GET 200 https://registry.npmjs.org/shebang-command/-/shebang-command-2.0.0.tgz 2654ms (cache miss)
3294 http fetch GET 200 https://registry.npmjs.org/ms/-/ms-2.1.3.tgz 2656ms (cache miss)
3295 http fetch GET 200 https://registry.npmjs.org/deep-is/-/deep-is-0.1.4.tgz 2838ms (cache miss)
3296 http fetch GET 200 https://registry.npmjs.org/path-key/-/path-key-3.1.1.tgz 2656ms (cache miss)
3297 http fetch GET 200 https://registry.npmjs.org/for-each/-/for-each-0.3.5.tgz 2915ms (cache miss)
3298 http fetch GET 200 https://registry.npmjs.org/color-convert/-/color-convert-2.0.1.tgz 2681ms (cache miss)
3299 http fetch GET 200 https://registry.npmjs.org/supports-color/-/supports-color-7.2.0.tgz 2681ms (cache miss)
3300 http fetch GET 200 https://registry.npmjs.org/side-channel-map/-/side-channel-map-1.0.1.tgz 2900ms (cache miss)
3301 http fetch GET 200 https://registry.npmjs.org/color-name/-/color-name-1.1.4.tgz 2702ms (cache miss)
3302 http fetch GET 200 https://registry.npmjs.org/escalade/-/escalade-3.2.0.tgz 2977ms (cache miss)
3303 http fetch GET 200 https://registry.npmjs.org/json-schema-traverse/-/json-schema-traverse-0.4.1.tgz 2721ms (cache miss)
3304 http fetch GET 200 https://registry.npmjs.org/fast-json-stable-stringify/-/fast-json-stable-stringify-2.1.0.tgz 2721ms (cache miss)
3305 http fetch GET 200 https://registry.npmjs.org/levn/-/levn-0.4.1.tgz 2737ms (cache miss)
3306 http fetch GET 200 https://registry.npmjs.org/strip-json-comments/-/strip-json-comments-3.1.1.tgz 2738ms (cache miss)
3307 http fetch GET 200 https://registry.npmjs.org/@types/json-schema/-/json-schema-7.0.15.tgz 2739ms (cache miss)
3308 http fetch GET 200 https://registry.npmjs.org/import-fresh/-/import-fresh-3.3.1.tgz 2760ms (cache miss)
3309 http fetch GET 200 https://registry.npmjs.org/@typescript-eslint/parser/-/parser-8.62.1.tgz 2790ms (cache miss)
3310 http fetch GET 200 https://registry.npmjs.org/natural-compare/-/natural-compare-1.4.0.tgz 2783ms (cache miss)
3311 http fetch GET 200 https://registry.npmjs.org/ansi-styles/-/ansi-styles-4.3.0.tgz 2818ms (cache miss)
3312 http fetch GET 200 https://registry.npmjs.org/minimatch/-/minimatch-3.1.5.tgz 2810ms (cache miss)
3313 http fetch GET 200 https://registry.npmjs.org/json-stable-stringify-without-jsonify/-/json-stable-stringify-without-jsonify-1.0.1.tgz 2815ms (cache miss)
3314 http fetch GET 200 https://registry.npmjs.org/generator-function/-/generator-function-2.0.1.tgz 3116ms (cache miss)
3315 http fetch GET 200 https://registry.npmjs.org/get-intrinsic/-/get-intrinsic-1.3.0.tgz 2929ms (cache miss)
3316 http fetch GET 200 https://registry.npmjs.org/side-channel-list/-/side-channel-list-1.0.1.tgz 3072ms (cache miss)
3317 http fetch GET 200 https://registry.npmjs.org/imurmurhash/-/imurmurhash-0.1.4.tgz 2844ms (cache miss)
3318 http fetch GET 200 https://registry.npmjs.org/is-glob/-/is-glob-4.0.3.tgz 2847ms (cache miss)
3319 http fetch GET 200 https://registry.npmjs.org/ignore/-/ignore-5.3.2.tgz 2847ms (cache miss)
3320 http fetch GET 200 https://registry.npmjs.org/lodash.merge/-/lodash.merge-4.6.2.tgz 2872ms (cache miss)
3321 http fetch GET 200 https://registry.npmjs.org/glob-parent/-/glob-parent-6.0.2.tgz 2870ms (cache miss)
3322 http fetch GET 200 https://registry.npmjs.org/find-up/-/find-up-5.0.0.tgz 2870ms (cache miss)
3323 http fetch GET 200 https://registry.npmjs.org/fast-deep-equal/-/fast-deep-equal-3.1.3.tgz 2869ms (cache miss)
3324 http fetch GET 200 https://registry.npmjs.org/@types/estree/-/estree-1.0.9.tgz 2890ms (cache miss)
3325 http fetch GET 200 https://registry.npmjs.org/picomatch/-/picomatch-2.3.2.tgz 3110ms (cache miss)
3326 http fetch GET 200 https://registry.npmjs.org/@eslint/object-schema/-/object-schema-2.1.7.tgz 2940ms (cache miss)
3327 http fetch GET 200 https://registry.npmjs.org/@eslint/js/-/js-9.39.4.tgz 2927ms (cache miss)
3328 http fetch GET 200 https://registry.npmjs.org/is-regex/-/is-regex-1.2.1.tgz 3072ms (cache miss)
3329 http fetch GET 200 https://registry.npmjs.org/eslint-visitor-keys/-/eslint-visitor-keys-4.2.1.tgz 2944ms (cache miss)
3330 http fetch GET 200 https://registry.npmjs.org/escape-string-regexp/-/escape-string-regexp-4.0.0.tgz 2948ms (cache miss)
3331 http fetch GET 200 https://registry.npmjs.org/prelude-ls/-/prelude-ls-1.2.1.tgz 3159ms (cache miss)
3332 http fetch GET 200 https://registry.npmjs.org/json5/-/json5-1.0.2.tgz 3244ms (cache miss)
3333 http fetch GET 200 https://registry.npmjs.org/typed-array-length/-/typed-array-length-1.0.8.tgz 3109ms (cache miss)
3334 http fetch GET 200 https://registry.npmjs.org/chokidar/-/chokidar-3.6.0.tgz 3221ms (cache miss)
3335 http fetch GET 200 https://registry.npmjs.org/@humanwhocodes/module-importer/-/module-importer-1.0.1.tgz 2956ms (cache miss)
3336 http fetch GET 200 https://registry.npmjs.org/cross-spawn/-/cross-spawn-7.0.6.tgz 2963ms (cache miss)
3337 http fetch GET 200 https://registry.npmjs.org/update-browserslist-db/-/update-browserslist-db-1.2.3.tgz 2958ms (cache miss)
3338 http fetch GET 200 https://registry.npmjs.org/@humanfs/types/-/types-0.15.0.tgz 3036ms (cache miss)
3339 http fetch GET 200 https://registry.npmjs.org/file-entry-cache/-/file-entry-cache-8.0.0.tgz 3006ms (cache miss)
3340 http fetch GET 200 https://registry.npmjs.org/is-string/-/is-string-1.1.1.tgz 3129ms (cache miss)
3341 http fetch GET 200 https://registry.npmjs.org/unbox-primitive/-/unbox-primitive-1.1.0.tgz 3180ms (cache miss)
3342 http fetch GET 200 https://registry.npmjs.org/is-typed-array/-/is-typed-array-1.1.15.tgz 3187ms (cache miss)
3343 http fetch GET 200 https://registry.npmjs.org/is-negative-zero/-/is-negative-zero-2.0.3.tgz 3184ms (cache miss)
3344 http fetch GET 200 https://registry.npmjs.org/is-symbol/-/is-symbol-1.1.1.tgz 3225ms (cache miss)
3345 http fetch GET 200 https://registry.npmjs.org/node-releases/-/node-releases-2.0.50.tgz 3052ms (cache miss)
3346 http fetch GET 200 https://registry.npmjs.org/get-tsconfig/-/get-tsconfig-4.14.0.tgz 3162ms (cache miss)
3347 http fetch GET 200 https://registry.npmjs.org/globals/-/globals-14.0.0.tgz 3122ms (cache miss)
3348 http fetch GET 200 https://registry.npmjs.org/picocolors/-/picocolors-1.1.1.tgz 3082ms (cache miss)
3349 http fetch GET 200 https://registry.npmjs.org/tslib/-/tslib-2.8.1.tgz 3344ms (cache miss)
3350 http fetch GET 200 https://registry.npmjs.org/prop-types/-/prop-types-15.8.1.tgz 3316ms (cache miss)
3351 http fetch GET 200 https://registry.npmjs.org/@eslint/config-helpers/-/config-helpers-0.4.2.tgz 3128ms (cache miss)
3352 http fetch GET 200 https://registry.npmjs.org/debug/-/debug-4.4.3.tgz 3159ms (cache miss)
3353 http fetch GET 200 https://registry.npmjs.org/doctrine/-/doctrine-2.1.0.tgz 3258ms (cache miss)
3354 http fetch GET 200 https://registry.npmjs.org/optionator/-/optionator-0.9.4.tgz 3202ms (cache miss)
3355 http fetch GET 200 https://registry.npmjs.org/eslint-plugin-react-hooks/-/eslint-plugin-react-hooks-5.2.0.tgz 3304ms (cache miss)
3356 http fetch GET 200 https://registry.npmjs.org/esutils/-/esutils-2.0.3.tgz 3254ms (cache miss)
3357 http fetch GET 200 https://registry.npmjs.org/chalk/-/chalk-4.1.2.tgz 3257ms (cache miss)
3358 http fetch GET 200 https://registry.npmjs.org/scheduler/-/scheduler-0.27.0.tgz 3512ms (cache miss)
3359 http fetch GET 200 https://registry.npmjs.org/function-bind/-/function-bind-1.1.2.tgz 3411ms (cache miss)
3360 http fetch GET 200 https://registry.npmjs.org/ts-api-utils/-/ts-api-utils-2.5.0.tgz 3374ms (cache miss)
3361 http fetch GET 200 https://registry.npmjs.org/string.prototype.trimend/-/string.prototype.trimend-1.0.10.tgz 3479ms (cache miss)
3362 http fetch GET 200 https://registry.npmjs.org/@eslint/core/-/core-0.17.0.tgz 3437ms (cache miss)
3363 http fetch GET 200 https://registry.npmjs.org/array.prototype.findlastindex/-/array.prototype.findlastindex-1.2.6.tgz 3538ms (cache miss)
3364 http fetch GET 200 https://registry.npmjs.org/regexp.prototype.flags/-/regexp.prototype.flags-1.5.4.tgz 3599ms (cache miss)
3365 http fetch GET 200 https://registry.npmjs.org/espree/-/espree-10.4.0.tgz 3473ms (cache miss)
3366 http fetch GET 200 https://registry.npmjs.org/object.entries/-/object.entries-1.1.9.tgz 3653ms (cache miss)
3367 http fetch GET 200 https://registry.npmjs.org/postcss-value-parser/-/postcss-value-parser-4.2.0.tgz 3480ms (cache miss)
3368 http fetch GET 200 https://registry.npmjs.org/@humanwhocodes/retry/-/retry-0.4.3.tgz 3505ms (cache miss)
3369 http fetch GET 200 https://registry.npmjs.org/acorn/-/acorn-8.17.0.tgz 3696ms (cache miss)
3370 http fetch GET 200 https://registry.npmjs.org/@humanfs/core/-/core-0.19.2.tgz 3553ms (cache miss)
3371 http fetch GET 200 https://registry.npmjs.org/call-bind-apply-helpers/-/call-bind-apply-helpers-1.0.2.tgz 3638ms (cache miss)
3372 http fetch GET 200 https://registry.npmjs.org/baseline-browser-mapping/-/baseline-browser-mapping-2.10.42.tgz 3556ms (cache miss)
3373 http fetch GET 200 https://registry.npmjs.org/electron-to-chromium/-/electron-to-chromium-1.5.387.tgz 3568ms (cache miss)
3374 http fetch GET 200 https://registry.npmjs.org/source-map-js/-/source-map-js-1.2.1.tgz 3827ms (cache miss)
3375 http fetch GET 200 https://registry.npmjs.org/@typescript-eslint/types/-/types-8.62.1.tgz 3673ms (cache miss)
3376 http fetch GET 200 https://registry.npmjs.org/@eslint-community/eslint-utils/-/eslint-utils-4.9.1.tgz 3832ms (cache miss)
3377 http fetch GET 200 https://registry.npmjs.org/object.assign/-/object.assign-4.1.7.tgz 3992ms (cache miss)
3378 http fetch GET 200 https://registry.npmjs.org/eslint-import-resolver-typescript/-/eslint-import-resolver-typescript-3.10.1.tgz 3914ms (cache miss)
3379 http fetch GET 200 https://registry.npmjs.org/es-to-primitive/-/es-to-primitive-1.3.4.tgz 3942ms (cache miss)
3380 http fetch GET 200 https://registry.npmjs.org/minimist/-/minimist-1.2.8.tgz 4178ms (cache miss)
3381 http fetch GET 200 https://registry.npmjs.org/browserslist/-/browserslist-4.28.4.tgz 3859ms (cache miss)
3382 http fetch GET 200 https://registry.npmjs.org/eslint-scope/-/eslint-scope-8.4.0.tgz 3919ms (cache miss)
3383 http fetch GET 200 https://registry.npmjs.org/eslint-config-next/-/eslint-config-next-15.5.20.tgz 3888ms (cache miss)
3384 http fetch GET 200 https://registry.npmjs.org/nanoid/-/nanoid-3.3.15.tgz 4168ms (cache miss)
3385 http fetch GET 200 https://registry.npmjs.org/@emnapi/runtime/-/runtime-1.11.2.tgz 4200ms (cache miss)
3386 http fetch GET 200 https://registry.npmjs.org/@types/react-dom/-/react-dom-19.2.3.tgz 4000ms (cache miss)
3387 http fetch GET 200 https://registry.npmjs.org/@jridgewell/sourcemap-codec/-/sourcemap-codec-1.5.5.tgz 4355ms (cache miss)
3388 http fetch GET 200 https://registry.npmjs.org/eslint-module-utils/-/eslint-module-utils-2.14.0.tgz 4180ms (cache miss)
3389 http fetch GET 200 https://registry.npmjs.org/@eslint/plugin-kit/-/plugin-kit-0.4.1.tgz 4104ms (cache miss)
3390 http fetch GET 200 https://registry.npmjs.org/styled-jsx/-/styled-jsx-5.1.6.tgz 4343ms (cache miss)
3391 http fetch GET 200 https://registry.npmjs.org/csstype/-/csstype-3.2.3.tgz 4145ms (cache miss)
3392 http fetch GET 200 https://registry.npmjs.org/math-intrinsics/-/math-intrinsics-1.1.0.tgz 4350ms (cache miss)
3393 http fetch GET 200 https://registry.npmjs.org/@jridgewell/gen-mapping/-/gen-mapping-0.3.13.tgz 4557ms (cache miss)
3394 http fetch GET 200 https://registry.npmjs.org/esquery/-/esquery-1.7.0.tgz 4282ms (cache miss)
3395 http fetch GET 200 https://registry.npmjs.org/@nodelib/fs.walk/-/fs.walk-1.2.8.tgz 4481ms (cache miss)
3396 http fetch GET 200 https://registry.npmjs.org/glob-parent/-/glob-parent-5.1.2.tgz 4304ms (cache miss)
3397 http fetch GET 200 https://registry.npmjs.org/@humanfs/node/-/node-0.16.8.tgz 4362ms (cache miss)
3398 http fetch GET 200 https://registry.npmjs.org/object-inspect/-/object-inspect-1.13.4.tgz 4528ms (cache miss)
3399 http fetch GET 200 https://registry.npmjs.org/@unrs/resolver-binding-win32-x64-msvc/-/resolver-binding-win32-x64-msvc-1.12.2.tgz 4691ms (cache miss)
3400 http fetch GET 200 https://registry.npmjs.org/jiti/-/jiti-1.21.7.tgz 4669ms (cache miss)
3401 http fetch GET 200 https://registry.npmjs.org/semver/-/semver-6.3.1.tgz 4410ms (cache miss)
3402 http fetch GET 200 https://registry.npmjs.org/language-subtag-registry/-/language-subtag-registry-0.3.23.tgz 4688ms (cache miss)
3403 http fetch GET 200 https://registry.npmjs.org/undici-types/-/undici-types-6.21.0.tgz 4478ms (cache miss)
3404 http fetch GET 200 https://registry.npmjs.org/react/-/react-19.2.7.tgz 4499ms (cache miss)
3405 http fetch GET 200 https://registry.npmjs.org/sharp/-/sharp-0.34.5.tgz 4858ms (cache miss)
3406 http fetch GET 200 https://registry.npmjs.org/postcss-selector-parser/-/postcss-selector-parser-6.1.4.tgz 5063ms (cache miss)
3407 http fetch GET 200 https://registry.npmjs.org/@jridgewell/trace-mapping/-/trace-mapping-0.3.31.tgz 5100ms (cache miss)
3408 http fetch GET 200 https://registry.npmjs.org/fraction.js/-/fraction.js-5.3.4.tgz 4797ms (cache miss)
3409 http fetch GET 200 https://registry.npmjs.org/@typescript-eslint/type-utils/-/type-utils-8.62.1.tgz 4960ms (cache miss)
3410 http fetch GET 200 https://registry.npmjs.org/glob-parent/-/glob-parent-5.1.2.tgz 4869ms (cache miss)
3411 http fetch GET 200 https://registry.npmjs.org/semver/-/semver-7.8.5.tgz 5005ms (cache miss)
3412 http fetch GET 200 https://registry.npmjs.org/eslint-visitor-keys/-/eslint-visitor-keys-5.0.1.tgz 4924ms (cache miss)
3413 http fetch GET 200 https://registry.npmjs.org/fdir/-/fdir-6.5.0.tgz 4931ms (cache miss)
3414 http fetch GET 200 https://registry.npmjs.org/semver/-/semver-6.3.1.tgz 4934ms (cache miss)
3415 http fetch GET 200 https://registry.npmjs.org/js-yaml/-/js-yaml-4.3.0.tgz 5038ms (cache miss)
3416 http fetch GET 200 https://registry.npmjs.org/semver/-/semver-6.3.1.tgz 5034ms (cache miss)
3417 http fetch GET 200 https://registry.npmjs.org/axe-core/-/axe-core-4.12.1.tgz 5276ms (cache miss)
3418 http fetch GET 200 https://registry.npmjs.org/brace-expansion/-/brace-expansion-5.0.7.tgz 5229ms (cache miss)
3419 http fetch GET 200 https://registry.npmjs.org/uri-js/-/uri-js-4.4.1.tgz 5392ms (cache miss)
3420 http fetch GET 200 https://registry.npmjs.org/@next/eslint-plugin-next/-/eslint-plugin-next-15.5.20.tgz 5421ms (cache miss)
3421 http fetch GET 200 https://registry.npmjs.org/fast-glob/-/fast-glob-3.3.1.tgz 5436ms (cache miss)
3422 http fetch GET 200 https://registry.npmjs.org/postcss/-/postcss-8.5.16.tgz 5419ms (cache miss)
3423 http fetch GET 200 https://registry.npmjs.org/tsconfig-paths/-/tsconfig-paths-3.15.0.tgz 5779ms (cache miss)
3424 http fetch GET 200 https://registry.npmjs.org/balanced-match/-/balanced-match-4.0.4.tgz 5649ms (cache miss)
3425 http fetch GET 200 https://registry.npmjs.org/@types/react/-/react-19.2.17.tgz 5722ms (cache miss)
3426 http fetch GET 200 https://registry.npmjs.org/debug/-/debug-3.2.7.tgz 5748ms (cache miss)
3427 http fetch GET 200 https://registry.npmjs.org/eslint-visitor-keys/-/eslint-visitor-keys-3.4.3.tgz 5792ms (cache miss)
3428 http fetch GET 200 https://registry.npmjs.org/debug/-/debug-3.2.7.tgz 5811ms (cache miss)
3429 http fetch GET 200 https://registry.npmjs.org/glob-parent/-/glob-parent-5.1.2.tgz 5856ms (cache miss)
3430 http fetch GET 200 https://registry.npmjs.org/@typescript-eslint/typescript-estree/-/typescript-estree-8.62.1.tgz 6101ms (cache miss)
3431 http fetch GET 200 https://registry.npmjs.org/@typescript-eslint/utils/-/utils-8.62.1.tgz 6161ms (cache miss)
3432 http fetch GET 200 https://registry.npmjs.org/autoprefixer/-/autoprefixer-10.5.2.tgz 6179ms (cache miss)
3433 http fetch GET 200 https://registry.npmjs.org/@types/node/-/node-22.20.0.tgz 6239ms (cache miss)
3434 http fetch GET 200 https://registry.npmjs.org/ajv/-/ajv-6.15.0.tgz 6360ms (cache miss)
3435 http fetch GET 200 https://registry.npmjs.org/react-dom/-/react-dom-19.2.7.tgz 6396ms (cache miss)
3436 http fetch GET 200 https://registry.npmjs.org/ignore/-/ignore-7.0.5.tgz 6379ms (cache miss)
3437 http fetch GET 200 https://registry.npmjs.org/es-iterator-helpers/-/es-iterator-helpers-1.3.3.tgz 6616ms (cache miss)
3438 http fetch GET 200 https://registry.npmjs.org/postcss 6181ms (cache miss)
3439 silly packumentCache corgi:https://registry.npmjs.org/postcss set size:undefined disposed:false
3440 silly packumentCache corgi:https://registry.npmjs.org/next cache-miss
3441 http fetch GET 200 https://registry.npmjs.org/jsx-ast-utils/-/jsx-ast-utils-3.3.5.tgz 6682ms (cache miss)
3442 http fetch GET 200 https://registry.npmjs.org/@eslint/eslintrc/-/eslintrc-3.3.5.tgz 6612ms (cache miss)
3443 http fetch GET 200 https://registry.npmjs.org/resolve/-/resolve-2.0.0-next.7.tgz 6792ms (cache miss)
3444 http fetch GET 200 https://registry.npmjs.org/postcss/-/postcss-8.4.31.tgz 6705ms (cache miss)
3445 http fetch GET 200 https://registry.npmjs.org/resolve/-/resolve-1.22.12.tgz 6797ms (cache miss)
3446 http fetch GET 200 https://registry.npmjs.org/minimatch/-/minimatch-10.2.5.tgz 6800ms (cache miss)
3447 http fetch GET 200 https://registry.npmjs.org/debug/-/debug-3.2.7.tgz 6864ms (cache miss)
3448 http fetch GET 200 https://registry.npmjs.org/fast-glob/-/fast-glob-3.3.3.tgz 7045ms (cache miss)
3449 http fetch GET 200 https://registry.npmjs.org/@rushstack/eslint-patch/-/eslint-patch-1.16.1.tgz 7201ms (cache miss)
3450 http fetch GET 200 https://registry.npmjs.org/axobject-query/-/axobject-query-4.1.0.tgz 7560ms (cache miss)
3451 http fetch GET 200 https://registry.npmjs.org/resolve/-/resolve-1.22.12.tgz 7520ms (cache miss)
3452 http fetch GET 200 https://registry.npmjs.org/picomatch/-/picomatch-4.0.5.tgz 7607ms (cache miss)
3453 http fetch GET 200 https://registry.npmjs.org/aria-query/-/aria-query-5.3.2.tgz 8174ms (cache miss)
3454 http fetch GET 200 https://registry.npmjs.org/sucrase/-/sucrase-3.35.1.tgz 8355ms (cache miss)
3455 http fetch GET 200 https://registry.npmjs.org/eslint-plugin-jsx-a11y/-/eslint-plugin-jsx-a11y-6.10.2.tgz 8366ms (cache miss)
3456 http fetch GET 200 https://registry.npmjs.org/tailwindcss/-/tailwindcss-3.4.19.tgz 8666ms (cache miss)
3457 http fetch GET 200 https://registry.npmjs.org/@img/sharp-win32-x64/-/sharp-win32-x64-0.34.5.tgz 9029ms (cache miss)
3458 http fetch GET 200 https://registry.npmjs.org/@swc/helpers/-/helpers-0.5.15.tgz 9299ms (cache miss)
3459 http fetch GET 200 https://registry.npmjs.org/@eslint/config-array/-/config-array-0.21.2.tgz 9133ms (cache miss)
3460 http fetch GET 200 https://registry.npmjs.org/@typescript-eslint/scope-manager/-/scope-manager-8.62.1.tgz 9332ms (cache miss)
3461 http fetch GET 200 https://registry.npmjs.org/@eslint-community/regexpp/-/regexpp-4.12.2.tgz 9350ms (cache miss)
3462 http fetch GET 200 https://registry.npmjs.org/eslint-plugin-import/-/eslint-plugin-import-2.32.0.tgz 9542ms (cache miss)
3463 http fetch GET 200 https://registry.npmjs.org/eslint-plugin-react/-/eslint-plugin-react-7.37.5.tgz 9726ms (cache miss)
3464 http fetch GET 200 https://registry.npmjs.org/next 3367ms (cache miss)
3465 silly packumentCache corgi:https://registry.npmjs.org/next set size:undefined disposed:false
3466 http fetch GET 200 https://registry.npmjs.org/@typescript-eslint/eslint-plugin/-/eslint-plugin-8.62.1.tgz 11333ms (cache miss)
3467 http fetch GET 200 https://registry.npmjs.org/eslint/-/eslint-9.39.4.tgz 11550ms (cache miss)
3468 http fetch GET 200 https://registry.npmjs.org/caniuse-lite/-/caniuse-lite-1.0.30001800.tgz 13036ms (cache miss)
3469 http fetch GET 200 https://registry.npmjs.org/typescript/-/typescript-5.9.3.tgz 13042ms (cache miss)
3470 http fetch GET 200 https://registry.npmjs.org/es-abstract/-/es-abstract-1.24.2.tgz 17579ms (cache miss)
3471 http fetch GET 200 https://registry.npmjs.org/@next/swc-win32-x64-msvc/-/swc-win32-x64-msvc-15.5.20.tgz 23334ms (cache miss)
3472 http fetch GET 200 https://registry.npmjs.org/lucide-react/-/lucide-react-0.468.0.tgz 24578ms (cache miss)
3473 http fetch GET 200 https://registry.npmjs.org/next/-/next-15.5.20.tgz 41178ms (cache miss)
3474 info run sharp@0.34.5 install node_modules/sharp node install/check.js || npm run build
3475 info run sharp@0.34.5 install { code: 0, signal: null }
3476 info run unrs-resolver@1.12.2 postinstall node_modules/unrs-resolver node postinstall.js
3477 info run unrs-resolver@1.12.2 postinstall { code: 0, signal: null }
3478 silly ADD node_modules/is-weakset
3479 silly ADD node_modules/is-weakmap
3480 silly ADD node_modules/is-map
3481 silly ADD node_modules/generator-function
3482 silly ADD node_modules/async-function
3483 silly ADD node_modules/which-collection
3484 silly ADD node_modules/is-generator-function
3485 silly ADD node_modules/is-finalizationregistry
3486 silly ADD node_modules/is-async-function
3487 silly ADD node_modules/is-number-object
3488 silly ADD node_modules/is-boolean-object
3489 silly ADD node_modules/is-bigint
3490 silly ADD node_modules/isexe
3491 silly ADD node_modules/punycode
3492 silly ADD node_modules/escalade
3493 silly ADD node_modules/napi-postinstall
3494 silly ADD node_modules/@unrs/resolver-binding-win32-x64-msvc
3495 silly ADD node_modules/which-boxed-primitive
3496 silly ADD node_modules/has-bigints
3497 silly ADD node_modules/which-builtin-type
3498 silly ADD node_modules/reflect.getprototypeof
3499 silly ADD node_modules/for-each
3500 silly ADD node_modules/strip-bom
3501 silly ADD node_modules/minimist
3502 silly ADD node_modules/json5
3503 silly ADD node_modules/@types/json5
3504 silly ADD node_modules/is-number
3505 silly ADD node_modules/thenify
3506 silly ADD node_modules/thenify-all
3507 silly ADD node_modules/any-promise
3508 silly ADD node_modules/@jridgewell/resolve-uri
3509 silly ADD node_modules/@jridgewell/trace-mapping
3510 silly ADD node_modules/@jridgewell/sourcemap-codec
3511 silly ADD node_modules/ts-interface-checker
3512 silly ADD node_modules/pirates
3513 silly ADD node_modules/mz
3514 silly ADD node_modules/lines-and-columns
3515 silly ADD node_modules/commander
3516 silly ADD node_modules/@jridgewell/gen-mapping
3517 silly ADD node_modules/pify
3518 silly ADD node_modules/util-deprecate
3519 silly ADD node_modules/cssesc
3520 silly ADD node_modules/camelcase-css
3521 silly ADD node_modules/read-cache
3522 silly ADD node_modules/binary-extensions
3523 silly ADD node_modules/readdirp
3524 silly ADD node_modules/is-binary-path
3525 silly ADD node_modules/anymatch
3526 silly ADD node_modules/sucrase
3527 silly ADD node_modules/postcss-selector-parser
3528 silly ADD node_modules/postcss-nested
3529 silly ADD node_modules/postcss-load-config
3530 silly ADD node_modules/postcss-js
3531 silly ADD node_modules/postcss-import
3532 silly ADD node_modules/postcss-import/node_modules/resolve
3533 silly ADD node_modules/object-hash
3534 silly ADD node_modules/normalize-path
3535 silly ADD node_modules/lilconfig
3536 silly ADD node_modules/jiti
3537 silly ADD node_modules/dlv
3538 silly ADD node_modules/didyoumean
3539 silly ADD node_modules/chokidar
3540 silly ADD node_modules/chokidar/node_modules/glob-parent
3541 silly ADD node_modules/arg
3542 silly ADD node_modules/@alloc/quick-lru
3543 silly ADD node_modules/has-flag
3544 silly ADD node_modules/client-only
3545 silly ADD node_modules/side-channel-weakmap
3546 silly ADD node_modules/side-channel-map
3547 silly ADD node_modules/side-channel-list
3548 silly ADD node_modules/shebang-regex
3549 silly ADD node_modules/@emnapi/runtime
3550 silly ADD node_modules/detect-libc
3551 silly ADD node_modules/@img/sharp-win32-x64
3552 silly ADD node_modules/@img/colour
3553 silly ADD node_modules/isarray
3554 silly ADD node_modules/queue-microtask
3555 silly ADD node_modules/supports-preserve-symlinks-flag
3556 silly ADD node_modules/path-parse
3557 silly ADD node_modules/node-exports-info
3558 silly ADD node_modules/node-exports-info/node_modules/semver
3559 silly ADD node_modules/scheduler
3560 silly ADD node_modules/js-tokens
3561 silly ADD node_modules/react-is
3562 silly ADD node_modules/object-assign
3563 silly ADD node_modules/loose-envify
3564 silly ADD node_modules/source-map-js
3565 silly ADD node_modules/nanoid
3566 silly ADD node_modules/callsites
3567 silly ADD node_modules/yocto-queue
3568 silly ADD node_modules/p-limit
3569 silly ADD node_modules/word-wrap
3570 silly ADD node_modules/fast-levenshtein
3571 silly ADD node_modules/deep-is
3572 silly ADD node_modules/tslib
3573 silly ADD node_modules/styled-jsx
3574 silly ADD node_modules/sharp
3575 silly ADD node_modules/@swc/helpers
3576 silly ADD node_modules/@next/swc-win32-x64-msvc
3577 silly ADD node_modules/@next/env
3578 silly ADD node_modules/concat-map
3579 silly ADD node_modules/balanced-match
3580 silly ADD node_modules/brace-expansion
3581 silly ADD node_modules/to-regex-range
3582 silly ADD node_modules/fill-range
3583 silly ADD node_modules/picomatch
3584 silly ADD node_modules/braces
3585 silly ADD node_modules/p-locate
3586 silly ADD node_modules/type-check
3587 silly ADD node_modules/prelude-ls
3588 silly ADD node_modules/language-subtag-registry
3589 silly ADD node_modules/json-buffer
3590 silly ADD node_modules/argparse
3591 silly ADD node_modules/set-function-name
3592 silly ADD node_modules/is-extglob
3593 silly ADD node_modules/side-channel
3594 silly ADD node_modules/resolve-from
3595 silly ADD node_modules/parent-module
3596 silly ADD node_modules/resolve-pkg-maps
3597 silly ADD node_modules/dunder-proto
3598 silly ADD node_modules/is-document.all
3599 silly ADD node_modules/functions-have-names
3600 silly ADD node_modules/keyv
3601 silly ADD node_modules/flatted
3602 silly ADD node_modules/path-exists
3603 silly ADD node_modules/locate-path
3604 silly ADD node_modules/flat-cache
3605 silly ADD node_modules/reusify
3606 silly ADD node_modules/run-parallel
3607 silly ADD node_modules/fastq
3608 silly ADD node_modules/@nodelib/fs.scandir
3609 silly ADD node_modules/micromatch
3610 silly ADD node_modules/merge2
3611 silly ADD node_modules/@nodelib/fs.walk
3612 silly ADD node_modules/@nodelib/fs.stat
3613 silly ADD node_modules/acorn-jsx
3614 silly ADD node_modules/acorn
3615 silly ADD node_modules/esrecurse
3616 silly ADD node_modules/iterator.prototype
3617 silly ADD node_modules/string.prototype.repeat
3618 silly ADD node_modules/string.prototype.matchall
3619 silly ADD node_modules/prop-types
3620 silly ADD node_modules/object.entries
3621 silly ADD node_modules/estraverse
3622 silly ADD node_modules/es-iterator-helpers
3623 silly ADD node_modules/array.prototype.tosorted
3624 silly ADD node_modules/array.prototype.findlast
3625 silly ADD node_modules/string.prototype.includes
3626 silly ADD node_modules/language-tags
3627 silly ADD node_modules/jsx-ast-utils
3628 silly ADD node_modules/emoji-regex
3629 silly ADD node_modules/damerau-levenshtein
3630 silly ADD node_modules/axobject-query
3631 silly ADD node_modules/axe-core
3632 silly ADD node_modules/ast-types-flow
3633 silly ADD node_modules/aria-query
3634 silly ADD node_modules/is-symbol
3635 silly ADD node_modules/is-date-object
3636 silly ADD node_modules/es-abstract-get
3637 silly ADD node_modules/has-tostringtag
3638 silly ADD node_modules/possible-typed-array-names
3639 silly ADD node_modules/which-typed-array
3640 silly ADD node_modules/unbox-primitive
3641 silly ADD node_modules/typed-array-length
3642 silly ADD node_modules/typed-array-byte-offset
3643 silly ADD node_modules/typed-array-byte-length
3644 silly ADD node_modules/typed-array-buffer
3645 silly ADD node_modules/string.prototype.trimstart
3646 silly ADD node_modules/string.prototype.trim
3647 silly ADD node_modules/stop-iteration-iterator
3648 silly ADD node_modules/set-proto
3649 silly ADD node_modules/safe-regex-test
3650 silly ADD node_modules/safe-push-apply
3651 silly ADD node_modules/safe-array-concat
3652 silly ADD node_modules/regexp.prototype.flags
3653 silly ADD node_modules/own-keys
3654 silly ADD node_modules/object.assign
3655 silly ADD node_modules/object-inspect
3656 silly ADD node_modules/is-weakref
3657 silly ADD node_modules/is-typed-array
3658 silly ADD node_modules/is-shared-array-buffer
3659 silly ADD node_modules/is-set
3660 silly ADD node_modules/is-regex
3661 silly ADD node_modules/is-negative-zero
3662 silly ADD node_modules/is-data-view
3663 silly ADD node_modules/is-callable
3664 silly ADD node_modules/is-array-buffer
3665 silly ADD node_modules/internal-slot
3666 silly ADD node_modules/has-symbols
3667 silly ADD node_modules/has-proto
3668 silly ADD node_modules/globalthis
3669 silly ADD node_modules/get-symbol-description
3670 silly ADD node_modules/get-proto
3671 silly ADD node_modules/function.prototype.name
3672 silly ADD node_modules/es-to-primitive
3673 silly ADD node_modules/es-set-tostringtag
3674 silly ADD node_modules/data-view-byte-offset
3675 silly ADD node_modules/data-view-byte-length
3676 silly ADD node_modules/data-view-buffer
3677 silly ADD node_modules/available-typed-arrays
3678 silly ADD node_modules/arraybuffer.prototype.slice
3679 silly ADD node_modules/array-buffer-byte-length
3680 silly ADD node_modules/gopd
3681 silly ADD node_modules/object-keys
3682 silly ADD node_modules/has-property-descriptors
3683 silly ADD node_modules/define-data-property
3684 silly ADD node_modules/function-bind
3685 silly ADD node_modules/set-function-length
3686 silly ADD node_modules/es-define-property
3687 silly ADD node_modules/call-bind-apply-helpers
3688 silly ADD node_modules/es-shim-unscopables
3689 silly ADD node_modules/es-errors
3690 silly ADD node_modules/math-intrinsics
3691 silly ADD node_modules/is-string
3692 silly ADD node_modules/get-intrinsic
3693 silly ADD node_modules/es-object-atoms
3694 silly ADD node_modules/es-abstract
3695 silly ADD node_modules/define-properties
3696 silly ADD node_modules/call-bound
3697 silly ADD node_modules/call-bind
3698 silly ADD node_modules/tsconfig-paths
3699 silly ADD node_modules/string.prototype.trimend
3700 silly ADD node_modules/object.values
3701 silly ADD node_modules/object.groupby
3702 silly ADD node_modules/object.fromentries
3703 silly ADD node_modules/hasown
3704 silly ADD node_modules/eslint-module-utils
3705 silly ADD node_modules/eslint-module-utils/node_modules/debug
3706 silly ADD node_modules/doctrine
3707 silly ADD node_modules/array.prototype.flatmap
3708 silly ADD node_modules/array.prototype.flat
3709 silly ADD node_modules/array.prototype.findlastindex
3710 silly ADD node_modules/array-includes
3711 silly ADD node_modules/@rtsao/scc
3712 silly ADD node_modules/unrs-resolver
3713 silly ADD node_modules/stable-hash
3714 silly ADD node_modules/is-bun-module
3715 silly ADD node_modules/get-tsconfig
3716 silly ADD node_modules/@nolyfill/is-core-module
3717 silly ADD node_modules/resolve
3718 silly ADD node_modules/is-core-module
3719 silly ADD node_modules/tinyglobby
3720 silly ADD node_modules/tinyglobby/node_modules/picomatch
3721 silly ADD node_modules/tinyglobby/node_modules/fdir
3722 silly ADD node_modules/semver
3723 silly ADD node_modules/@typescript-eslint/tsconfig-utils
3724 silly ADD node_modules/@typescript-eslint/project-service
3725 silly ADD node_modules/@typescript-eslint/typescript-estree
3726 silly ADD node_modules/@typescript-eslint/typescript-estree/node_modules/balanced-match
3727 silly ADD node_modules/@typescript-eslint/typescript-estree/node_modules/brace-expansion
3728 silly ADD node_modules/@typescript-eslint/typescript-estree/node_modules/minimatch
3729 silly ADD node_modules/@typescript-eslint/types
3730 silly ADD node_modules/ts-api-utils
3731 silly ADD node_modules/@typescript-eslint/visitor-keys
3732 silly ADD node_modules/@typescript-eslint/visitor-keys/node_modules/eslint-visitor-keys
3733 silly ADD node_modules/@typescript-eslint/utils
3734 silly ADD node_modules/@typescript-eslint/type-utils
3735 silly ADD node_modules/@typescript-eslint/scope-manager
3736 silly ADD node_modules/fast-glob
3737 silly ADD node_modules/fast-glob/node_modules/glob-parent
3738 silly ADD node_modules/eslint-plugin-react-hooks
3739 silly ADD node_modules/eslint-plugin-react
3740 silly ADD node_modules/eslint-plugin-react/node_modules/semver
3741 silly ADD node_modules/eslint-plugin-jsx-a11y
3742 silly ADD node_modules/eslint-plugin-import
3743 silly ADD node_modules/eslint-plugin-import/node_modules/semver
3744 silly ADD node_modules/eslint-plugin-import/node_modules/debug
3745 silly ADD node_modules/eslint-import-resolver-typescript
3746 silly ADD node_modules/eslint-import-resolver-node
3747 silly ADD node_modules/eslint-import-resolver-node/node_modules/debug
3748 silly ADD node_modules/@typescript-eslint/parser
3749 silly ADD node_modules/@typescript-eslint/eslint-plugin
3750 silly ADD node_modules/@typescript-eslint/eslint-plugin/node_modules/ignore
3751 silly ADD node_modules/@rushstack/eslint-patch
3752 silly ADD node_modules/@next/eslint-plugin-next
3753 silly ADD node_modules/ms
3754 silly ADD node_modules/which
3755 silly ADD node_modules/shebang-command
3756 silly ADD node_modules/path-key
3757 silly ADD node_modules/color-name
3758 silly ADD node_modules/color-convert
3759 silly ADD node_modules/supports-color
3760 silly ADD node_modules/ansi-styles
3761 silly ADD node_modules/uri-js
3762 silly ADD node_modules/json-schema-traverse
3763 silly ADD node_modules/fast-json-stable-stringify
3764 silly ADD node_modules/@humanfs/types
3765 silly ADD node_modules/@humanfs/core
3766 silly ADD node_modules/levn
3767 silly ADD node_modules/strip-json-comments
3768 silly ADD node_modules/js-yaml
3769 silly ADD node_modules/import-fresh
3770 silly ADD node_modules/globals
3771 silly ADD node_modules/@types/json-schema
3772 silly ADD node_modules/@eslint/object-schema
3773 silly ADD node_modules/optionator
3774 silly ADD node_modules/natural-compare
3775 silly ADD node_modules/minimatch
3776 silly ADD node_modules/lodash.merge
3777 silly ADD node_modules/json-stable-stringify-without-jsonify
3778 silly ADD node_modules/is-glob
3779 silly ADD node_modules/imurmurhash
3780 silly ADD node_modules/ignore
3781 silly ADD node_modules/glob-parent
3782 silly ADD node_modules/find-up
3783 silly ADD node_modules/file-entry-cache
3784 silly ADD node_modules/fast-deep-equal
3785 silly ADD node_modules/esutils
3786 silly ADD node_modules/esquery
3787 silly ADD node_modules/espree
3788 silly ADD node_modules/eslint-visitor-keys
3789 silly ADD node_modules/eslint-scope
3790 silly ADD node_modules/escape-string-regexp
3791 silly ADD node_modules/debug
3792 silly ADD node_modules/cross-spawn
3793 silly ADD node_modules/chalk
3794 silly ADD node_modules/ajv
3795 silly ADD node_modules/@types/estree
3796 silly ADD node_modules/@humanwhocodes/retry
3797 silly ADD node_modules/@humanwhocodes/module-importer
3798 silly ADD node_modules/@humanfs/node
3799 silly ADD node_modules/@eslint/plugin-kit
3800 silly ADD node_modules/@eslint/js
3801 silly ADD node_modules/@eslint/eslintrc
3802 silly ADD node_modules/@eslint/core
3803 silly ADD node_modules/@eslint/config-helpers
3804 silly ADD node_modules/@eslint/config-array
3805 silly ADD node_modules/@eslint-community/regexpp
3806 silly ADD node_modules/@eslint-community/eslint-utils
3807 silly ADD node_modules/@eslint-community/eslint-utils/node_modules/eslint-visitor-keys
3808 silly ADD node_modules/update-browserslist-db
3809 silly ADD node_modules/node-releases
3810 silly ADD node_modules/electron-to-chromium
3811 silly ADD node_modules/baseline-browser-mapping
3812 silly ADD node_modules/postcss-value-parser
3813 silly ADD node_modules/picocolors
3814 silly ADD node_modules/fraction.js
3815 silly ADD node_modules/caniuse-lite
3816 silly ADD node_modules/browserslist
3817 silly ADD node_modules/csstype
3818 silly ADD node_modules/undici-types
3819 silly ADD node_modules/typescript
3820 silly ADD node_modules/tailwindcss
3821 silly ADD node_modules/tailwindcss/node_modules/resolve
3822 silly ADD node_modules/tailwindcss/node_modules/fast-glob
3823 silly ADD node_modules/tailwindcss/node_modules/fast-glob/node_modules/glob-parent
3824 silly ADD node_modules/react-dom
3825 silly ADD node_modules/next
3826 silly ADD node_modules/next/node_modules/postcss
3827 silly ADD node_modules/react
3828 silly ADD node_modules/lucide-react
3829 silly ADD node_modules/eslint-config-next
3830 silly ADD node_modules/eslint
3831 silly ADD node_modules/postcss
3832 silly ADD node_modules/autoprefixer
3833 silly ADD node_modules/@types/react-dom
3834 silly ADD node_modules/@types/react
3835 silly ADD node_modules/@types/node
3836 verbose cwd C:\Users\ASUS\Documents\Codex\2026-07-06\https-www-lakesidehotel-co-uk
3837 verbose os Windows_NT 10.0.26200
3838 verbose node v24.12.0
3839 verbose npm  v11.6.2
3840 notice
3840 notice New minor version of npm available! 11.6.2 -> 11.18.0
3840 notice Changelog: https://github.com/npm/cli/releases/tag/v11.18.0
3840 notice To update run: npm install -g npm@11.18.0
3840 notice  { force: true, Symbol(proc-log.meta): true }
3841 verbose exit 0
3842 info ok
